language,workload,commands,run,time_seconds,commands_per_second,p50_ms,p95_ms,p99_ms,max_ms
python,small_high_cardinality,1000,1,0.1661,6018.90,0.07120,0.11880,0.15180,79.24060
python,small_high_cardinality,1000,2,0.1471,6798.54,0.05780,0.09080,0.11140,74.68200
python,small_high_cardinality,1000,3,0.1381,7238.78,0.05490,0.08270,0.11000,69.75940
python,small_high_cardinality,1000,4,0.1563,6396.46,0.05820,0.09820,0.15040,78.90850
python,small_high_cardinality,1000,5,0.1630,6136.74,0.06160,0.09540,0.13250,84.50690
python,small_high_cardinality,1000,6,0.1658,6029.96,0.06120,0.09360,0.11300,85.71570
python,small_high_cardinality,1000,7,0.1687,5927.90,0.06080,0.08840,0.11270,90.17280
python,small_high_cardinality,1000,8,0.1640,6096.79,0.05870,0.09480,0.12910,87.35420
python,small_high_cardinality,1000,9,0.1636,6113.92,0.05640,0.08370,0.11430,92.58470
python,small_high_cardinality,1000,10,0.1636,6112.99,0.05990,0.10450,0.15300,83.37940
python,small_high_cardinality,1000,11,0.1662,6015.88,0.05830,0.08700,0.13350,91.41520
python,small_high_cardinality,1000,12,0.1680,5952.96,0.05940,0.08820,0.12090,89.34350
python,small_high_cardinality,1000,13,0.1550,6452.54,0.05760,0.08250,0.12610,81.99940
python,small_high_cardinality,1000,14,0.1623,6162.11,0.05990,0.09560,0.12590,86.80700
python,small_high_cardinality,1000,15,0.1623,6161.84,0.05950,0.09740,0.12350,84.78850
python,small_high_cardinality,1000,16,0.1665,6007.10,0.05920,0.09170,0.12680,90.37860
python,small_high_cardinality,1000,17,0.1593,6276.98,0.05610,0.08540,0.11300,85.20990
python,small_high_cardinality,1000,18,0.1548,6461.48,0.05590,0.08650,0.10950,83.76640
python,small_high_cardinality,1000,19,0.1569,6374.65,0.05700,0.08780,0.11830,84.71500
python,small_high_cardinality,1000,20,0.1719,5817.16,0.05920,0.08950,0.12580,95.63440
python,small_high_cardinality,1000,21,0.1664,6009.82,0.06100,0.09350,0.11460,88.40500
python,small_high_cardinality,1000,22,0.1759,5685.95,0.06050,0.09900,0.13330,95.85710
python,small_high_cardinality,1000,23,0.1578,6338.44,0.05800,0.08630,0.11610,83.31080
python,small_high_cardinality,1000,24,0.1631,6129.79,0.05890,0.09350,0.12590,88.02690
python,small_high_cardinality,1000,25,0.1591,6283.63,0.05770,0.08760,0.12160,85.76450
python,small_high_cardinality,1000,26,0.1630,6133.35,0.05700,0.09760,0.13660,87.04780
python,small_high_cardinality,1000,27,0.1848,5411.89,0.06510,0.10890,0.14590,97.66790
python,small_high_cardinality,1000,28,0.1759,5684.22,0.06240,0.09360,0.12520,93.99610
python,small_high_cardinality,1000,29,0.1667,5998.60,0.05920,0.08640,0.10800,89.27950
python,small_high_cardinality,1000,30,0.1611,6206.93,0.05890,0.08560,0.12020,86.46230
python,small_high_cardinality,1000,31,0.1704,5870.00,0.05970,0.09080,0.12430,94.35170
python,small_high_cardinality,1000,32,0.1669,5992.43,0.05920,0.09140,0.12370,91.73600
python,small_high_cardinality,1000,33,0.1660,6024.80,0.06030,0.09600,0.12830,86.99410
python,small_high_cardinality,1000,34,0.1644,6081.49,0.05910,0.09000,0.11510,89.40350
python,small_high_cardinality,1000,35,0.1625,6155.30,0.05820,0.08890,0.11670,85.31190
python,small_high_cardinality,1000,36,0.1558,6417.53,0.05730,0.08470,0.10940,82.77050
python,small_high_cardinality,1000,37,0.1599,6252.61,0.05820,0.09200,0.12880,85.28720
python,small_high_cardinality,1000,38,0.1594,6275.33,0.05940,0.09290,0.11570,83.16270
python,small_high_cardinality,1000,39,0.1749,5716.66,0.06090,0.10080,0.15380,90.91450
python,small_high_cardinality,1000,40,0.1698,5890.04,0.06030,0.09420,0.11400,89.74010
python,small_high_cardinality,1000,41,0.1752,5709.31,0.06250,0.08930,0.11580,93.95570
python,small_high_cardinality,1000,42,0.1838,5441.74,0.06320,0.08840,0.11370,99.88830
python,small_high_cardinality,1000,43,0.1811,5520.88,0.06180,0.09240,0.12180,99.56880
python,small_high_cardinality,1000,44,0.1647,6072.31,0.06010,0.08670,0.12010,87.98760
python,small_high_cardinality,1000,45,0.1732,5774.67,0.06130,0.10080,0.13810,95.21950
python,small_high_cardinality,1000,46,0.1677,5964.80,0.06020,0.09200,0.12600,90.43590
python,small_high_cardinality,1000,47,0.1638,6104.89,0.05900,0.09100,0.12640,88.51280
python,small_high_cardinality,1000,48,0.1571,6363.89,0.05620,0.08370,0.10840,83.99650
python,small_high_cardinality,1000,49,0.1571,6365.72,0.05570,0.08080,0.10260,87.07610
python,small_high_cardinality,1000,50,0.1578,6335.72,0.05680,0.08770,0.11570,85.63040
python,small_high_cardinality,1000,51,0.1834,5451.44,0.06280,0.10920,0.16210,99.71890
python,small_high_cardinality,1000,52,0.1923,5201.49,0.07360,0.11930,0.17830,96.24710
python,small_high_cardinality,1000,53,0.1814,5513.88,0.06970,0.11370,0.14380,90.92970
python,small_high_cardinality,1000,54,0.1991,5023.70,0.07410,0.11870,0.18100,103.18030
python,small_high_cardinality,1000,55,0.2137,4678.70,0.07880,0.11310,0.14480,118.10000
python,small_high_cardinality,1000,56,0.1836,5447.69,0.06510,0.09740,0.13980,100.37890
python,small_high_cardinality,1000,57,0.1715,5831.49,0.06130,0.09040,0.12440,90.47070
python,small_high_cardinality,1000,58,0.1663,6014.80,0.05790,0.08160,0.10620,91.52700
python,small_high_cardinality,1000,59,0.1540,6493.12,0.05660,0.08170,0.11930,82.95650
python,small_high_cardinality,1000,60,0.1588,6295.98,0.05680,0.08540,0.11350,87.16630
python,small_high_cardinality,1000,61,0.1582,6319.53,0.05670,0.08560,0.12130,85.17620
python,small_high_cardinality,1000,62,0.1749,5715.97,0.06050,0.09100,0.12600,95.73830
python,small_high_cardinality,1000,63,0.1658,6030.73,0.05820,0.08810,0.12030,89.80800
python,small_high_cardinality,1000,64,0.1610,6211.68,0.05910,0.09060,0.12050,85.95250
python,small_high_cardinality,1000,65,0.1595,6269.61,0.05780,0.09240,0.12170,86.60270
python,small_high_cardinality,1000,66,0.1572,6361.45,0.05640,0.09150,0.11710,85.13310
python,small_high_cardinality,1000,67,0.1617,6182.48,0.05700,0.07900,0.10750,87.04390
python,small_high_cardinality,1000,68,0.1622,6165.71,0.05550,0.07570,0.10360,94.00880
python,small_high_cardinality,1000,69,0.1537,6508.11,0.05510,0.08180,0.10530,84.56830
python,small_high_cardinality,1000,70,0.1571,6365.55,0.05640,0.08440,0.12120,83.39360
python,small_high_cardinality,1000,71,0.1582,6320.35,0.05640,0.08050,0.11150,85.65360
python,small_high_cardinality,1000,72,0.1561,6405.81,0.05780,0.08560,0.11660,83.76370
python,small_high_cardinality,1000,73,0.1605,6230.79,0.05710,0.08760,0.12850,87.46510
python,small_high_cardinality,1000,74,0.1676,5965.80,0.05980,0.09040,0.12130,93.21370
python,small_high_cardinality,1000,75,0.1546,6466.92,0.05500,0.08050,0.10050,83.57220
python,small_high_cardinality,1000,76,0.1558,6416.71,0.05580,0.08200,0.12200,86.41720
python,small_high_cardinality,1000,77,0.1576,6343.91,0.05550,0.09220,0.12260,86.84820
python,small_high_cardinality,1000,78,0.1579,6332.59,0.05680,0.08520,0.11510,84.28200
python,small_high_cardinality,1000,79,0.1521,6573.21,0.05550,0.07640,0.09850,82.85610
python,small_high_cardinality,1000,80,0.1684,5936.82,0.06210,0.10110,0.15360,90.24930
python,small_high_cardinality,1000,81,0.1589,6291.59,0.05740,0.09070,0.12860,85.89460
python,small_high_cardinality,1000,82,0.1596,6267.02,0.05840,0.08850,0.11160,84.88130
python,small_high_cardinality,1000,83,0.1590,6289.54,0.05610,0.08130,0.10540,85.47930
python,small_high_cardinality,1000,84,0.1545,6471.27,0.05570,0.08310,0.10860,85.67270
python,small_high_cardinality,1000,85,0.1578,6336.40,0.05580,0.08770,0.11220,87.50510
python,small_high_cardinality,1000,86,0.1649,6066.04,0.06070,0.09960,0.16560,86.53190
python,small_high_cardinality,1000,87,0.1576,6346.99,0.05770,0.08020,0.10470,83.73490
python,small_high_cardinality,1000,88,0.1547,6463.08,0.05660,0.08610,0.12690,83.48280
python,small_high_cardinality,1000,89,0.1593,6278.11,0.05790,0.08780,0.12290,86.33330
python,small_high_cardinality,1000,90,0.1576,6345.72,0.05600,0.08500,0.10270,84.47270
python,small_high_cardinality,1000,91,0.1526,6553.95,0.05540,0.07900,0.10610,83.91390
python,small_high_cardinality,1000,92,0.1637,6109.97,0.05880,0.11060,0.15110,85.79840
python,small_high_cardinality,1000,93,0.1605,6232.25,0.05820,0.09070,0.12120,87.04140
python,small_high_cardinality,1000,94,0.1614,6197.32,0.05840,0.09510,0.12210,86.19600
python,small_high_cardinality,1000,95,0.1563,6399.28,0.05590,0.08040,0.10290,85.29270
python,small_high_cardinality,1000,96,0.1588,6296.55,0.05770,0.09300,0.13070,85.35900
python,small_high_cardinality,1000,97,0.1616,6189.67,0.05780,0.09740,0.13860,85.75910
python,small_high_cardinality,1000,98,0.1647,6070.71,0.05940,0.09720,0.12270,87.48400
python,small_high_cardinality,1000,99,0.1769,5652.11,0.06120,0.09070,0.14380,97.87520
python,small_high_cardinality,1000,100,0.1619,6175.97,0.05770,0.08010,0.11000,87.82480
java,small_high_cardinality,1000,1,0.3442,2905.46,0.16200,0.28180,0.38900,129.61630
java,small_high_cardinality,1000,2,0.3895,2567.67,0.17480,0.28100,0.38360,153.26600
java,small_high_cardinality,1000,3,0.3857,2592.81,0.17540,0.28280,0.38980,162.66710
java,small_high_cardinality,1000,4,0.3556,2811.98,0.15630,0.26120,0.36830,142.35590
java,small_high_cardinality,1000,5,0.3530,2832.57,0.14540,0.26780,0.36020,143.41110
java,small_high_cardinality,1000,6,0.3444,2903.97,0.14140,0.25190,0.34680,138.18300
java,small_high_cardinality,1000,7,0.3156,3168.85,0.14040,0.25090,0.32970,126.59180
java,small_high_cardinality,1000,8,0.3448,2900.21,0.13960,0.25030,0.33430,140.63500
java,small_high_cardinality,1000,9,0.3360,2975.97,0.14610,0.25750,0.36360,131.89750
java,small_high_cardinality,1000,10,0.3410,2932.14,0.15240,0.25040,0.34780,132.16640
java,small_high_cardinality,1000,11,0.3697,2704.87,0.15740,0.27710,0.35250,155.45740
java,small_high_cardinality,1000,12,0.3449,2899.08,0.14420,0.27140,0.36280,137.60980
java,small_high_cardinality,1000,13,0.3344,2990.56,0.13630,0.25660,0.34440,135.68210
java,small_high_cardinality,1000,14,0.3260,3067.37,0.14190,0.26150,0.35500,128.34590
java,small_high_cardinality,1000,15,0.3366,2971.16,0.12720,0.24600,0.31960,132.36550
java,small_high_cardinality,1000,16,0.3185,3139.33,0.10650,0.19670,0.26850,151.78520
java,small_high_cardinality,1000,17,0.3027,3303.44,0.12570,0.22780,0.28620,127.23300
java,small_high_cardinality,1000,18,0.3608,2771.72,0.16210,0.27520,0.38650,127.97550
java,small_high_cardinality,1000,19,0.3131,3194.03,0.10620,0.21430,0.28150,135.30880
java,small_high_cardinality,1000,20,0.3261,3066.90,0.11940,0.21880,0.27500,146.76740
java,small_high_cardinality,1000,21,0.3260,3067.54,0.12730,0.23580,0.36070,120.73370
java,small_high_cardinality,1000,22,0.3505,2852.92,0.10070,0.20010,0.25070,181.89630
java,small_high_cardinality,1000,23,0.3115,3210.36,0.12570,0.22740,0.32850,125.23300
java,small_high_cardinality,1000,24,0.3173,3151.26,0.12580,0.22460,0.28640,124.24170
java,small_high_cardinality,1000,25,0.3079,3247.67,0.10980,0.19380,0.26800,120.97960
java,small_high_cardinality,1000,26,0.3260,3067.08,0.11510,0.21610,0.29390,146.09690
java,small_high_cardinality,1000,27,0.3227,3098.97,0.13650,0.24070,0.32820,121.25020
java,small_high_cardinality,1000,28,0.3537,2827.48,0.09750,0.22450,0.27450,168.39370
java,small_high_cardinality,1000,29,0.3127,3198.06,0.12090,0.20150,0.27090,132.46660
java,small_high_cardinality,1000,30,0.3221,3104.55,0.12510,0.24360,0.32380,120.96080
java,small_high_cardinality,1000,31,0.3780,2645.72,0.10130,0.18550,0.24440,226.52610
java,small_high_cardinality,1000,32,0.3102,3223.67,0.13040,0.21550,0.27460,123.84760
java,small_high_cardinality,1000,33,0.2917,3427.92,0.12200,0.23410,0.28570,110.91040
java,small_high_cardinality,1000,34,0.3272,3056.57,0.13890,0.26630,0.34810,126.65700
java,small_high_cardinality,1000,35,0.3349,2985.59,0.13940,0.25410,0.32830,144.33480
java,small_high_cardinality,1000,36,0.3572,2799.92,0.16270,0.30450,0.40550,139.18790
java,small_high_cardinality,1000,37,0.3235,3091.64,0.12440,0.22170,0.30380,136.14130
java,small_high_cardinality,1000,38,0.3246,3080.70,0.13220,0.24050,0.32590,132.82780
java,small_high_cardinality,1000,39,0.3404,2938.13,0.12360,0.24670,0.31920,132.32370
java,small_high_cardinality,1000,40,0.3456,2893.71,0.10630,0.20090,0.26750,184.43180
java,small_high_cardinality,1000,41,0.3074,3252.89,0.12640,0.23200,0.33230,125.57310
java,small_high_cardinality,1000,42,0.3254,3072.82,0.12120,0.23520,0.29910,132.42270
java,small_high_cardinality,1000,43,0.3473,2879.00,0.10290,0.19320,0.25310,191.27020
java,small_high_cardinality,1000,44,0.3071,3255.75,0.13390,0.24540,0.30660,116.30440
java,small_high_cardinality,1000,45,0.2944,3397.03,0.11280,0.22780,0.32070,126.35630
java,small_high_cardinality,1000,46,0.3098,3228.37,0.11040,0.20280,0.26960,120.05190
java,small_high_cardinality,1000,47,0.3329,3003.48,0.12860,0.22410,0.27370,144.03570
java,small_high_cardinality,1000,48,0.3067,3260.42,0.13630,0.24160,0.32300,126.95310
java,small_high_cardinality,1000,49,0.3253,3073.81,0.11660,0.24760,0.32650,127.58030
java,small_high_cardinality,1000,50,0.3461,2889.54,0.12300,0.23010,0.32020,162.04360
java,small_high_cardinality,1000,51,0.3247,3079.76,0.13330,0.23260,0.31230,122.20900
java,small_high_cardinality,1000,52,0.3011,3320.96,0.10970,0.20840,0.26860,132.59290
java,small_high_cardinality,1000,53,0.3086,3240.82,0.12880,0.24950,0.31170,120.60010
java,small_high_cardinality,1000,54,0.3090,3235.88,0.14110,0.22200,0.28070,127.15230
java,small_high_cardinality,1000,55,0.3131,3193.51,0.11470,0.21410,0.28130,122.07970
java,small_high_cardinality,1000,56,0.3397,2943.40,0.11920,0.21110,0.29410,177.63720
java,small_high_cardinality,1000,57,0.3388,2951.65,0.12480,0.25010,0.32740,133.70080
java,small_high_cardinality,1000,58,0.3096,3230.20,0.11440,0.19790,0.29990,126.70250
java,small_high_cardinality,1000,59,0.3458,2891.78,0.14460,0.25380,0.33400,142.27850
java,small_high_cardinality,1000,60,0.3191,3134.13,0.12910,0.22850,0.29640,130.69540
java,small_high_cardinality,1000,61,0.2960,3378.89,0.11190,0.21310,0.27180,112.77480
java,small_high_cardinality,1000,62,0.3230,3095.86,0.13720,0.25170,0.33670,123.77530
java,small_high_cardinality,1000,63,0.3167,3158.05,0.13620,0.24180,0.33120,125.64860
java,small_high_cardinality,1000,64,0.3117,3208.69,0.11260,0.24630,0.28550,115.32020
java,small_high_cardinality,1000,65,0.3180,3144.52,0.11840,0.23320,0.28010,146.44560
java,small_high_cardinality,1000,66,0.3446,2901.82,0.14870,0.27680,0.37520,131.88790
java,small_high_cardinality,1000,67,0.3889,2571.14,0.16930,0.29540,0.42170,157.82540
java,small_high_cardinality,1000,68,0.3339,2994.73,0.15190,0.26000,0.33450,130.15650
java,small_high_cardinality,1000,69,0.3366,2970.67,0.13640,0.26220,0.32990,139.00830
java,small_high_cardinality,1000,70,0.3253,3074.36,0.11800,0.24540,0.30270,124.06100
java,small_high_cardinality,1000,71,0.3281,3047.84,0.12610,0.23380,0.29210,143.78330
java,small_high_cardinality,1000,72,0.3232,3093.63,0.12320,0.24720,0.33130,127.71490
java,small_high_cardinality,1000,73,0.3797,2633.94,0.09970,0.18570,0.22520,211.51310
java,small_high_cardinality,1000,74,0.2963,3374.53,0.11660,0.21630,0.29670,123.04080
java,small_high_cardinality,1000,75,0.3275,3053.34,0.13660,0.25110,0.32840,120.87070
java,small_high_cardinality,1000,76,0.3309,3021.84,0.09920,0.19460,0.26370,165.62780
java,small_high_cardinality,1000,77,0.3043,3286.68,0.11840,0.21110,0.26900,135.94310
java,small_high_cardinality,1000,78,0.3223,3102.50,0.13040,0.22240,0.29420,121.99490
java,small_high_cardinality,1000,79,0.3459,2891.40,0.10180,0.20160,0.26240,197.73920
java,small_high_cardinality,1000,80,0.2926,3417.39,0.12470,0.23410,0.30230,117.33160
java,small_high_cardinality,1000,81,0.3269,3058.85,0.14030,0.25720,0.31330,123.50230
java,small_high_cardinality,1000,82,0.3045,3284.05,0.11730,0.21180,0.28180,130.85830
java,small_high_cardinality,1000,83,0.3375,2963.03,0.14500,0.27940,0.37790,136.55490
java,small_high_cardinality,1000,84,0.3223,3103.03,0.12580,0.22550,0.30180,139.21060
java,small_high_cardinality,1000,85,0.3076,3250.48,0.11260,0.23240,0.28230,117.58090
java,small_high_cardinality,1000,86,0.3051,3277.78,0.13320,0.25060,0.35190,114.90020
java,small_high_cardinality,1000,87,0.3097,3228.83,0.13440,0.25140,0.32060,124.77910
java,small_high_cardinality,1000,88,0.3554,2813.44,0.14070,0.26040,0.34690,126.17690
java,small_high_cardinality,1000,89,0.3340,2993.92,0.13380,0.27410,0.35960,144.41270
java,small_high_cardinality,1000,90,0.3277,3052.03,0.13490,0.24310,0.30810,133.67670
java,small_high_cardinality,1000,91,0.2909,3437.38,0.11220,0.23280,0.29150,118.86080
java,small_high_cardinality,1000,92,0.3067,3260.48,0.12510,0.23000,0.30170,121.78420
java,small_high_cardinality,1000,93,0.3114,3211.51,0.14040,0.24220,0.33900,124.95850
java,small_high_cardinality,1000,94,0.2896,3453.56,0.11590,0.23090,0.30390,114.96100
java,small_high_cardinality,1000,95,0.2789,3585.63,0.10780,0.23010,0.31540,114.28230
java,small_high_cardinality,1000,96,0.3242,3084.78,0.13130,0.24300,0.32780,124.50680
java,small_high_cardinality,1000,97,0.3391,2948.97,0.13060,0.23810,0.32810,131.07540
java,small_high_cardinality,1000,98,0.3017,3314.30,0.13120,0.22750,0.33150,119.12890
java,small_high_cardinality,1000,99,0.3442,2904.92,0.15500,0.26180,0.34670,140.92870
java,small_high_cardinality,1000,100,0.3421,2923.09,0.14540,0.27570,0.38630,138.14010
rust,small_high_cardinality,1000,1,0.0837,11942.69,0.05170,0.07220,0.09390,25.58630
rust,small_high_cardinality,1000,2,0.0755,13238.44,0.04730,0.06540,0.09550,23.38650
rust,small_high_cardinality,1000,3,0.0731,13673.19,0.04720,0.06520,0.08830,21.56340
rust,small_high_cardinality,1000,4,0.0756,13227.88,0.04770,0.07930,0.12190,20.26080
rust,small_high_cardinality,1000,5,0.0749,13357.61,0.04760,0.07560,0.10890,20.40740
rust,small_high_cardinality,1000,6,0.0777,12863.41,0.04960,0.07930,0.10930,21.09650
rust,small_high_cardinality,1000,7,0.0739,13538.98,0.04770,0.07270,0.09870,20.05690
rust,small_high_cardinality,1000,8,0.0752,13297.34,0.04730,0.06790,0.08950,21.97280
rust,small_high_cardinality,1000,9,0.0785,12742.78,0.04750,0.07090,0.09360,25.60300
rust,small_high_cardinality,1000,10,0.0769,12999.64,0.04720,0.06710,0.09330,25.17400
rust,small_high_cardinality,1000,11,0.0750,13324.57,0.04740,0.07630,0.10710,21.32630
rust,small_high_cardinality,1000,12,0.0751,13319.75,0.04820,0.07570,0.10010,20.43630
rust,small_high_cardinality,1000,13,0.0774,12920.81,0.04870,0.07910,0.12520,21.00850
rust,small_high_cardinality,1000,14,0.0768,13023.97,0.04810,0.07490,0.10200,21.05690
rust,small_high_cardinality,1000,15,0.0792,12621.59,0.05020,0.07500,0.10030,22.39570
rust,small_high_cardinality,1000,16,0.0699,14299.99,0.04530,0.05620,0.08060,20.12180
rust,small_high_cardinality,1000,17,0.0804,12442.08,0.04870,0.08770,0.13070,22.19270
rust,small_high_cardinality,1000,18,0.0765,13078.44,0.04860,0.07420,0.10180,21.91420
rust,small_high_cardinality,1000,19,0.0770,12989.12,0.04940,0.07650,0.10420,20.97770
rust,small_high_cardinality,1000,20,0.0775,12908.77,0.04890,0.07750,0.11430,21.27870
rust,small_high_cardinality,1000,21,0.0768,13028.09,0.04960,0.07440,0.10860,20.91670
rust,small_high_cardinality,1000,22,0.0768,13018.87,0.04890,0.07510,0.09650,21.10770
rust,small_high_cardinality,1000,23,0.0771,12973.97,0.04830,0.07020,0.09570,22.81050
rust,small_high_cardinality,1000,24,0.0791,12646.94,0.04770,0.06500,0.09570,26.24100
rust,small_high_cardinality,1000,25,0.0792,12628.34,0.04810,0.06910,0.09110,25.79820
rust,small_high_cardinality,1000,26,0.0885,11305.38,0.05570,0.09110,0.12240,24.85900
rust,small_high_cardinality,1000,27,0.0924,10816.92,0.05680,0.08970,0.13360,27.88340
rust,small_high_cardinality,1000,28,0.0867,11538.55,0.05130,0.08690,0.11550,27.38930
rust,small_high_cardinality,1000,29,0.0899,11129.02,0.05100,0.09110,0.11950,31.06450
rust,small_high_cardinality,1000,30,0.0851,11756.38,0.05150,0.08120,0.12270,26.28340
rust,small_high_cardinality,1000,31,0.0798,12530.76,0.04930,0.07330,0.09530,24.49490
rust,small_high_cardinality,1000,32,0.0785,12732.82,0.04960,0.07790,0.11110,22.14240
rust,small_high_cardinality,1000,33,0.0797,12554.72,0.05010,0.07850,0.11780,22.08290
rust,small_high_cardinality,1000,34,0.0792,12632.28,0.05040,0.08230,0.10940,21.59090
rust,small_high_cardinality,1000,35,0.0796,12562.80,0.05110,0.07460,0.10980,22.61230
rust,small_high_cardinality,1000,36,0.0776,12886.60,0.04920,0.07370,0.10050,21.90880
rust,small_high_cardinality,1000,37,0.0771,12963.02,0.04870,0.06790,0.09060,22.58200
rust,small_high_cardinality,1000,38,0.0781,12803.57,0.04790,0.07210,0.09770,24.52160
rust,small_high_cardinality,1000,39,0.0779,12840.88,0.04730,0.06950,0.09540,25.07410
rust,small_high_cardinality,1000,40,0.0866,11547.54,0.05270,0.09450,0.12510,23.79170
rust,small_high_cardinality,1000,41,0.0841,11890.68,0.04890,0.07880,0.10400,28.44650
rust,small_high_cardinality,1000,42,0.0800,12504.72,0.04970,0.07990,0.12570,22.97860
rust,small_high_cardinality,1000,43,0.0773,12936.66,0.04980,0.08030,0.10950,20.64970
rust,small_high_cardinality,1000,44,0.0781,12811.51,0.05040,0.07990,0.11260,20.89120
rust,small_high_cardinality,1000,45,0.0799,12510.56,0.05050,0.07640,0.10820,22.42200
rust,small_high_cardinality,1000,46,0.0789,12670.83,0.04970,0.07570,0.10470,21.53020
rust,small_high_cardinality,1000,47,0.0854,11714.40,0.05320,0.08810,0.11630,23.39980
rust,small_high_cardinality,1000,48,0.0857,11673.31,0.05160,0.08740,0.12030,24.61740
rust,small_high_cardinality,1000,49,0.0803,12449.49,0.04970,0.07520,0.10720,24.08080
rust,small_high_cardinality,1000,50,0.0809,12355.72,0.05080,0.07060,0.09080,24.64130
rust,small_high_cardinality,1000,51,0.0784,12747.40,0.04830,0.07040,0.09420,25.27450
rust,small_high_cardinality,1000,52,0.0850,11766.23,0.04970,0.08950,0.13400,26.59080
rust,small_high_cardinality,1000,53,0.0803,12451.22,0.04900,0.07030,0.09620,25.99380
rust,small_high_cardinality,1000,54,0.0793,12615.30,0.04940,0.07220,0.10240,24.06350
rust,small_high_cardinality,1000,55,0.0773,12936.90,0.04940,0.07810,0.10940,21.06420
rust,small_high_cardinality,1000,56,0.0785,12733.32,0.05050,0.07800,0.11470,21.44980
rust,small_high_cardinality,1000,57,0.0796,12563.00,0.05090,0.08120,0.11250,21.33030
rust,small_high_cardinality,1000,58,0.0792,12626.17,0.05060,0.07850,0.11130,21.94890
rust,small_high_cardinality,1000,59,0.0813,12303.04,0.05080,0.07930,0.10510,22.86730
rust,small_high_cardinality,1000,60,0.0777,12873.84,0.04820,0.07250,0.10530,22.25430
rust,small_high_cardinality,1000,61,0.0780,12820.05,0.04800,0.06620,0.08730,25.06180
rust,small_high_cardinality,1000,62,0.0796,12569.57,0.04750,0.06620,0.09840,27.05070
rust,small_high_cardinality,1000,63,0.0775,12905.67,0.04760,0.07060,0.10220,24.49210
rust,small_high_cardinality,1000,64,0.0869,11511.37,0.05100,0.11090,0.16500,23.04560
rust,small_high_cardinality,1000,65,0.0788,12687.33,0.04970,0.07710,0.10590,22.78670
rust,small_high_cardinality,1000,66,0.0800,12499.52,0.05010,0.08170,0.11350,22.01030
rust,small_high_cardinality,1000,67,0.0792,12632.83,0.05090,0.08020,0.11470,21.07700
rust,small_high_cardinality,1000,68,0.0793,12614.52,0.05080,0.07420,0.11040,22.78430
rust,small_high_cardinality,1000,69,0.0784,12754.22,0.04840,0.07700,0.11380,22.81690
rust,small_high_cardinality,1000,70,0.0758,13196.49,0.04800,0.07050,0.10260,21.25610
rust,small_high_cardinality,1000,71,0.0774,12919.11,0.04760,0.07010,0.09170,24.35790
rust,small_high_cardinality,1000,72,0.0797,12553.08,0.04760,0.07040,0.08730,26.67540
rust,small_high_cardinality,1000,73,0.0812,12321.07,0.04960,0.07400,0.10420,25.06830
rust,small_high_cardinality,1000,74,0.0770,12981.57,0.04890,0.07210,0.09980,22.80780
rust,small_high_cardinality,1000,75,0.0788,12693.98,0.04980,0.08410,0.11440,21.97520
rust,small_high_cardinality,1000,76,0.0843,11865.41,0.05030,0.09480,0.12810,24.57280
rust,small_high_cardinality,1000,77,0.0795,12579.85,0.05030,0.07910,0.11080,22.19340
rust,small_high_cardinality,1000,78,0.0812,12312.57,0.05210,0.08330,0.11700,22.42710
rust,small_high_cardinality,1000,79,0.0797,12548.19,0.04980,0.07480,0.10720,21.63630
rust,small_high_cardinality,1000,80,0.0767,13037.50,0.04830,0.06800,0.08870,22.71660
rust,small_high_cardinality,1000,81,0.0797,12546.86,0.04840,0.07170,0.08700,25.82750
rust,small_high_cardinality,1000,82,0.0796,12567.30,0.04770,0.06820,0.09380,26.14470
rust,small_high_cardinality,1000,83,0.0802,12468.04,0.04850,0.07180,0.09420,25.96600
rust,small_high_cardinality,1000,84,0.0772,12958.57,0.04760,0.07640,0.10770,22.66120
rust,small_high_cardinality,1000,85,0.0770,12984.97,0.04930,0.08030,0.11000,21.05860
rust,small_high_cardinality,1000,86,0.0768,13019.88,0.04960,0.07960,0.12030,20.44100
rust,small_high_cardinality,1000,87,0.0773,12936.04,0.04990,0.07770,0.10190,20.76910
rust,small_high_cardinality,1000,88,0.0855,11692.31,0.05250,0.08100,0.10760,25.09550
rust,small_high_cardinality,1000,89,0.0790,12662.67,0.04980,0.07060,0.09880,22.85010
rust,small_high_cardinality,1000,90,0.0810,12338.29,0.04980,0.07350,0.10540,24.12660
rust,small_high_cardinality,1000,91,0.0771,12972.74,0.04760,0.06690,0.08580,24.27600
rust,small_high_cardinality,1000,92,0.0776,12883.05,0.04690,0.06730,0.09080,25.21510
rust,small_high_cardinality,1000,93,0.0776,12890.53,0.04750,0.07430,0.10440,23.30670
rust,small_high_cardinality,1000,94,0.0747,13381.08,0.04820,0.07660,0.11170,20.29390
rust,small_high_cardinality,1000,95,0.0782,12784.06,0.04980,0.08000,0.12860,21.12690
rust,small_high_cardinality,1000,96,0.0784,12762.70,0.04970,0.07990,0.10850,21.09060
rust,small_high_cardinality,1000,97,0.0757,13217.86,0.04810,0.07520,0.10190,21.27910
rust,small_high_cardinality,1000,98,0.0769,13000.93,0.04790,0.06950,0.08790,23.00740
rust,small_high_cardinality,1000,99,0.0827,12088.95,0.04990,0.07530,0.09760,26.27480
rust,small_high_cardinality,1000,100,0.0930,10754.69,0.05070,0.07590,0.10380,35.19550
python,small_hot_keys,1000,1,0.2187,4573.37,0.09390,0.15670,0.22310,101.63200
python,small_hot_keys,1000,2,0.2108,4744.43,0.07430,0.11810,0.15350,110.18960
python,small_hot_keys,1000,3,0.1860,5375.92,0.07050,0.11620,0.14870,93.06970
python,small_hot_keys,1000,4,0.2147,4657.84,0.08510,0.13450,0.17060,110.15450
python,small_hot_keys,1000,5,0.1813,5515.46,0.06740,0.10770,0.14550,94.69240
python,small_hot_keys,1000,6,0.1805,5539.94,0.06690,0.11120,0.15490,94.22720
python,small_hot_keys,1000,7,0.1729,5784.52,0.06300,0.09780,0.13260,91.73750
python,small_hot_keys,1000,8,0.1714,5835.08,0.06430,0.09790,0.12020,90.48560
python,small_hot_keys,1000,9,0.1723,5804.23,0.06370,0.10200,0.13320,88.69980
python,small_hot_keys,1000,10,0.1666,6001.02,0.06050,0.09340,0.12960,88.83840
python,small_hot_keys,1000,11,0.1791,5583.26,0.06110,0.10160,0.13600,96.79210
python,small_hot_keys,1000,12,0.1800,5556.96,0.06170,0.09800,0.13430,98.17510
python,small_hot_keys,1000,13,0.1664,6009.46,0.06060,0.08500,0.12480,88.52490
python,small_hot_keys,1000,14,0.1616,6186.21,0.06040,0.09150,0.12390,85.42620
python,small_hot_keys,1000,15,0.1599,6253.84,0.05660,0.09120,0.12100,87.94890
python,small_hot_keys,1000,16,0.1585,6308.43,0.05750,0.09080,0.11830,86.08560
python,small_hot_keys,1000,17,0.1631,6130.10,0.05810,0.09290,0.12980,83.75970
python,small_hot_keys,1000,18,0.1612,6202.48,0.05870,0.08540,0.12480,84.72990
python,small_hot_keys,1000,19,0.1615,6192.82,0.05880,0.09280,0.13050,85.78070
python,small_hot_keys,1000,20,0.1641,6094.37,0.05860,0.09650,0.11440,87.24440
python,small_hot_keys,1000,21,0.1604,6234.88,0.05860,0.08980,0.11860,83.66900
python,small_hot_keys,1000,22,0.1665,6005.18,0.05950,0.08500,0.11090,86.31680
python,small_hot_keys,1000,23,0.1619,6177.30,0.05940,0.09540,0.13840,83.43990
python,small_hot_keys,1000,24,0.1600,6250.45,0.05750,0.08540,0.12930,87.26700
python,small_hot_keys,1000,25,0.1627,6146.85,0.05850,0.09190,0.12530,89.06200
python,small_hot_keys,1000,26,0.1579,6333.96,0.05690,0.09130,0.12580,84.38090
python,small_hot_keys,1000,27,0.1607,6222.02,0.05660,0.08360,0.11280,87.58870
python,small_hot_keys,1000,28,0.1604,6234.19,0.05860,0.08860,0.12780,86.39110
python,small_hot_keys,1000,29,0.1714,5834.06,0.05920,0.10850,0.14580,92.06330
python,small_hot_keys,1000,30,0.1725,5797.59,0.05890,0.08980,0.11470,97.61290
python,small_hot_keys,1000,31,0.1769,5654.22,0.06020,0.09430,0.12220,101.22820
python,small_hot_keys,1000,32,0.1668,5994.81,0.06110,0.09720,0.12350,88.72950
python,small_hot_keys,1000,33,0.1665,6005.10,0.05940,0.08690,0.10730,88.83250
python,small_hot_keys,1000,34,0.1561,6404.84,0.05720,0.08070,0.11320,83.43100
python,small_hot_keys,1000,35,0.1674,5975.05,0.06070,0.09290,0.13480,89.48980
python,small_hot_keys,1000,36,0.1693,5908.24,0.06020,0.09440,0.11790,93.40060
python,small_hot_keys,1000,37,0.1621,6168.94,0.05830,0.08740,0.13290,88.95700
python,small_hot_keys,1000,38,0.1585,6307.54,0.05760,0.09020,0.11770,83.01500
python,small_hot_keys,1000,39,0.1628,6141.42,0.05810,0.08850,0.11800,87.82480
python,small_hot_keys,1000,40,0.1588,6296.76,0.05620,0.09070,0.12060,86.11870
python,small_hot_keys,1000,41,0.1644,6082.88,0.05810,0.09180,0.11300,87.04410
python,small_hot_keys,1000,42,0.1798,5561.90,0.06300,0.10850,0.16030,97.12680
python,small_hot_keys,1000,43,0.1795,5571.95,0.06430,0.10360,0.15340,97.19530
python,small_hot_keys,1000,44,0.1671,5986.15,0.06130,0.09460,0.13140,88.98040
python,small_hot_keys,1000,45,0.1627,6147.29,0.05810,0.08450,0.10670,86.70470
python,small_hot_keys,1000,46,0.1578,6336.32,0.05810,0.08190,0.10960,85.62850
python,small_hot_keys,1000,47,0.1629,6138.26,0.05650,0.08790,0.11630,91.79330
python,small_hot_keys,1000,48,0.1564,6393.71,0.05710,0.08560,0.12800,83.32360
python,small_hot_keys,1000,49,0.1649,6063.99,0.05760,0.08750,0.11940,85.85460
python,small_hot_keys,1000,50,0.1618,6181.41,0.05920,0.08650,0.11080,85.61030
python,small_hot_keys,1000,51,0.1637,6108.76,0.06030,0.09950,0.12330,85.67770
python,small_hot_keys,1000,52,0.1809,5526.42,0.06940,0.10910,0.14030,86.61840
python,small_hot_keys,1000,53,0.1940,5155.76,0.06220,0.08890,0.11910,115.54390
python,small_hot_keys,1000,54,0.1756,5694.31,0.06930,0.10510,0.17490,89.18910
python,small_hot_keys,1000,55,0.1670,5988.93,0.05940,0.09010,0.12680,91.07900
python,small_hot_keys,1000,56,0.1625,6155.24,0.05940,0.08820,0.12280,88.35820
python,small_hot_keys,1000,57,0.1615,6193.71,0.05930,0.09210,0.12650,85.72310
python,small_hot_keys,1000,58,0.1718,5820.25,0.06000,0.09710,0.14080,91.72640
python,small_hot_keys,1000,59,0.1655,6042.47,0.05820,0.09150,0.12680,88.36240
python,small_hot_keys,1000,60,0.1776,5631.48,0.06270,0.10040,0.15220,94.41240
python,small_hot_keys,1000,61,0.1865,5363.16,0.06440,0.10990,0.15670,98.67370
python,small_hot_keys,1000,62,0.1827,5473.07,0.06170,0.09360,0.14490,102.91890
python,small_hot_keys,1000,63,0.1727,5789.73,0.06060,0.08820,0.11350,97.37110
python,small_hot_keys,1000,64,0.1682,5945.12,0.06030,0.08910,0.12370,94.04990
python,small_hot_keys,1000,65,0.1608,6220.34,0.05860,0.08900,0.12370,86.67810
python,small_hot_keys,1000,66,0.1648,6069.80,0.06130,0.10200,0.14730,85.75370
python,small_hot_keys,1000,67,0.1653,6048.59,0.05940,0.08650,0.12790,87.35530
python,small_hot_keys,1000,68,0.1601,6246.28,0.05630,0.08450,0.10280,88.07530
python,small_hot_keys,1000,69,0.1572,6360.65,0.05820,0.08860,0.12320,84.27320
python,small_hot_keys,1000,70,0.1635,6117.77,0.05820,0.08770,0.13300,90.32620
python,small_hot_keys,1000,71,0.1586,6304.67,0.05660,0.08540,0.11010,86.07020
python,small_hot_keys,1000,72,0.1560,6409.24,0.05640,0.08060,0.10940,85.39930
python,small_hot_keys,1000,73,0.1565,6388.12,0.05600,0.08460,0.11690,86.88780
python,small_hot_keys,1000,74,0.1590,6291.27,0.05680,0.08590,0.11960,87.14910
python,small_hot_keys,1000,75,0.1614,6197.16,0.05770,0.09170,0.11480,85.24070
python,small_hot_keys,1000,76,0.1631,6130.46,0.05870,0.09000,0.11840,88.48760
python,small_hot_keys,1000,77,0.1565,6391.72,0.05770,0.08890,0.11450,83.69200
python,small_hot_keys,1000,78,0.1609,6215.76,0.06000,0.09290,0.12740,85.65400
python,small_hot_keys,1000,79,0.1612,6204.11,0.05690,0.08710,0.11040,88.46440
python,small_hot_keys,1000,80,0.1554,6436.73,0.05590,0.07820,0.10430,85.53420
python,small_hot_keys,1000,81,0.1547,6465.95,0.05560,0.08670,0.12020,85.33860
python,small_hot_keys,1000,82,0.1644,6083.12,0.05880,0.08820,0.13000,90.29070
python,small_hot_keys,1000,83,0.1585,6310.75,0.05710,0.08720,0.12350,84.14400
python,small_hot_keys,1000,84,0.1566,6386.25,0.05670,0.07930,0.10760,84.72000
python,small_hot_keys,1000,85,0.1649,6064.67,0.06110,0.09510,0.13770,88.21050
python,small_hot_keys,1000,86,0.1625,6152.35,0.05830,0.08800,0.13920,88.71470
python,small_hot_keys,1000,87,0.1551,6446.42,0.05640,0.08870,0.12670,83.82690
python,small_hot_keys,1000,88,0.1684,5939.86,0.05750,0.08680,0.11190,94.42210
python,small_hot_keys,1000,89,0.1555,6432.22,0.05750,0.09000,0.11550,83.21100
python,small_hot_keys,1000,90,0.1580,6327.50,0.05650,0.08990,0.11830,86.09890
python,small_hot_keys,1000,91,0.1650,6059.31,0.05960,0.09570,0.13560,88.72100
python,small_hot_keys,1000,92,0.1879,5320.82,0.07170,0.12710,0.19110,93.90930
python,small_hot_keys,1000,93,0.1896,5274.85,0.06440,0.09880,0.14010,106.48840
python,small_hot_keys,1000,94,0.2171,4606.87,0.06820,0.12610,0.19700,126.10840
python,small_hot_keys,1000,95,0.1950,5128.50,0.06320,0.11010,0.15900,110.13160
python,small_hot_keys,1000,96,0.2024,4940.69,0.07120,0.11610,0.16280,108.18050
python,small_hot_keys,1000,97,0.2026,4936.50,0.07180,0.11850,0.18850,110.55590
python,small_hot_keys,1000,98,0.1766,5662.85,0.06250,0.09950,0.13050,93.57260
python,small_hot_keys,1000,99,0.1732,5772.59,0.06310,0.09950,0.13830,91.82780
python,small_hot_keys,1000,100,0.1692,5909.14,0.06120,0.09650,0.12760,90.52710
java,small_hot_keys,1000,1,0.3100,3225.63,0.15120,0.27080,0.35240,136.85660
java,small_hot_keys,1000,2,0.3146,3178.63,0.15040,0.25380,0.34100,136.00290
java,small_hot_keys,1000,3,0.3467,2884.28,0.16210,0.29910,0.40060,151.76810
java,small_hot_keys,1000,4,0.3380,2958.62,0.16280,0.26330,0.36390,140.37420
java,small_hot_keys,1000,5,0.3094,3232.36,0.14620,0.24900,0.31130,143.41200
java,small_hot_keys,1000,6,0.3086,3240.01,0.13200,0.26640,0.33980,137.48580
java,small_hot_keys,1000,7,0.3105,3220.56,0.15150,0.26190,0.34050,134.95700
java,small_hot_keys,1000,8,0.3120,3205.15,0.14120,0.25810,0.33670,133.91770
java,small_hot_keys,1000,9,0.3074,3253.20,0.14340,0.24210,0.32360,138.51960
java,small_hot_keys,1000,10,0.3279,3049.54,0.15920,0.25860,0.34710,133.53480
java,small_hot_keys,1000,11,0.3372,2965.86,0.14860,0.26640,0.34480,157.84240
java,small_hot_keys,1000,12,0.3427,2917.77,0.15480,0.29020,0.42020,154.51830
java,small_hot_keys,1000,13,0.3372,2965.33,0.16190,0.28160,0.39450,144.74370
java,small_hot_keys,1000,14,0.3221,3104.57,0.13950,0.23480,0.30010,145.26360
java,small_hot_keys,1000,15,0.3081,3246.03,0.14610,0.25000,0.33640,137.03470
java,small_hot_keys,1000,16,0.3113,3212.66,0.14510,0.25610,0.36140,135.93990
java,small_hot_keys,1000,17,0.3353,2982.25,0.15580,0.28290,0.39670,151.81340
java,small_hot_keys,1000,18,0.3083,3243.22,0.14700,0.25970,0.37090,135.97430
java,small_hot_keys,1000,19,0.3123,3202.28,0.14340,0.26670,0.38940,137.41060
java,small_hot_keys,1000,20,0.3205,3120.26,0.14420,0.25980,0.35380,140.56540
java,small_hot_keys,1000,21,0.3105,3221.04,0.14380,0.25270,0.31330,140.33580
java,small_hot_keys,1000,22,0.3034,3296.41,0.14080,0.24400,0.34780,133.86210
java,small_hot_keys,1000,23,0.3071,3255.78,0.14470,0.25070,0.32390,137.37530
java,small_hot_keys,1000,24,0.3129,3195.86,0.14550,0.24970,0.37710,135.92360
java,small_hot_keys,1000,25,0.3230,3095.88,0.14410,0.24500,0.33910,143.67680
java,small_hot_keys,1000,26,0.3277,3051.35,0.14230,0.25190,0.32620,157.42550
java,small_hot_keys,1000,27,0.3101,3224.31,0.14950,0.26000,0.32550,136.23570
java,small_hot_keys,1000,28,0.3233,3092.68,0.15120,0.27790,0.37950,136.20600
java,small_hot_keys,1000,29,0.3248,3078.87,0.14200,0.26140,0.33530,140.88500
java,small_hot_keys,1000,30,0.3098,3228.36,0.14820,0.26220,0.31920,130.35520
java,small_hot_keys,1000,31,0.3260,3067.81,0.14070,0.24010,0.37390,134.31150
java,small_hot_keys,1000,32,0.3093,3233.06,0.13780,0.26610,0.33370,133.04690
java,small_hot_keys,1000,33,0.2913,3432.80,0.14380,0.25520,0.36640,128.33540
java,small_hot_keys,1000,34,0.3119,3205.99,0.13730,0.24060,0.34250,140.60420
java,small_hot_keys,1000,35,0.3106,3219.42,0.14290,0.27280,0.33980,136.89250
java,small_hot_keys,1000,36,0.3247,3080.21,0.16120,0.28840,0.36450,136.67720
java,small_hot_keys,1000,37,0.3103,3222.73,0.14140,0.25000,0.33170,140.37760
java,small_hot_keys,1000,38,0.3198,3127.25,0.15160,0.27450,0.50110,132.36610
java,small_hot_keys,1000,39,0.3131,3193.62,0.14180,0.23330,0.30630,137.96360
java,small_hot_keys,1000,40,0.3193,3132.05,0.14660,0.27350,0.35530,139.06330
java,small_hot_keys,1000,41,0.3410,2932.15,0.16690,0.31080,0.47710,143.03910
java,small_hot_keys,1000,42,0.3099,3226.81,0.15200,0.25960,0.33090,135.56640
java,small_hot_keys,1000,43,0.3263,3064.61,0.15340,0.28180,0.38030,144.98880
java,small_hot_keys,1000,44,0.3067,3260.42,0.14610,0.26380,0.33230,134.72310
java,small_hot_keys,1000,45,0.3217,3108.11,0.15790,0.28090,0.39640,135.48950
java,small_hot_keys,1000,46,0.3550,2817.19,0.15860,0.29860,0.37940,158.53740
java,small_hot_keys,1000,47,0.3387,2952.28,0.15680,0.26830,0.36470,152.00300
java,small_hot_keys,1000,48,0.3389,2950.34,0.16050,0.26520,0.38590,143.03310
java,small_hot_keys,1000,49,0.3210,3115.61,0.13740,0.25480,0.34840,145.78830
java,small_hot_keys,1000,50,0.3095,3231.08,0.14610,0.25180,0.32570,129.29070
java,small_hot_keys,1000,51,0.3247,3079.61,0.14480,0.25560,0.31200,141.23790
java,small_hot_keys,1000,52,0.3052,3276.79,0.14860,0.27390,0.34510,133.22090
java,small_hot_keys,1000,53,0.3055,3273.56,0.14060,0.26780,0.32770,129.41680
java,small_hot_keys,1000,54,0.3110,3215.49,0.13630,0.27290,0.35220,136.71910
java,small_hot_keys,1000,55,0.3052,3276.30,0.14850,0.24820,0.31140,133.05490
java,small_hot_keys,1000,56,0.3118,3206.77,0.13970,0.26060,0.38070,131.78630
java,small_hot_keys,1000,57,0.3071,3256.08,0.14030,0.24980,0.33260,140.33010
java,small_hot_keys,1000,58,0.3039,3291.09,0.14320,0.24430,0.32060,131.62570
java,small_hot_keys,1000,59,0.3411,2931.44,0.16490,0.29130,0.39560,144.61090
java,small_hot_keys,1000,60,0.3064,3264.21,0.14490,0.25120,0.38610,133.57430
java,small_hot_keys,1000,61,0.3077,3249.56,0.14930,0.27140,0.36540,133.92970
java,small_hot_keys,1000,62,0.3242,3084.99,0.14250,0.24400,0.31880,143.32730
java,small_hot_keys,1000,63,0.3048,3280.51,0.14520,0.27510,0.36290,132.23640
java,small_hot_keys,1000,64,0.3105,3220.13,0.15050,0.26220,0.35430,133.98600
java,small_hot_keys,1000,65,0.3092,3233.78,0.14740,0.25980,0.32540,136.96120
java,small_hot_keys,1000,66,0.3087,3239.44,0.14660,0.26110,0.33460,135.79910
java,small_hot_keys,1000,67,0.3415,2928.10,0.16340,0.28790,0.38190,149.53940
java,small_hot_keys,1000,68,0.3205,3120.20,0.15240,0.25640,0.34350,148.05480
java,small_hot_keys,1000,69,0.3134,3190.84,0.14190,0.26270,0.39250,138.35500
java,small_hot_keys,1000,70,0.3030,3299.81,0.14650,0.24930,0.29110,132.85600
java,small_hot_keys,1000,71,0.3081,3245.85,0.14790,0.26340,0.36350,139.10750
java,small_hot_keys,1000,72,0.3099,3226.52,0.14130,0.27140,0.36920,133.58600
java,small_hot_keys,1000,73,0.3099,3226.33,0.14310,0.24440,0.30550,136.12340
java,small_hot_keys,1000,74,0.3086,3240.90,0.14800,0.26130,0.33050,129.23430
java,small_hot_keys,1000,75,0.3132,3192.77,0.13870,0.23170,0.29720,138.38870
java,small_hot_keys,1000,76,0.3026,3304.69,0.14270,0.24530,0.31940,135.25700
java,small_hot_keys,1000,77,0.3251,3076.30,0.15620,0.26580,0.36350,133.37600
java,small_hot_keys,1000,78,0.3363,2973.28,0.14870,0.27070,0.36020,157.64710
java,small_hot_keys,1000,79,0.3282,3046.51,0.16360,0.29610,0.38420,140.33330
java,small_hot_keys,1000,80,0.3513,2846.88,0.16610,0.28690,0.38280,155.84750
java,small_hot_keys,1000,81,0.3362,2974.49,0.14890,0.26630,0.35310,149.89290
java,small_hot_keys,1000,82,0.3068,3259.26,0.14770,0.27910,0.37000,134.59390
java,small_hot_keys,1000,83,0.3088,3238.04,0.14540,0.25150,0.32610,137.10910
java,small_hot_keys,1000,84,0.3085,3240.98,0.14090,0.26180,0.31860,135.49220
java,small_hot_keys,1000,85,0.3118,3207.49,0.14620,0.25030,0.36790,133.66700
java,small_hot_keys,1000,86,0.3100,3225.37,0.14530,0.26590,0.34050,135.20350
java,small_hot_keys,1000,87,0.3064,3263.20,0.13890,0.25370,0.33030,135.62880
java,small_hot_keys,1000,88,0.3094,3231.65,0.15020,0.25590,0.33520,132.62860
java,small_hot_keys,1000,89,0.3087,3239.49,0.14110,0.24370,0.30190,137.09480
java,small_hot_keys,1000,90,0.3178,3146.52,0.14130,0.25650,0.33480,136.31630
java,small_hot_keys,1000,91,0.3099,3227.34,0.14790,0.25940,0.35140,132.21250
java,small_hot_keys,1000,92,0.3132,3193.34,0.13950,0.23940,0.30990,136.47830
java,small_hot_keys,1000,93,0.3044,3285.54,0.14460,0.25210,0.33460,133.76130
java,small_hot_keys,1000,94,0.3055,3273.15,0.14770,0.26330,0.34350,131.37030
java,small_hot_keys,1000,95,0.3134,3191.21,0.13960,0.24660,0.32950,139.40630
java,small_hot_keys,1000,96,0.3202,3123.39,0.16340,0.26190,0.33370,129.94710
java,small_hot_keys,1000,97,0.3893,2568.57,0.18810,0.30940,0.38310,174.78660
java,small_hot_keys,1000,98,0.4507,2218.63,0.18940,0.32650,0.44540,228.31030
java,small_hot_keys,1000,99,0.3490,2865.33,0.14610,0.26300,0.33970,171.50190
java,small_hot_keys,1000,100,0.3235,3091.03,0.15170,0.26930,0.36050,139.04550
rust,small_hot_keys,1000,1,0.0862,11595.02,0.05230,0.07710,0.11720,27.48200
rust,small_hot_keys,1000,2,0.0846,11823.45,0.05110,0.07120,0.09430,28.44100
rust,small_hot_keys,1000,3,0.0827,12091.12,0.05030,0.07260,0.09340,26.35680
rust,small_hot_keys,1000,4,0.0872,11468.53,0.05200,0.08560,0.13940,25.77190
rust,small_hot_keys,1000,5,0.0801,12483.47,0.05040,0.07290,0.10690,24.09250
rust,small_hot_keys,1000,6,0.0768,13020.85,0.04950,0.07910,0.11440,20.52490
rust,small_hot_keys,1000,7,0.0766,13060.95,0.04950,0.07630,0.10910,21.07180
rust,small_hot_keys,1000,8,0.0779,12841.44,0.04940,0.07920,0.10640,21.36470
rust,small_hot_keys,1000,9,0.0797,12548.64,0.05070,0.08130,0.11240,21.66850
rust,small_hot_keys,1000,10,0.0793,12618.06,0.05060,0.07140,0.10410,22.59830
rust,small_hot_keys,1000,11,0.0808,12381.55,0.04860,0.06930,0.09140,26.27090
rust,small_hot_keys,1000,12,0.0790,12653.17,0.04800,0.06530,0.08680,26.02650
rust,small_hot_keys,1000,13,0.0804,12444.81,0.04800,0.07120,0.09250,26.11460
rust,small_hot_keys,1000,14,0.0794,12593.28,0.04890,0.07020,0.10270,24.96400
rust,small_hot_keys,1000,15,0.0769,12997.34,0.04910,0.07230,0.10120,22.12150
rust,small_hot_keys,1000,16,0.0776,12885.19,0.04850,0.07960,0.13630,20.63540
rust,small_hot_keys,1000,17,0.0879,11380.89,0.05060,0.08090,0.12020,30.53490
rust,small_hot_keys,1000,18,0.0776,12886.15,0.04970,0.08190,0.11470,21.20190
rust,small_hot_keys,1000,19,0.0775,12895.36,0.04980,0.07610,0.10710,20.96490
rust,small_hot_keys,1000,20,0.0779,12841.32,0.04990,0.07380,0.09930,21.84290
rust,small_hot_keys,1000,21,0.0768,13019.82,0.04750,0.06820,0.08950,23.67570
rust,small_hot_keys,1000,22,0.0786,12719.25,0.04770,0.06830,0.09520,25.86790
rust,small_hot_keys,1000,23,0.0801,12478.16,0.04770,0.07120,0.08890,26.62830
rust,small_hot_keys,1000,24,0.0773,12934.47,0.04820,0.07170,0.09270,22.84210
rust,small_hot_keys,1000,25,0.0764,13085.44,0.04940,0.07550,0.10200,20.79630
rust,small_hot_keys,1000,26,0.0802,12465.25,0.05060,0.08010,0.11510,22.49300
rust,small_hot_keys,1000,27,0.0779,12838.52,0.04840,0.07550,0.10670,22.72230
rust,small_hot_keys,1000,28,0.0758,13192.18,0.04830,0.07240,0.10410,20.35270
rust,small_hot_keys,1000,29,0.0893,11200.00,0.05090,0.07520,0.09530,31.52090
rust,small_hot_keys,1000,30,0.0775,12903.83,0.04860,0.07010,0.08990,22.75460
rust,small_hot_keys,1000,31,0.0757,13203.57,0.04760,0.06710,0.08380,23.08780
rust,small_hot_keys,1000,32,0.0784,12758.91,0.04770,0.06450,0.09260,25.52610
rust,small_hot_keys,1000,33,0.0765,13067.01,0.04790,0.07100,0.10810,23.85210
rust,small_hot_keys,1000,34,0.0759,13166.96,0.04890,0.07770,0.11410,20.27640
rust,small_hot_keys,1000,35,0.0767,13040.09,0.04970,0.07750,0.13410,20.33730
rust,small_hot_keys,1000,36,0.0774,12912.96,0.05010,0.07570,0.11970,20.72260
rust,small_hot_keys,1000,37,0.0782,12785.55,0.05000,0.07020,0.09620,21.95400
rust,small_hot_keys,1000,38,0.0790,12653.45,0.04840,0.06930,0.08810,24.36740
rust,small_hot_keys,1000,39,0.0786,12719.38,0.04820,0.06630,0.08710,25.13000
rust,small_hot_keys,1000,40,0.0823,12157.06,0.04960,0.07230,0.10460,25.22270
rust,small_hot_keys,1000,41,0.0873,11458.43,0.04890,0.07060,0.08520,33.33410
rust,small_hot_keys,1000,42,0.0815,12269.20,0.04970,0.07000,0.09570,26.79550
rust,small_hot_keys,1000,43,0.0813,12294.33,0.04910,0.07310,0.12920,25.57870
rust,small_hot_keys,1000,44,0.0812,12308.00,0.05060,0.08250,0.11180,23.10430
rust,small_hot_keys,1000,45,0.0849,11778.95,0.05360,0.08930,0.12820,22.95880
rust,small_hot_keys,1000,46,0.0865,11563.30,0.05420,0.08520,0.12470,24.35650
rust,small_hot_keys,1000,47,0.0825,12116.03,0.05190,0.08480,0.10950,23.55860
rust,small_hot_keys,1000,48,0.0850,11766.19,0.05380,0.09180,0.13850,22.53590
rust,small_hot_keys,1000,49,0.0867,11527.76,0.05540,0.09850,0.13690,22.64280
rust,small_hot_keys,1000,50,0.0811,12330.76,0.05240,0.07910,0.11570,22.27300
rust,small_hot_keys,1000,51,0.0805,12416.53,0.05200,0.08130,0.10860,21.83630
rust,small_hot_keys,1000,52,0.0908,11018.74,0.05420,0.08760,0.10840,29.01860
rust,small_hot_keys,1000,53,0.0836,11965.57,0.05270,0.08370,0.11000,23.30980
rust,small_hot_keys,1000,54,0.0795,12584.00,0.05020,0.07610,0.09910,21.72500
rust,small_hot_keys,1000,55,0.0786,12714.67,0.04960,0.07350,0.09330,22.89050
rust,small_hot_keys,1000,56,0.0780,12818.57,0.04850,0.06780,0.08920,24.56180
rust,small_hot_keys,1000,57,0.0828,12084.50,0.04950,0.06950,0.09170,28.16800
rust,small_hot_keys,1000,58,0.0821,12181.13,0.04860,0.06870,0.10020,28.09310
rust,small_hot_keys,1000,59,0.0761,13147.74,0.04770,0.07310,0.10240,22.80140
rust,small_hot_keys,1000,60,0.0747,13386.02,0.04800,0.07930,0.11980,19.93420
rust,small_hot_keys,1000,61,0.0751,13313.04,0.04910,0.07580,0.10860,19.59470
rust,small_hot_keys,1000,62,0.0783,12767.80,0.05060,0.07710,0.11580,21.07030
rust,small_hot_keys,1000,63,0.0827,12096.37,0.05070,0.07740,0.10210,23.48840
rust,small_hot_keys,1000,64,0.0859,11641.28,0.04980,0.07690,0.11360,28.22610
rust,small_hot_keys,1000,65,0.0817,12246.06,0.05170,0.07540,0.10630,23.48080
rust,small_hot_keys,1000,66,0.0783,12776.01,0.04810,0.06650,0.09020,24.06730
rust,small_hot_keys,1000,67,0.0800,12499.48,0.04800,0.07300,0.09990,26.02310
rust,small_hot_keys,1000,68,0.0793,12607.42,0.04800,0.06830,0.09670,25.82300
rust,small_hot_keys,1000,69,0.0782,12787.92,0.04780,0.06950,0.10090,25.08130
rust,small_hot_keys,1000,70,0.0761,13144.30,0.04800,0.07500,0.09890,22.22310
rust,small_hot_keys,1000,71,0.0746,13410.51,0.04900,0.07320,0.10640,19.83400
rust,small_hot_keys,1000,72,0.0766,13048.26,0.04920,0.07710,0.11080,20.90230
rust,small_hot_keys,1000,73,0.0776,12890.68,0.04950,0.07560,0.10800,21.40640
rust,small_hot_keys,1000,74,0.0778,12847.06,0.04820,0.07150,0.09700,23.13980
rust,small_hot_keys,1000,75,0.0810,12339.01,0.04860,0.06900,0.08960,25.29890
rust,small_hot_keys,1000,76,0.0913,10957.11,0.05100,0.07550,0.10310,33.80650
rust,small_hot_keys,1000,77,0.0787,12712.09,0.04860,0.06750,0.08220,25.38480
rust,small_hot_keys,1000,78,0.0783,12771.95,0.04810,0.06730,0.09260,25.04320
rust,small_hot_keys,1000,79,0.0779,12838.57,0.04800,0.07510,0.10260,23.92920
rust,small_hot_keys,1000,80,0.0848,11797.38,0.04990,0.07900,0.10790,27.14560
rust,small_hot_keys,1000,81,0.0771,12961.88,0.04960,0.07960,0.11970,20.68660
rust,small_hot_keys,1000,82,0.0770,12986.41,0.04980,0.07820,0.10650,20.48180
rust,small_hot_keys,1000,83,0.0810,12342.89,0.05060,0.07810,0.11910,22.70540
rust,small_hot_keys,1000,84,0.0769,13003.72,0.04870,0.07230,0.10890,21.27840
rust,small_hot_keys,1000,85,0.0776,12889.17,0.04830,0.06810,0.08830,23.07740
rust,small_hot_keys,1000,86,0.0784,12748.27,0.04820,0.06520,0.08750,24.74050
rust,small_hot_keys,1000,87,0.0837,11945.90,0.05100,0.07730,0.11780,26.15310
rust,small_hot_keys,1000,88,0.0836,11958.05,0.04990,0.07280,0.10960,27.69810
rust,small_hot_keys,1000,89,0.0811,12330.14,0.04880,0.06790,0.09120,27.10850
rust,small_hot_keys,1000,90,0.0769,13009.82,0.04830,0.07280,0.10310,22.67330
rust,small_hot_keys,1000,91,0.0756,13222.07,0.04800,0.07740,0.11440,21.20450
rust,small_hot_keys,1000,92,0.0774,12915.17,0.04910,0.08190,0.14360,20.57160
rust,small_hot_keys,1000,93,0.0770,12995.37,0.04980,0.07840,0.10270,21.10480
rust,small_hot_keys,1000,94,0.0799,12517.16,0.05020,0.07330,0.10710,23.12080
rust,small_hot_keys,1000,95,0.0795,12585.44,0.04950,0.07110,0.10250,23.79230
rust,small_hot_keys,1000,96,0.0780,12820.40,0.04850,0.06610,0.08600,24.34110
rust,small_hot_keys,1000,97,0.0803,12456.77,0.04820,0.07000,0.09100,26.49540
rust,small_hot_keys,1000,98,0.0819,12206.02,0.04880,0.07160,0.08520,27.85530
rust,small_hot_keys,1000,99,0.0882,11336.22,0.05300,0.08400,0.11600,27.98170
rust,small_hot_keys,1000,100,0.0802,12461.68,0.05030,0.07420,0.11270,23.96150
python,small_mixed,1000,1,0.2683,3726.83,0.12250,0.18910,0.24510,119.35570
python,small_mixed,1000,2,0.2259,4426.46,0.09880,0.14200,0.18030,108.01140
python,small_mixed,1000,3,0.2222,4499.61,0.09300,0.13620,0.17730,109.04160
python,small_mixed,1000,4,0.1919,5211.33,0.07810,0.12240,0.16750,93.92940
python,small_mixed,1000,5,0.1784,5605.51,0.06830,0.10770,0.14500,91.62110
python,small_mixed,1000,6,0.1789,5588.84,0.06660,0.10380,0.13940,92.73860
python,small_mixed,1000,7,0.1747,5723.20,0.06360,0.10050,0.12790,88.33880
python,small_mixed,1000,8,0.1708,5854.68,0.06140,0.09220,0.12520,89.43060
python,small_mixed,1000,9,0.1796,5569.26,0.06320,0.09860,0.13370,92.80590
python,small_mixed,1000,10,0.1790,5586.57,0.06160,0.08720,0.12180,97.06380
python,small_mixed,1000,11,0.1736,5759.23,0.06190,0.09220,0.12100,92.88340
python,small_mixed,1000,12,0.1709,5851.79,0.06040,0.08610,0.10940,93.07150
python,small_mixed,1000,13,0.1647,6072.74,0.05960,0.08720,0.12420,89.80240
python,small_mixed,1000,14,0.1602,6241.44,0.05720,0.08760,0.12600,88.35050
python,small_mixed,1000,15,0.1627,6145.46,0.06050,0.09390,0.14680,84.23000
python,small_mixed,1000,16,0.1654,6047.12,0.06110,0.08690,0.11300,85.78820
python,small_mixed,1000,17,0.1605,6230.16,0.05820,0.08190,0.10440,87.04320
python,small_mixed,1000,18,0.1605,6228.84,0.05850,0.09140,0.12930,85.31910
python,small_mixed,1000,19,0.1657,6036.70,0.05890,0.10470,0.13370,87.18370
python,small_mixed,1000,20,0.1674,5973.30,0.06200,0.09680,0.14000,84.16630
python,small_mixed,1000,21,0.1838,5441.19,0.06810,0.11120,0.13810,97.07700
python,small_mixed,1000,22,0.1813,5516.99,0.06490,0.10160,0.13280,98.35120
python,small_mixed,1000,23,0.1888,5295.56,0.06660,0.10280,0.14040,104.58410
python,small_mixed,1000,24,0.1787,5595.07,0.06300,0.09550,0.13180,98.47970
python,small_mixed,1000,25,0.1746,5726.21,0.06130,0.09660,0.13510,96.08450
python,small_mixed,1000,26,0.1718,5819.07,0.05920,0.08720,0.11790,90.10680
python,small_mixed,1000,27,0.1655,6042.97,0.05870,0.08960,0.11410,86.26110
python,small_mixed,1000,28,0.1739,5749.61,0.06120,0.08680,0.12160,93.93090
python,small_mixed,1000,29,0.1694,5901.98,0.06210,0.09020,0.11460,91.54730
python,small_mixed,1000,30,0.1666,6002.13,0.05970,0.09520,0.14300,90.32510
python,small_mixed,1000,31,0.1644,6082.58,0.05900,0.09580,0.14830,89.49330
python,small_mixed,1000,32,0.1618,6180.40,0.06030,0.09610,0.12800,84.58980
python,small_mixed,1000,33,0.1642,6090.26,0.05960,0.08970,0.11120,86.82690
python,small_mixed,1000,34,0.1611,6206.49,0.05810,0.08500,0.11250,86.83660
python,small_mixed,1000,35,0.1621,6168.35,0.05940,0.09240,0.11400,87.62750
python,small_mixed,1000,36,0.1641,6092.11,0.05850,0.09440,0.11780,89.94350
python,small_mixed,1000,37,0.1642,6091.06,0.05890,0.09110,0.12060,88.30980
python,small_mixed,1000,38,0.1670,5988.08,0.05930,0.09230,0.12610,86.03150
python,small_mixed,1000,39,0.1622,6164.75,0.06000,0.08250,0.11470,86.17170
python,small_mixed,1000,40,0.1608,6220.23,0.05910,0.09090,0.13270,85.38840
python,small_mixed,1000,41,0.1635,6114.61,0.06070,0.09350,0.12450,86.37400
python,small_mixed,1000,42,0.1618,6181.20,0.05850,0.09010,0.12620,85.21250
python,small_mixed,1000,43,0.1722,5807.54,0.06030,0.09010,0.12120,93.97460
python,small_mixed,1000,44,0.1686,5930.38,0.05850,0.08650,0.11100,91.00320
python,small_mixed,1000,45,0.1593,6277.68,0.05710,0.08400,0.11880,88.34660
python,small_mixed,1000,46,0.1615,6192.61,0.05940,0.08990,0.11360,87.14660
python,small_mixed,1000,47,0.1616,6189.71,0.05980,0.08950,0.13280,83.91490
python,small_mixed,1000,48,0.1654,6046.37,0.06050,0.08870,0.11430,85.66560
python,small_mixed,1000,49,0.1761,5677.41,0.05810,0.08550,0.10640,101.81930
python,small_mixed,1000,50,0.1651,6058.05,0.05980,0.08790,0.11690,90.25100
python,small_mixed,1000,51,0.1593,6276.73,0.05890,0.09310,0.11840,83.63380
python,small_mixed,1000,52,0.1821,5491.39,0.07310,0.12040,0.17530,85.59220
python,small_mixed,1000,53,0.1802,5548.77,0.06510,0.09920,0.12630,97.54160
python,small_mixed,1000,54,0.1730,5778.68,0.06360,0.10280,0.14850,89.46590
python,small_mixed,1000,55,0.1748,5722.10,0.06380,0.10020,0.14420,91.64080
python,small_mixed,1000,56,0.1657,6033.72,0.06080,0.09460,0.11970,85.95940
python,small_mixed,1000,57,0.1706,5861.43,0.06100,0.09220,0.12230,89.55150
python,small_mixed,1000,58,0.1633,6123.95,0.05760,0.08260,0.11100,88.54720
python,small_mixed,1000,59,0.1630,6135.24,0.05860,0.09450,0.13740,87.91410
python,small_mixed,1000,60,0.1600,6249.52,0.05800,0.08770,0.11660,86.71830
python,small_mixed,1000,61,0.1656,6038.95,0.05870,0.10850,0.18840,83.50380
python,small_mixed,1000,62,0.1647,6072.00,0.05730,0.08510,0.11340,89.78350
python,small_mixed,1000,63,0.1559,6415.12,0.05770,0.08580,0.10930,83.90310
python,small_mixed,1000,64,0.1609,6213.41,0.05760,0.08590,0.11860,88.24490
python,small_mixed,1000,65,0.1612,6204.67,0.06090,0.09160,0.11070,84.94770
python,small_mixed,1000,66,0.1613,6198.97,0.05750,0.08370,0.12310,84.68280
python,small_mixed,1000,67,0.1634,6118.66,0.05950,0.09590,0.12070,86.77810
python,small_mixed,1000,68,0.1601,6244.38,0.05810,0.08450,0.11380,87.91800
python,small_mixed,1000,69,0.1580,6328.08,0.05670,0.09280,0.11670,86.41370
python,small_mixed,1000,70,0.1589,6292.23,0.05690,0.08760,0.11580,86.26070
python,small_mixed,1000,71,0.1529,6538.33,0.05600,0.08130,0.09930,83.47590
python,small_mixed,1000,72,0.1569,6374.28,0.05700,0.08560,0.11030,84.20880
python,small_mixed,1000,73,0.1614,6194.19,0.05870,0.09360,0.11960,82.29900
python,small_mixed,1000,74,0.1651,6056.84,0.05950,0.08680,0.10560,87.53570
python,small_mixed,1000,75,0.1596,6267.20,0.05740,0.08800,0.10920,86.23110
python,small_mixed,1000,76,0.1607,6221.02,0.05910,0.08530,0.10640,88.16150
python,small_mixed,1000,77,0.1580,6328.45,0.05730,0.09310,0.14280,84.93570
python,small_mixed,1000,78,0.1576,6346.51,0.05680,0.08630,0.11870,86.77600
python,small_mixed,1000,79,0.1525,6558.48,0.05610,0.08120,0.10360,83.24710
python,small_mixed,1000,80,0.1890,5291.41,0.06090,0.09840,0.12160,109.80070
python,small_mixed,1000,81,0.1844,5421.57,0.06060,0.09120,0.11820,104.53950
python,small_mixed,1000,82,0.1656,6039.05,0.06090,0.09190,0.11770,87.75270
python,small_mixed,1000,83,0.1750,5714.33,0.06470,0.10150,0.13880,92.10820
python,small_mixed,1000,84,0.1770,5648.40,0.06480,0.10440,0.13410,95.32340
python,small_mixed,1000,85,0.1852,5400.48,0.06170,0.09340,0.13530,106.98100
python,small_mixed,1000,86,0.1789,5590.70,0.06350,0.10560,0.14370,97.24240
python,small_mixed,1000,87,0.1679,5956.63,0.06260,0.09550,0.12430,89.60350
python,small_mixed,1000,88,0.1600,6249.79,0.06010,0.09070,0.12980,84.23760
python,small_mixed,1000,89,0.1637,6109.56,0.05990,0.08580,0.11200,85.23410
python,small_mixed,1000,90,0.1545,6472.97,0.05720,0.08270,0.10350,83.61260
python,small_mixed,1000,91,0.1632,6126.49,0.05770,0.08880,0.11170,90.89660
python,small_mixed,1000,92,0.1605,6229.09,0.05930,0.09450,0.12340,86.89140
python,small_mixed,1000,93,0.1626,6149.06,0.05720,0.08880,0.11590,86.88670
python,small_mixed,1000,94,0.1579,6332.21,0.05650,0.08790,0.12210,86.24970
python,small_mixed,1000,95,0.1626,6151.03,0.05890,0.09060,0.12130,88.03600
python,small_mixed,1000,96,0.1577,6341.44,0.05800,0.09230,0.12090,84.24060
python,small_mixed,1000,97,0.1682,5945.42,0.06000,0.08880,0.13540,91.25350
python,small_mixed,1000,98,0.1602,6241.12,0.05730,0.08220,0.10150,86.39420
python,small_mixed,1000,99,0.1570,6369.19,0.05840,0.08570,0.12640,84.23440
python,small_mixed,1000,100,0.1639,6101.83,0.05850,0.08690,0.11190,91.43050
java,small_mixed,1000,1,0.3341,2993.05,0.14550,0.26490,0.34660,132.54760
java,small_mixed,1000,2,0.3204,3121.08,0.15840,0.27160,0.35380,133.42820
java,small_mixed,1000,3,0.3830,2610.70,0.17270,0.29030,0.35940,157.34180
java,small_mixed,1000,4,0.3592,2783.80,0.15350,0.28600,0.36280,143.85430
java,small_mixed,1000,5,0.3063,3265.07,0.14510,0.25000,0.37420,136.91150
java,small_mixed,1000,6,0.3428,2917.56,0.14160,0.24550,0.31410,136.16230
java,small_mixed,1000,7,0.3379,2959.26,0.14310,0.26650,0.33940,131.17330
java,small_mixed,1000,8,0.3374,2963.42,0.14750,0.26020,0.36790,131.77200
java,small_mixed,1000,9,0.3381,2958.08,0.13880,0.25300,0.30670,133.79320
java,small_mixed,1000,10,0.3120,3204.75,0.15380,0.26240,0.33400,130.06660
java,small_mixed,1000,11,0.3641,2746.13,0.15960,0.26460,0.36070,151.78500
java,small_mixed,1000,12,0.3420,2924.40,0.14530,0.27890,0.33680,139.90180
java,small_mixed,1000,13,0.3256,3071.62,0.14720,0.26010,0.34340,129.47590
java,small_mixed,1000,14,0.3431,2914.87,0.14070,0.24400,0.30280,137.65210
java,small_mixed,1000,15,0.3356,2979.62,0.14070,0.24980,0.31000,135.37510
java,small_mixed,1000,16,0.3283,3046.41,0.14000,0.26510,0.33630,125.41820
java,small_mixed,1000,17,0.3351,2984.15,0.14890,0.26290,0.35110,131.64930
java,small_mixed,1000,18,0.3397,2943.67,0.15000,0.24480,0.33640,139.52860
java,small_mixed,1000,19,0.3353,2982.72,0.15170,0.25200,0.31170,132.84540
java,small_mixed,1000,20,0.3230,3096.30,0.14340,0.26060,0.35560,139.02520
java,small_mixed,1000,21,0.3238,3088.08,0.15890,0.27430,0.32200,130.69610
java,small_mixed,1000,22,0.3735,2677.10,0.17050,0.28800,0.41190,146.70850
java,small_mixed,1000,23,0.4157,2405.73,0.18860,0.31540,0.41960,176.54700
java,small_mixed,1000,24,0.4133,2419.62,0.18000,0.31150,0.40290,171.20100
java,small_mixed,1000,25,0.3706,2698.14,0.17450,0.29740,0.43000,153.39360
java,small_mixed,1000,26,0.3719,2688.94,0.16850,0.28160,0.45650,144.29690
java,small_mixed,1000,27,0.3523,2838.59,0.17000,0.27970,0.38420,159.68930
java,small_mixed,1000,28,0.3698,2704.32,0.16680,0.27490,0.57200,141.38910
java,small_mixed,1000,29,0.3539,2825.62,0.16500,0.26760,0.37050,162.63130
java,small_mixed,1000,30,0.3620,2762.65,0.15780,0.28910,0.39100,152.84000
java,small_mixed,1000,31,0.3728,2682.53,0.16790,0.29530,0.41990,152.71920
java,small_mixed,1000,32,0.3562,2807.59,0.15550,0.27790,0.45100,140.36130
java,small_mixed,1000,33,0.3508,2850.84,0.14570,0.31030,0.39820,141.29830
java,small_mixed,1000,34,0.3232,3093.79,0.14210,0.26640,0.35050,143.84960
java,small_mixed,1000,35,0.3409,2933.39,0.15510,0.25600,0.33780,131.59180
java,small_mixed,1000,36,0.3060,3267.71,0.14810,0.26700,0.34650,134.44960
java,small_mixed,1000,37,0.3726,2683.78,0.14640,0.27040,0.38580,157.98620
java,small_mixed,1000,38,0.3371,2966.51,0.14380,0.27210,0.35520,129.21700
java,small_mixed,1000,39,0.3396,2944.71,0.14140,0.23640,0.30770,135.26130
java,small_mixed,1000,40,0.3366,2971.03,0.13110,0.23280,0.30270,148.33660
java,small_mixed,1000,41,0.3092,3234.08,0.14430,0.25170,0.31570,132.49480
java,small_mixed,1000,42,0.4204,2378.57,0.18140,0.35130,0.46760,176.54570
java,small_mixed,1000,43,0.3945,2534.53,0.16740,0.31100,0.41310,173.74820
java,small_mixed,1000,44,0.3206,3119.24,0.14940,0.26590,0.33580,141.43560
java,small_mixed,1000,45,0.3749,2667.69,0.17450,0.32980,0.49470,155.79910
java,small_mixed,1000,46,0.4174,2395.73,0.18190,0.32770,0.45370,171.05050
java,small_mixed,1000,47,0.3674,2721.56,0.15890,0.29350,0.40830,180.48590
java,small_mixed,1000,48,0.3244,3083.08,0.14950,0.27490,0.36280,139.31400
java,small_mixed,1000,49,0.3450,2898.25,0.14920,0.26840,0.38180,135.75170
java,small_mixed,1000,50,0.3524,2837.50,0.16730,0.26540,0.34620,131.62610
java,small_mixed,1000,51,0.3898,2565.46,0.19550,0.31200,0.40920,164.02040
java,small_mixed,1000,52,0.4423,2261.06,0.21730,0.40470,0.55870,162.65050
java,small_mixed,1000,53,0.5433,1840.67,0.22260,0.42850,0.67770,253.71890
java,small_mixed,1000,54,0.4534,2205.39,0.19330,0.38560,0.61630,201.86920
java,small_mixed,1000,55,0.3714,2692.24,0.15390,0.29590,0.37360,150.35580
java,small_mixed,1000,56,0.3199,3126.20,0.13710,0.24960,0.32580,133.69020
java,small_mixed,1000,57,0.3109,3216.92,0.14370,0.30010,0.42920,130.67680
java,small_mixed,1000,58,0.3376,2962.45,0.14550,0.24230,0.31860,145.07170
java,small_mixed,1000,59,0.3592,2783.84,0.16800,0.29930,0.41130,135.17750
java,small_mixed,1000,60,0.3777,2647.54,0.15000,0.28130,0.37190,166.20810
java,small_mixed,1000,61,0.3598,2779.54,0.15550,0.27750,0.36310,136.09590
java,small_mixed,1000,62,0.4016,2489.78,0.19130,0.35740,0.51850,178.59690
java,small_mixed,1000,63,0.3792,2637.43,0.15790,0.27430,0.37250,163.83520
java,small_mixed,1000,64,0.4167,2400.08,0.17800,0.33120,0.47630,180.03950
java,small_mixed,1000,65,0.3863,2588.36,0.15250,0.28360,0.39730,165.55090
java,small_mixed,1000,66,0.3054,3274.43,0.14090,0.25860,0.32770,132.67340
java,small_mixed,1000,67,0.3276,3052.25,0.15140,0.25460,0.32960,131.11400
java,small_mixed,1000,68,0.3361,2974.99,0.14550,0.26920,0.33930,135.12360
java,small_mixed,1000,69,0.3220,3105.83,0.14250,0.22970,0.31090,136.84480
java,small_mixed,1000,70,0.3399,2942.31,0.14000,0.26480,0.33700,130.95010
java,small_mixed,1000,71,0.3227,3099.17,0.14400,0.25480,0.33790,131.52040
java,small_mixed,1000,72,0.3264,3063.91,0.14830,0.25270,0.32890,132.86930
java,small_mixed,1000,73,0.3394,2946.59,0.14010,0.25530,0.35350,131.55660
java,small_mixed,1000,74,0.3236,3090.45,0.14230,0.25910,0.34820,130.86530
java,small_mixed,1000,75,0.3908,2558.62,0.17400,0.28660,0.39240,164.66420
java,small_mixed,1000,76,0.3484,2869.96,0.15480,0.26180,0.35360,143.01790
java,small_mixed,1000,77,0.3197,3128.18,0.14280,0.26850,0.35450,137.08970
java,small_mixed,1000,78,0.3441,2905.84,0.14180,0.26240,0.32480,132.37650
java,small_mixed,1000,79,0.3360,2975.89,0.14230,0.25820,0.36030,126.91790
java,small_mixed,1000,80,0.3069,3258.42,0.14320,0.25190,0.31210,136.99450
java,small_mixed,1000,81,0.3226,3099.59,0.14170,0.25050,0.33510,130.57320
java,small_mixed,1000,82,0.3429,2916.50,0.15150,0.26980,0.35850,132.92620
java,small_mixed,1000,83,0.3586,2788.34,0.16220,0.26970,0.34480,130.49990
java,small_mixed,1000,84,0.3679,2717.87,0.16060,0.26570,0.35290,150.62920
java,small_mixed,1000,85,0.3550,2816.57,0.15690,0.28420,0.33800,146.73410
java,small_mixed,1000,86,0.3549,2817.69,0.15290,0.27550,0.35200,141.11540
java,small_mixed,1000,87,0.3071,3256.08,0.13440,0.23600,0.33570,132.88260
java,small_mixed,1000,88,0.3242,3084.87,0.13960,0.25480,0.30990,131.47330
java,small_mixed,1000,89,0.3370,2967.01,0.14790,0.26560,0.38810,136.16770
java,small_mixed,1000,90,0.3397,2943.76,0.14320,0.26780,0.35760,134.36190
java,small_mixed,1000,91,0.3196,3129.21,0.13040,0.24790,0.33070,133.53950
java,small_mixed,1000,92,0.3418,2926.10,0.14850,0.24820,0.32090,135.54520
java,small_mixed,1000,93,0.3214,3111.85,0.13390,0.24200,0.30030,131.94700
java,small_mixed,1000,94,0.3205,3120.55,0.14860,0.25330,0.33580,128.81430
java,small_mixed,1000,95,0.3095,3230.50,0.14280,0.23420,0.30260,139.12300
java,small_mixed,1000,96,0.3271,3057.03,0.14250,0.24960,0.34370,131.60010
java,small_mixed,1000,97,0.3685,2713.73,0.17410,0.33110,0.48300,136.54030
java,small_mixed,1000,98,0.3408,2934.04,0.15670,0.27090,0.42460,151.66700
java,small_mixed,1000,99,0.3707,2697.25,0.16320,0.27550,0.35520,147.19580
java,small_mixed,1000,100,0.3812,2623.40,0.15500,0.29880,0.42810,175.59530
rust,small_mixed,1000,1,0.0844,11845.86,0.05340,0.07810,0.09970,24.49260
rust,small_mixed,1000,2,0.0834,11996.10,0.05110,0.07550,0.09740,26.87080
rust,small_mixed,1000,3,0.0819,12207.76,0.04990,0.07280,0.09780,26.75510
rust,small_mixed,1000,4,0.0855,11696.91,0.05180,0.07990,0.10750,27.51330
rust,small_mixed,1000,5,0.0808,12372.39,0.05040,0.07990,0.11100,23.73910
rust,small_mixed,1000,6,0.0784,12762.02,0.04950,0.08040,0.10780,22.65210
rust,small_mixed,1000,7,0.0782,12784.19,0.05030,0.07990,0.10530,20.92140
rust,small_mixed,1000,8,0.0792,12624.67,0.05120,0.08090,0.10570,20.94070
rust,small_mixed,1000,9,0.0813,12306.90,0.05140,0.08020,0.09980,23.58930
rust,small_mixed,1000,10,0.0800,12492.50,0.05070,0.07270,0.10260,22.76100
rust,small_mixed,1000,11,0.0846,11823.03,0.05260,0.09000,0.14080,21.97310
rust,small_mixed,1000,12,0.0786,12720.51,0.04990,0.07470,0.09770,22.35010
rust,small_mixed,1000,13,0.0806,12400.16,0.05020,0.06790,0.09080,24.70300
rust,small_mixed,1000,14,0.0790,12661.59,0.04890,0.07050,0.08950,25.07310
rust,small_mixed,1000,15,0.0799,12521.47,0.04790,0.06840,0.09500,26.94730
rust,small_mixed,1000,16,0.0774,12918.31,0.04740,0.07450,0.10890,23.95760
rust,small_mixed,1000,17,0.0745,13426.42,0.04800,0.07680,0.11540,19.78320
rust,small_mixed,1000,18,0.0752,13292.48,0.04830,0.07420,0.11350,19.95350
rust,small_mixed,1000,19,0.0784,12757.54,0.05050,0.07570,0.11200,21.35860
rust,small_mixed,1000,20,0.0805,12416.93,0.05050,0.07460,0.10020,22.72110
rust,small_mixed,1000,21,0.0798,12529.00,0.04950,0.07000,0.08650,24.54030
rust,small_mixed,1000,22,0.0793,12616.94,0.04810,0.06740,0.09000,25.74100
rust,small_mixed,1000,23,0.0891,11224.04,0.05540,0.09250,0.13530,26.35910
rust,small_mixed,1000,24,0.0819,12215.69,0.05000,0.07020,0.08530,26.75940
rust,small_mixed,1000,25,0.0805,12427.01,0.04980,0.07510,0.10480,24.26170
rust,small_mixed,1000,26,0.0774,12924.36,0.04860,0.08020,0.10730,22.31760
rust,small_mixed,1000,27,0.0743,13455.26,0.04840,0.07600,0.10600,19.89420
rust,small_mixed,1000,28,0.0742,13481.32,0.04720,0.07410,0.10840,19.97800
rust,small_mixed,1000,29,0.0752,13304.86,0.04850,0.07110,0.09410,20.52570
rust,small_mixed,1000,30,0.0789,12675.85,0.05020,0.07070,0.09950,22.13290
rust,small_mixed,1000,31,0.0802,12466.90,0.04950,0.06840,0.08830,24.93320
rust,small_mixed,1000,32,0.0821,12179.44,0.04830,0.06940,0.09000,28.18790
rust,small_mixed,1000,33,0.0831,12035.24,0.04930,0.06940,0.09050,28.00760
rust,small_mixed,1000,34,0.0799,12510.98,0.04910,0.07270,0.09910,25.14620
rust,small_mixed,1000,35,0.0897,11145.97,0.05770,0.11040,0.18480,21.71250
rust,small_mixed,1000,36,0.0788,12685.75,0.05000,0.07730,0.10430,22.61820
rust,small_mixed,1000,37,0.0771,12974.58,0.04970,0.08230,0.11620,20.44540
rust,small_mixed,1000,38,0.0778,12860.98,0.05040,0.07730,0.11690,20.72820
rust,small_mixed,1000,39,0.0779,12841.37,0.05090,0.07890,0.10490,20.85630
rust,small_mixed,1000,40,0.0802,12462.81,0.05040,0.07310,0.10010,23.37810
rust,small_mixed,1000,41,0.0776,12892.48,0.04870,0.06960,0.08990,22.01870
rust,small_mixed,1000,42,0.0795,12577.18,0.04850,0.06820,0.08470,25.54420
rust,small_mixed,1000,43,0.0801,12484.91,0.04930,0.07110,0.09370,25.58580
rust,small_mixed,1000,44,0.0830,12049.57,0.04820,0.07240,0.09640,28.51950
rust,small_mixed,1000,45,0.0824,12138.29,0.04910,0.07810,0.11000,26.04740
rust,small_mixed,1000,46,0.0772,12959.24,0.04970,0.07470,0.11710,21.07780
rust,small_mixed,1000,47,0.0893,11195.36,0.05060,0.09290,0.14990,28.45610
rust,small_mixed,1000,48,0.0783,12773.28,0.04970,0.07700,0.11190,20.81720
rust,small_mixed,1000,49,0.0780,12821.53,0.04990,0.07850,0.11970,21.22100
rust,small_mixed,1000,50,0.0788,12691.10,0.05070,0.07900,0.10210,21.56640
rust,small_mixed,1000,51,0.0788,12684.96,0.05000,0.07500,0.10050,21.87390
rust,small_mixed,1000,52,0.0761,13141.23,0.04820,0.06760,0.09580,21.72500
rust,small_mixed,1000,53,0.0782,12784.11,0.04850,0.06810,0.09400,23.92370
rust,small_mixed,1000,54,0.0810,12349.14,0.04880,0.06790,0.09020,27.07250
rust,small_mixed,1000,55,0.0773,12940.81,0.04830,0.07080,0.09150,23.27910
rust,small_mixed,1000,56,0.0781,12811.89,0.05030,0.08130,0.10220,20.98630
rust,small_mixed,1000,57,0.0853,11723.89,0.05410,0.09370,0.11320,22.13330
rust,small_mixed,1000,58,0.0900,11111.60,0.05770,0.09290,0.14800,22.68810
rust,small_mixed,1000,59,0.0924,10817.02,0.05820,0.09530,0.12360,26.17770
rust,small_mixed,1000,60,0.0850,11760.72,0.05410,0.08740,0.12250,23.23210
rust,small_mixed,1000,61,0.0842,11871.62,0.05290,0.08570,0.12970,22.82420
rust,small_mixed,1000,62,0.0846,11824.17,0.05400,0.08760,0.11710,23.07520
rust,small_mixed,1000,63,0.0865,11565.92,0.05460,0.08990,0.12670,23.93960
rust,small_mixed,1000,64,0.0839,11912.18,0.05310,0.08500,0.10860,23.17370
rust,small_mixed,1000,65,0.0818,12218.65,0.05190,0.08050,0.10480,22.94050
rust,small_mixed,1000,66,0.0802,12467.13,0.05130,0.07970,0.12320,22.35650
rust,small_mixed,1000,67,0.0779,12831.29,0.04990,0.07860,0.09860,21.43980
rust,small_mixed,1000,68,0.0804,12442.21,0.05020,0.07200,0.09520,23.28610
rust,small_mixed,1000,69,0.0793,12608.24,0.04990,0.06920,0.09440,24.22790
rust,small_mixed,1000,70,0.0968,10334.82,0.04990,0.07370,0.10560,40.42050
rust,small_mixed,1000,71,0.0788,12686.44,0.04860,0.07070,0.09410,25.12810
rust,small_mixed,1000,72,0.0793,12604.11,0.04970,0.06940,0.08960,24.94940
rust,small_mixed,1000,73,0.0795,12577.10,0.04940,0.07830,0.10760,23.26850
rust,small_mixed,1000,74,0.0777,12876.67,0.05010,0.08270,0.12110,20.56500
rust,small_mixed,1000,75,0.0755,13237.95,0.04840,0.07340,0.10590,20.08310
rust,small_mixed,1000,76,0.0784,12748.78,0.04880,0.07650,0.10630,22.51930
rust,small_mixed,1000,77,0.0768,13013.12,0.04820,0.07150,0.09820,21.78390
rust,small_mixed,1000,78,0.0761,13147.31,0.04840,0.06870,0.09020,22.12990
rust,small_mixed,1000,79,0.0815,12269.32,0.05000,0.07260,0.09550,25.69370
rust,small_mixed,1000,80,0.0820,12195.67,0.04940,0.06880,0.08940,27.54090
rust,small_mixed,1000,81,0.0978,10227.26,0.06090,0.09820,0.16090,28.65980
rust,small_mixed,1000,82,0.0801,12489.12,0.04910,0.07080,0.10730,25.25310
rust,small_mixed,1000,83,0.0784,12758.08,0.04880,0.07130,0.10050,24.42300
rust,small_mixed,1000,84,0.0787,12702.40,0.04930,0.07790,0.10470,23.09820
rust,small_mixed,1000,85,0.0779,12833.74,0.05020,0.08180,0.10760,20.89660
rust,small_mixed,1000,86,0.0777,12876.29,0.05020,0.07760,0.10820,20.63460
rust,small_mixed,1000,87,0.0787,12711.75,0.05080,0.07780,0.10160,21.59190
rust,small_mixed,1000,88,0.0794,12599.09,0.04980,0.07410,0.11200,22.28680
rust,small_mixed,1000,89,0.0791,12639.99,0.04890,0.07270,0.10220,22.32690
rust,small_mixed,1000,90,0.0781,12807.49,0.04870,0.06820,0.09460,23.77550
rust,small_mixed,1000,91,0.0800,12494.91,0.04830,0.06970,0.09680,26.41930
rust,small_mixed,1000,92,0.0815,12267.15,0.04860,0.06990,0.09390,27.05200
rust,small_mixed,1000,93,0.0883,11324.54,0.05290,0.08820,0.12870,27.48840
rust,small_mixed,1000,94,0.0823,12157.24,0.04910,0.07890,0.11780,26.80890
rust,small_mixed,1000,95,0.0789,12678.88,0.04890,0.07810,0.11450,23.80730
rust,small_mixed,1000,96,0.0783,12778.12,0.04890,0.07980,0.12060,21.81230
rust,small_mixed,1000,97,0.0753,13280.95,0.04820,0.07530,0.10980,20.41360
rust,small_mixed,1000,98,0.0761,13137.07,0.04800,0.07520,0.12170,21.05900
rust,small_mixed,1000,99,0.0801,12482.66,0.04850,0.07180,0.10480,24.19310
rust,small_mixed,1000,100,0.0803,12452.57,0.05090,0.07150,0.09770,23.38610
python,small_numeric_incr,1000,1,0.2025,4938.49,0.08620,0.14820,0.20360,93.25680
python,small_numeric_incr,1000,2,0.1800,5555.90,0.06890,0.11680,0.16410,88.99820
python,small_numeric_incr,1000,3,0.1779,5621.22,0.06750,0.10540,0.13810,88.94250
python,small_numeric_incr,1000,4,0.1726,5795.22,0.06460,0.09540,0.12500,87.95910
python,small_numeric_incr,1000,5,0.1696,5894.99,0.06510,0.09320,0.12650,87.06020
python,small_numeric_incr,1000,6,0.1724,5801.10,0.06290,0.09350,0.11770,91.93220
python,small_numeric_incr,1000,7,0.1662,6017.36,0.06210,0.09300,0.12650,87.57820
python,small_numeric_incr,1000,8,0.1741,5745.34,0.06060,0.09110,0.11960,98.07210
python,small_numeric_incr,1000,9,0.1639,6099.98,0.06040,0.09900,0.13430,86.39030
python,small_numeric_incr,1000,10,0.1658,6030.77,0.05970,0.09290,0.12350,88.85070
python,small_numeric_incr,1000,11,0.1702,5877.01,0.06120,0.09180,0.13390,90.86370
python,small_numeric_incr,1000,12,0.1708,5854.77,0.06080,0.09130,0.11430,89.72060
python,small_numeric_incr,1000,13,0.1677,5961.66,0.05990,0.08260,0.10660,89.23120
python,small_numeric_incr,1000,14,0.1673,5976.94,0.06130,0.09300,0.12370,89.65830
python,small_numeric_incr,1000,15,0.1614,6196.73,0.05940,0.08590,0.11570,86.55770
python,small_numeric_incr,1000,16,0.1609,6215.09,0.05920,0.09030,0.12920,85.37730
python,small_numeric_incr,1000,17,0.1603,6238.79,0.05810,0.08470,0.10800,83.90250
python,small_numeric_incr,1000,18,0.1592,6280.03,0.05800,0.07880,0.11270,85.96510
python,small_numeric_incr,1000,19,0.1567,6382.08,0.05790,0.08630,0.10960,84.39740
python,small_numeric_incr,1000,20,0.1629,6137.80,0.05640,0.08720,0.12770,91.24800
python,small_numeric_incr,1000,21,0.1607,6223.22,0.05800,0.09010,0.12680,85.47120
python,small_numeric_incr,1000,22,0.1716,5827.88,0.06020,0.08630,0.12220,91.49690
python,small_numeric_incr,1000,23,0.1736,5759.75,0.06290,0.09430,0.12280,91.57680
python,small_numeric_incr,1000,24,0.1584,6312.42,0.05870,0.09420,0.12690,81.95540
python,small_numeric_incr,1000,25,0.1860,5376.90,0.07410,0.12190,0.16610,91.38740
python,small_numeric_incr,1000,26,0.1797,5564.48,0.06500,0.09660,0.12000,96.87690
python,small_numeric_incr,1000,27,0.2056,4862.93,0.06780,0.10680,0.13640,115.79730
python,small_numeric_incr,1000,28,0.1762,5674.76,0.06270,0.09060,0.13800,94.42550
python,small_numeric_incr,1000,29,0.1690,5917.09,0.06070,0.08660,0.12500,91.76270
python,small_numeric_incr,1000,30,0.1631,6133.07,0.06020,0.09360,0.11840,86.99760
python,small_numeric_incr,1000,31,0.1655,6042.69,0.05910,0.09220,0.11790,90.75560
python,small_numeric_incr,1000,32,0.1686,5932.20,0.05980,0.09170,0.11510,92.06540
python,small_numeric_incr,1000,33,0.1705,5866.37,0.06090,0.09340,0.12230,92.50610
python,small_numeric_incr,1000,34,0.1711,5844.94,0.06270,0.10080,0.14380,86.61720
python,small_numeric_incr,1000,35,0.1594,6274.64,0.05790,0.08010,0.11330,84.99550
python,small_numeric_incr,1000,36,0.1593,6276.50,0.05920,0.09540,0.12760,83.68480
python,small_numeric_incr,1000,37,0.1673,5976.25,0.05930,0.09010,0.12180,92.81990
python,small_numeric_incr,1000,38,0.1638,6104.18,0.05930,0.09620,0.12030,87.36320
python,small_numeric_incr,1000,39,0.1631,6131.32,0.05750,0.08690,0.12330,86.08680
python,small_numeric_incr,1000,40,0.1581,6326.19,0.05740,0.08040,0.10160,85.96230
python,small_numeric_incr,1000,41,0.1579,6334.89,0.05720,0.08200,0.10830,86.46270
python,small_numeric_incr,1000,42,0.1577,6339.49,0.05800,0.08970,0.13640,84.11330
python,small_numeric_incr,1000,43,0.1677,5961.49,0.05970,0.09070,0.12360,89.69110
python,small_numeric_incr,1000,44,0.1627,6146.20,0.05730,0.09000,0.11050,86.43970
python,small_numeric_incr,1000,45,0.1573,6356.90,0.05710,0.08630,0.11630,84.36710
python,small_numeric_incr,1000,46,0.1618,6181.51,0.05900,0.09820,0.13320,85.43500
python,small_numeric_incr,1000,47,0.1672,5979.24,0.06050,0.09010,0.12660,89.93780
python,small_numeric_incr,1000,48,0.1742,5740.73,0.06320,0.10230,0.14640,90.59190
python,small_numeric_incr,1000,49,0.1625,6155.12,0.05830,0.08930,0.12670,85.73170
python,small_numeric_incr,1000,50,0.1576,6345.22,0.05840,0.08450,0.10980,84.28710
python,small_numeric_incr,1000,51,0.1605,6231.59,0.05880,0.09610,0.12890,85.69400
python,small_numeric_incr,1000,52,0.1848,5411.24,0.06820,0.11680,0.15970,89.92260
python,small_numeric_incr,1000,53,0.1820,5494.60,0.06260,0.09990,0.12950,102.85520
python,small_numeric_incr,1000,54,0.1742,5741.08,0.06420,0.11020,0.14530,90.83480
python,small_numeric_incr,1000,55,0.1650,6059.38,0.05950,0.09530,0.13020,87.91770
python,small_numeric_incr,1000,56,0.1664,6011.16,0.05960,0.10760,0.13890,85.60460
python,small_numeric_incr,1000,57,0.1718,5819.06,0.06060,0.09760,0.11860,92.08610
python,small_numeric_incr,1000,58,0.1671,5983.99,0.05970,0.08750,0.12850,88.31500
python,small_numeric_incr,1000,59,0.1584,6311.90,0.05820,0.08680,0.11830,85.21710
python,small_numeric_incr,1000,60,0.1664,6008.25,0.05790,0.08760,0.11730,93.61500
python,small_numeric_incr,1000,61,0.1586,6304.00,0.05850,0.08710,0.12140,83.48370
python,small_numeric_incr,1000,62,0.1623,6161.26,0.05700,0.08940,0.11950,85.20290
python,small_numeric_incr,1000,63,0.1576,6346.88,0.05720,0.08090,0.12210,85.47540
python,small_numeric_incr,1000,64,0.1620,6172.15,0.05900,0.09220,0.13320,86.80890
python,small_numeric_incr,1000,65,0.1582,6320.33,0.05750,0.08840,0.11540,84.08370
python,small_numeric_incr,1000,66,0.1612,6201.73,0.05760,0.08400,0.10680,87.22820
python,small_numeric_incr,1000,67,0.1574,6352.98,0.05810,0.08310,0.11790,85.40500
python,small_numeric_incr,1000,68,0.1562,6402.92,0.05700,0.08950,0.12190,84.95840
python,small_numeric_incr,1000,69,0.1549,6457.61,0.05710,0.08710,0.12430,82.91450
python,small_numeric_incr,1000,70,0.1620,6172.12,0.05820,0.08110,0.11360,87.26310
python,small_numeric_incr,1000,71,0.1529,6542.00,0.05700,0.09250,0.12670,80.06960
python,small_numeric_incr,1000,72,0.1644,6081.79,0.06120,0.10630,0.14050,85.41240
python,small_numeric_incr,1000,73,0.1618,6182.25,0.05880,0.09370,0.12010,84.87650
python,small_numeric_incr,1000,74,0.1642,6091.35,0.05860,0.08770,0.12090,86.08110
python,small_numeric_incr,1000,75,0.1572,6362.08,0.05750,0.08540,0.10720,85.36860
python,small_numeric_incr,1000,76,0.1605,6229.83,0.05820,0.09370,0.12700,86.82660
python,small_numeric_incr,1000,77,0.1625,6154.65,0.05760,0.09010,0.11330,90.23260
python,small_numeric_incr,1000,78,0.1603,6239.58,0.05780,0.08880,0.11260,84.49400
python,small_numeric_incr,1000,79,0.1529,6541.88,0.05620,0.08280,0.12650,82.71490
python,small_numeric_incr,1000,80,0.1583,6317.98,0.05790,0.09350,0.12190,83.51790
python,small_numeric_incr,1000,81,0.1616,6186.48,0.05880,0.09580,0.11750,86.80480
python,small_numeric_incr,1000,82,0.1622,6165.79,0.05840,0.08240,0.11550,86.38530
python,small_numeric_incr,1000,83,0.1546,6466.98,0.05780,0.08270,0.10510,83.21500
python,small_numeric_incr,1000,84,0.1628,6141.75,0.05980,0.09520,0.12580,87.16250
python,small_numeric_incr,1000,85,0.1566,6386.45,0.05720,0.08630,0.12910,83.07160
python,small_numeric_incr,1000,86,0.1599,6252.61,0.05630,0.08230,0.11590,86.89750
python,small_numeric_incr,1000,87,0.1644,6082.35,0.05680,0.07920,0.10010,93.47010
python,small_numeric_incr,1000,88,0.1765,5666.62,0.06080,0.09200,0.12240,99.08250
python,small_numeric_incr,1000,89,0.1915,5222.82,0.06530,0.10310,0.14680,106.47730
python,small_numeric_incr,1000,90,0.2135,4682.78,0.08110,0.12740,0.17070,117.01870
python,small_numeric_incr,1000,91,0.1882,5314.12,0.06410,0.09940,0.14040,106.59770
python,small_numeric_incr,1000,92,0.1670,5988.69,0.06090,0.09250,0.11510,89.98090
python,small_numeric_incr,1000,93,0.1675,5971.70,0.05920,0.09110,0.11380,88.17850
python,small_numeric_incr,1000,94,0.1608,6220.51,0.05980,0.09270,0.12210,84.32380
python,small_numeric_incr,1000,95,0.1594,6272.07,0.05790,0.08840,0.12090,86.02070
python,small_numeric_incr,1000,96,0.1674,5973.69,0.06020,0.08940,0.12810,91.62320
python,small_numeric_incr,1000,97,0.1594,6274.72,0.05800,0.08610,0.11070,85.75140
python,small_numeric_incr,1000,98,0.1565,6388.70,0.05720,0.07720,0.10220,85.10600
python,small_numeric_incr,1000,99,0.1611,6207.42,0.05700,0.08210,0.11190,90.41890
python,small_numeric_incr,1000,100,0.1554,6436.78,0.05760,0.09140,0.12830,83.17520
java,small_numeric_incr,1000,1,0.3465,2885.81,0.16690,0.27920,0.38690,127.05190
java,small_numeric_incr,1000,2,0.3536,2828.07,0.16310,0.25760,0.33350,138.19710
java,small_numeric_incr,1000,3,0.3800,2631.32,0.17650,0.29800,0.38660,154.09820
java,small_numeric_incr,1000,4,0.3219,3106.77,0.14930,0.26020,0.33850,135.56870
java,small_numeric_incr,1000,5,0.3112,3212.99,0.14680,0.26250,0.37010,136.20410
java,small_numeric_incr,1000,6,0.3408,2934.57,0.14290,0.26950,0.37480,137.12090
java,small_numeric_incr,1000,7,0.3367,2969.71,0.14390,0.26820,0.36410,134.84140
java,small_numeric_incr,1000,8,0.3431,2914.70,0.14440,0.25990,0.34230,132.05210
java,small_numeric_incr,1000,9,0.3329,3003.85,0.14080,0.25910,0.34380,133.22680
java,small_numeric_incr,1000,10,0.3436,2910.63,0.14930,0.26650,0.38690,129.50060
java,small_numeric_incr,1000,11,0.3548,2818.65,0.15540,0.29450,0.37980,146.89210
java,small_numeric_incr,1000,12,0.3387,2952.29,0.14740,0.26930,0.33330,131.19670
java,small_numeric_incr,1000,13,0.3367,2969.59,0.13480,0.24170,0.32690,141.92170
java,small_numeric_incr,1000,14,0.3278,3050.95,0.14430,0.24480,0.32160,132.87640
java,small_numeric_incr,1000,15,0.3358,2978.40,0.13830,0.25630,0.31670,130.22470
java,small_numeric_incr,1000,16,0.3218,3107.77,0.14260,0.25750,0.34750,131.25700
java,small_numeric_incr,1000,17,0.3368,2969.17,0.14360,0.25280,0.34730,134.01000
java,small_numeric_incr,1000,18,0.3353,2982.03,0.14480,0.25830,0.36680,132.57770
java,small_numeric_incr,1000,19,0.3103,3222.41,0.14520,0.27080,0.36320,132.36460
java,small_numeric_incr,1000,20,0.3262,3066.05,0.14650,0.24900,0.35220,133.48950
java,small_numeric_incr,1000,21,0.3419,2924.49,0.14430,0.25540,0.33690,131.39220
java,small_numeric_incr,1000,22,0.3385,2954.28,0.14300,0.25160,0.33120,158.43650
java,small_numeric_incr,1000,23,0.3284,3045.28,0.15160,0.25970,0.35830,129.82750
java,small_numeric_incr,1000,24,0.3418,2925.98,0.15140,0.27170,0.39200,136.15440
java,small_numeric_incr,1000,25,0.3541,2824.32,0.15150,0.27550,0.36120,141.60160
java,small_numeric_incr,1000,26,0.3594,2782.66,0.15430,0.29750,0.42940,147.68920
java,small_numeric_incr,1000,27,0.3688,2711.21,0.16010,0.28760,0.45730,149.15320
java,small_numeric_incr,1000,28,0.3374,2964.24,0.15100,0.26490,0.33510,133.37690
java,small_numeric_incr,1000,29,0.3376,2962.38,0.14210,0.25900,0.32510,134.33140
java,small_numeric_incr,1000,30,0.3040,3289.60,0.14810,0.26050,0.34340,128.57670
java,small_numeric_incr,1000,31,0.3082,3244.50,0.13520,0.26060,0.32510,133.75900
java,small_numeric_incr,1000,32,0.3263,3065.11,0.14390,0.25810,0.30690,130.36610
java,small_numeric_incr,1000,33,0.3097,3228.89,0.13830,0.25000,0.34430,134.61960
java,small_numeric_incr,1000,34,0.3044,3285.59,0.13900,0.24920,0.35830,130.06920
java,small_numeric_incr,1000,35,0.3431,2914.20,0.14600,0.26810,0.33440,132.55910
java,small_numeric_incr,1000,36,0.3300,3030.43,0.14120,0.25370,0.32390,127.74960
java,small_numeric_incr,1000,37,0.3408,2933.93,0.14250,0.25530,0.33780,140.83440
java,small_numeric_incr,1000,38,0.3214,3111.47,0.14610,0.26740,0.36530,129.10330
java,small_numeric_incr,1000,39,0.3460,2890.17,0.13710,0.25930,0.33860,138.64740
java,small_numeric_incr,1000,40,0.3206,3119.22,0.14170,0.27360,0.37300,130.82320
java,small_numeric_incr,1000,41,0.3559,2809.69,0.15120,0.29010,0.41810,146.17920
java,small_numeric_incr,1000,42,0.3409,2933.39,0.14500,0.24740,0.32150,138.15650
java,small_numeric_incr,1000,43,0.3275,3053.08,0.14180,0.26270,0.35500,131.27950
java,small_numeric_incr,1000,44,0.3443,2904.56,0.14090,0.25390,0.34830,136.06030
java,small_numeric_incr,1000,45,0.3373,2964.33,0.13910,0.26660,0.34350,136.80210
java,small_numeric_incr,1000,46,0.3434,2912.16,0.16200,0.27070,0.37610,126.88210
java,small_numeric_incr,1000,47,0.3356,2979.52,0.15100,0.27960,0.38430,148.02070
java,small_numeric_incr,1000,48,0.3559,2809.68,0.15280,0.24800,0.32110,143.92070
java,small_numeric_incr,1000,49,0.3172,3152.75,0.14170,0.26240,0.35870,127.72230
java,small_numeric_incr,1000,50,0.3389,2950.75,0.13830,0.26570,0.35220,135.10210
java,small_numeric_incr,1000,51,0.3079,3247.68,0.14210,0.24480,0.37220,130.16460
java,small_numeric_incr,1000,52,0.3259,3068.86,0.13920,0.25420,0.31660,131.24700
java,small_numeric_incr,1000,53,0.3392,2947.87,0.15210,0.26630,0.35640,128.40220
java,small_numeric_incr,1000,54,0.3380,2958.75,0.14370,0.26690,0.35460,130.05110
java,small_numeric_incr,1000,55,0.3190,3134.98,0.13760,0.24340,0.30680,131.94620
java,small_numeric_incr,1000,56,0.3261,3066.73,0.14300,0.23990,0.30960,129.02650
java,small_numeric_incr,1000,57,0.3386,2953.38,0.15370,0.25690,0.36540,136.17060
java,small_numeric_incr,1000,58,0.4040,2475.01,0.17010,0.33710,0.50630,164.79390
java,small_numeric_incr,1000,59,0.3379,2959.64,0.14940,0.28350,0.36710,146.27850
java,small_numeric_incr,1000,60,0.3240,3086.17,0.15010,0.26350,0.36630,134.32060
java,small_numeric_incr,1000,61,0.3413,2930.16,0.14660,0.23760,0.30510,135.66220
java,small_numeric_incr,1000,62,0.3236,3090.18,0.14330,0.25860,0.34040,130.82920
java,small_numeric_incr,1000,63,0.3417,2926.90,0.14300,0.26160,0.36550,132.81380
java,small_numeric_incr,1000,64,0.3206,3118.82,0.14180,0.23850,0.31810,132.71390
java,small_numeric_incr,1000,65,0.3255,3072.33,0.13990,0.25720,0.32010,132.56840
java,small_numeric_incr,1000,66,0.3077,3249.61,0.13570,0.25160,0.34210,133.50790
java,small_numeric_incr,1000,67,0.3074,3253.28,0.14010,0.25730,0.34580,135.05530
java,small_numeric_incr,1000,68,0.3441,2906.30,0.14520,0.25880,0.34240,132.35870
java,small_numeric_incr,1000,69,0.3319,3012.85,0.13610,0.26010,0.33550,132.45750
java,small_numeric_incr,1000,70,0.3378,2960.59,0.14750,0.25140,0.36220,134.86680
java,small_numeric_incr,1000,71,0.3238,3088.04,0.14350,0.25230,0.33610,129.74540
java,small_numeric_incr,1000,72,0.3231,3094.93,0.14550,0.24840,0.35020,136.46060
java,small_numeric_incr,1000,73,0.3315,3016.46,0.14340,0.24660,0.33280,131.18500
java,small_numeric_incr,1000,74,0.3355,2980.76,0.13290,0.25570,0.33550,138.34570
java,small_numeric_incr,1000,75,0.3315,3016.83,0.14560,0.24740,0.35850,127.10170
java,small_numeric_incr,1000,76,0.3227,3098.95,0.13760,0.24720,0.32740,130.13090
java,small_numeric_incr,1000,77,0.3246,3080.58,0.14410,0.27260,0.36830,129.61590
java,small_numeric_incr,1000,78,0.3089,3237.52,0.13650,0.24450,0.31230,133.88310
java,small_numeric_incr,1000,79,0.3454,2895.46,0.14960,0.26240,0.31840,133.19050
java,small_numeric_incr,1000,80,0.3177,3147.16,0.13710,0.26040,0.32920,126.43780
java,small_numeric_incr,1000,81,0.3259,3068.09,0.14230,0.26090,0.38750,128.41090
java,small_numeric_incr,1000,82,0.3417,2926.88,0.14000,0.26110,0.34540,138.63240
java,small_numeric_incr,1000,83,0.3242,3084.89,0.14550,0.24180,0.36530,129.92380
java,small_numeric_incr,1000,84,0.3215,3110.18,0.13320,0.24680,0.33170,133.02280
java,small_numeric_incr,1000,85,0.3287,3042.73,0.13830,0.25520,0.33190,131.29520
java,small_numeric_incr,1000,86,0.2615,3823.52,0.11520,0.23560,0.28770,117.33860
java,small_numeric_incr,1000,87,0.3280,3048.79,0.13310,0.24110,0.33490,127.36670
java,small_numeric_incr,1000,88,0.3345,2989.44,0.13300,0.21910,0.29950,141.30470
java,small_numeric_incr,1000,89,0.3219,3106.58,0.13540,0.23880,0.35210,124.53770
java,small_numeric_incr,1000,90,0.3410,2932.44,0.13580,0.25850,0.32530,150.97710
java,small_numeric_incr,1000,91,0.3669,2725.50,0.16630,0.30060,0.44570,143.08920
java,small_numeric_incr,1000,92,0.3085,3241.17,0.14680,0.24790,0.31850,134.34450
java,small_numeric_incr,1000,93,0.3350,2984.67,0.12470,0.24830,0.33730,119.18440
java,small_numeric_incr,1000,94,0.3256,3071.45,0.13400,0.23760,0.29570,125.31580
java,small_numeric_incr,1000,95,0.3378,2960.69,0.12420,0.24400,0.30520,130.34790
java,small_numeric_incr,1000,96,0.3406,2936.00,0.10370,0.18940,0.26800,180.28670
java,small_numeric_incr,1000,97,0.3262,3065.29,0.12240,0.23110,0.30740,119.01550
java,small_numeric_incr,1000,98,0.3211,3114.14,0.09780,0.18160,0.24780,165.40100
java,small_numeric_incr,1000,99,0.2841,3520.23,0.10490,0.20960,0.25280,107.39650
java,small_numeric_incr,1000,100,0.3128,3196.61,0.12820,0.25750,0.32190,125.58660
rust,small_numeric_incr,1000,1,0.0796,12557.80,0.04830,0.07440,0.10980,25.08260
rust,small_numeric_incr,1000,2,0.0755,13238.39,0.04820,0.07270,0.10060,20.62770
rust,small_numeric_incr,1000,3,0.0757,13207.18,0.04830,0.07580,0.10910,20.27430
rust,small_numeric_incr,1000,4,0.0807,12392.25,0.05010,0.07620,0.10870,24.24770
rust,small_numeric_incr,1000,5,0.0784,12750.76,0.04870,0.07570,0.10480,21.73100
rust,small_numeric_incr,1000,6,0.0700,14285.61,0.04640,0.06150,0.08130,19.37620
rust,small_numeric_incr,1000,7,0.0688,14527.03,0.04400,0.05820,0.07760,20.89450
rust,small_numeric_incr,1000,8,0.0678,14749.65,0.04430,0.06690,0.09210,18.40750
rust,small_numeric_incr,1000,9,0.0757,13217.67,0.04730,0.09390,0.13800,18.61940
rust,small_numeric_incr,1000,10,0.0724,13817.19,0.04640,0.07130,0.09740,19.85910
rust,small_numeric_incr,1000,11,0.0767,13039.29,0.04680,0.06870,0.09560,23.56200
rust,small_numeric_incr,1000,12,0.0774,12918.54,0.04680,0.06530,0.08770,25.19600
rust,small_numeric_incr,1000,13,0.0809,12359.98,0.05020,0.07120,0.10040,25.67960
rust,small_numeric_incr,1000,14,0.0783,12764.02,0.04830,0.06670,0.08670,25.12890
rust,small_numeric_incr,1000,15,0.0772,12949.90,0.04810,0.07600,0.11350,22.46660
rust,small_numeric_incr,1000,16,0.0738,13552.96,0.04770,0.07600,0.10360,20.01000
rust,small_numeric_incr,1000,17,0.0749,13352.61,0.04770,0.07640,0.11350,20.17450
rust,small_numeric_incr,1000,18,0.0745,13431.67,0.04810,0.07110,0.10510,19.58700
rust,small_numeric_incr,1000,19,0.0754,13268.62,0.04830,0.06770,0.08760,21.02070
rust,small_numeric_incr,1000,20,0.0766,13061.09,0.04760,0.06640,0.09350,23.96240
rust,small_numeric_incr,1000,21,0.0893,11192.22,0.05410,0.09080,0.14320,27.00890
rust,small_numeric_incr,1000,22,0.0836,11956.67,0.05020,0.07000,0.09960,27.98730
rust,small_numeric_incr,1000,23,0.0829,12065.19,0.05080,0.06950,0.10010,26.81790
rust,small_numeric_incr,1000,24,0.0805,12425.20,0.05020,0.07740,0.10560,23.02230
rust,small_numeric_incr,1000,25,0.0789,12682.21,0.05050,0.07950,0.11040,21.52430
rust,small_numeric_incr,1000,26,0.0760,13150.73,0.04800,0.07700,0.11180,21.32940
rust,small_numeric_incr,1000,27,0.0737,13575.45,0.04750,0.07670,0.10630,19.55910
rust,small_numeric_incr,1000,28,0.0743,13456.16,0.04770,0.07240,0.10040,20.16510
rust,small_numeric_incr,1000,29,0.0774,12925.49,0.04940,0.06650,0.09120,22.31390
rust,small_numeric_incr,1000,30,0.0815,12271.37,0.04940,0.06850,0.09410,26.39280
rust,small_numeric_incr,1000,31,0.0811,12323.28,0.04810,0.06700,0.09770,27.63100
rust,small_numeric_incr,1000,32,0.0808,12368.87,0.04890,0.07600,0.10170,25.39090
rust,small_numeric_incr,1000,33,0.0870,11488.56,0.05590,0.09820,0.14370,23.05980
rust,small_numeric_incr,1000,34,0.0814,12288.94,0.05170,0.08050,0.11060,22.52460
rust,small_numeric_incr,1000,35,0.0793,12617.56,0.05080,0.07880,0.11250,21.66680
rust,small_numeric_incr,1000,36,0.0757,13209.24,0.04810,0.07750,0.12150,20.85490
rust,small_numeric_incr,1000,37,0.0747,13390.29,0.04810,0.07480,0.10890,20.29420
rust,small_numeric_incr,1000,38,0.0754,13263.99,0.04800,0.07270,0.10570,21.06600
rust,small_numeric_incr,1000,39,0.0791,12647.53,0.04910,0.06780,0.09450,23.97870
rust,small_numeric_incr,1000,40,0.0818,12231.62,0.04960,0.06870,0.08410,27.31650
rust,small_numeric_incr,1000,41,0.0811,12332.10,0.04810,0.06910,0.08580,27.47030
rust,small_numeric_incr,1000,42,0.0796,12555.59,0.04940,0.07760,0.09840,23.98870
rust,small_numeric_incr,1000,43,0.0779,12843.83,0.04920,0.07310,0.10300,22.67510
rust,small_numeric_incr,1000,44,0.0779,12842.31,0.04960,0.07760,0.12770,21.68680
rust,small_numeric_incr,1000,45,0.0865,11556.08,0.05520,0.10940,0.15810,21.25360
rust,small_numeric_incr,1000,46,0.0805,12419.63,0.05130,0.08540,0.14710,20.75810
rust,small_numeric_incr,1000,47,0.0770,12988.23,0.04940,0.07940,0.10520,20.86230
rust,small_numeric_incr,1000,48,0.0758,13194.07,0.04860,0.07020,0.10200,21.41600
rust,small_numeric_incr,1000,49,0.0752,13305.48,0.04720,0.06260,0.08760,23.67630
rust,small_numeric_incr,1000,50,0.0758,13192.93,0.04730,0.06620,0.09230,23.82560
rust,small_numeric_incr,1000,51,0.0744,13436.94,0.04740,0.07160,0.09340,21.11810
rust,small_numeric_incr,1000,52,0.0751,13311.36,0.04830,0.07470,0.10080,20.58160
rust,small_numeric_incr,1000,53,0.0770,12991.42,0.04890,0.07280,0.09750,20.75580
rust,small_numeric_incr,1000,54,0.0755,13252.72,0.04810,0.07380,0.09480,20.60110
rust,small_numeric_incr,1000,55,0.0734,13615.22,0.04650,0.06900,0.09030,20.82220
rust,small_numeric_incr,1000,56,0.0746,13411.44,0.04620,0.06490,0.08180,23.97150
rust,small_numeric_incr,1000,57,0.0867,11533.97,0.05190,0.09380,0.13000,25.92950
rust,small_numeric_incr,1000,58,0.0790,12658.80,0.04750,0.07370,0.10010,25.61560
rust,small_numeric_incr,1000,59,0.0745,13425.31,0.04780,0.07190,0.10780,21.53280
rust,small_numeric_incr,1000,60,0.0757,13205.47,0.04780,0.07850,0.11430,20.73830
rust,small_numeric_incr,1000,61,0.0793,12617.87,0.05010,0.08330,0.12850,20.97280
rust,small_numeric_incr,1000,62,0.0775,12903.79,0.04930,0.07340,0.09810,22.21210
rust,small_numeric_incr,1000,63,0.0773,12932.21,0.04870,0.06930,0.09320,22.45080
rust,small_numeric_incr,1000,64,0.0783,12769.42,0.04820,0.06710,0.08900,24.54730
rust,small_numeric_incr,1000,65,0.0823,12157.91,0.04960,0.07150,0.10090,26.75480
rust,small_numeric_incr,1000,66,0.0819,12206.58,0.05020,0.07060,0.09700,26.52070
rust,small_numeric_incr,1000,67,0.0809,12355.49,0.04990,0.07850,0.11960,23.94340
rust,small_numeric_incr,1000,68,0.0769,13001.25,0.04820,0.07610,0.10410,22.56000
rust,small_numeric_incr,1000,69,0.0815,12265.12,0.05120,0.09590,0.13310,20.33230
rust,small_numeric_incr,1000,70,0.0792,12620.06,0.05080,0.08440,0.11350,21.11180
rust,small_numeric_incr,1000,71,0.0790,12657.97,0.05110,0.07940,0.10520,21.48720
rust,small_numeric_incr,1000,72,0.0804,12434.72,0.05100,0.07480,0.10620,22.05360
rust,small_numeric_incr,1000,73,0.0775,12906.04,0.04880,0.07240,0.10990,21.75000
rust,small_numeric_incr,1000,74,0.0778,12850.27,0.04780,0.06570,0.09230,24.49030
rust,small_numeric_incr,1000,75,0.0779,12830.78,0.04830,0.06560,0.08610,25.03710
rust,small_numeric_incr,1000,76,0.0771,12968.45,0.04740,0.06960,0.09980,24.39990
rust,small_numeric_incr,1000,77,0.0759,13169.50,0.04830,0.07500,0.10660,21.22120
rust,small_numeric_incr,1000,78,0.0768,13013.92,0.05000,0.07760,0.10960,20.84350
rust,small_numeric_incr,1000,79,0.0771,12962.79,0.05000,0.07780,0.10500,20.33430
rust,small_numeric_incr,1000,80,0.0780,12817.46,0.04970,0.07580,0.09890,21.16950
rust,small_numeric_incr,1000,81,0.0825,12124.93,0.05410,0.08300,0.12050,21.87740
rust,small_numeric_incr,1000,82,0.0782,12785.76,0.04850,0.07010,0.09450,23.32750
rust,small_numeric_incr,1000,83,0.0812,12310.10,0.04970,0.06990,0.08890,26.11960
rust,small_numeric_incr,1000,84,0.0803,12456.70,0.04870,0.07240,0.09760,26.13160
rust,small_numeric_incr,1000,85,0.0815,12272.63,0.04940,0.07720,0.11920,24.75550
rust,small_numeric_incr,1000,86,0.0836,11966.16,0.05090,0.08590,0.11860,25.20330
rust,small_numeric_incr,1000,87,0.0821,12175.94,0.05180,0.08280,0.10900,22.46060
rust,small_numeric_incr,1000,88,0.0852,11735.79,0.05330,0.08820,0.12880,22.87710
rust,small_numeric_incr,1000,89,0.0873,11455.48,0.05520,0.08760,0.13520,23.60460
rust,small_numeric_incr,1000,90,0.0903,11078.97,0.05840,0.09740,0.12210,23.95490
rust,small_numeric_incr,1000,91,0.0848,11794.18,0.05310,0.08960,0.12580,23.47360
rust,small_numeric_incr,1000,92,0.0896,11165.19,0.05650,0.09170,0.11750,24.05040
rust,small_numeric_incr,1000,93,0.0879,11371.48,0.05370,0.08730,0.12130,27.98830
rust,small_numeric_incr,1000,94,0.0800,12495.70,0.05130,0.08440,0.12280,21.81380
rust,small_numeric_incr,1000,95,0.0816,12254.72,0.05230,0.08260,0.11370,21.88670
rust,small_numeric_incr,1000,96,0.0816,12255.74,0.05130,0.08280,0.11360,22.70920
rust,small_numeric_incr,1000,97,0.0800,12497.88,0.05050,0.08180,0.11800,22.24030
rust,small_numeric_incr,1000,98,0.0795,12582.29,0.05080,0.07610,0.10430,22.37130
rust,small_numeric_incr,1000,99,0.0814,12284.98,0.05040,0.07630,0.11590,23.70960
rust,small_numeric_incr,1000,100,0.0815,12273.61,0.05010,0.07440,0.09230,25.03390
python,small_read_heavy,1000,1,0.1987,5032.25,0.08680,0.14190,0.19050,92.90460
python,small_read_heavy,1000,2,0.1881,5315.87,0.07250,0.11710,0.16130,92.54440
python,small_read_heavy,1000,3,0.1719,5817.42,0.06600,0.09580,0.13150,89.51170
python,small_read_heavy,1000,4,0.1697,5892.39,0.06510,0.10560,0.13900,88.10170
python,small_read_heavy,1000,5,0.1677,5963.70,0.06360,0.09690,0.13120,87.70060
python,small_read_heavy,1000,6,0.1918,5213.84,0.07870,0.12670,0.18690,95.86460
python,small_read_heavy,1000,7,0.1987,5031.58,0.07700,0.12000,0.15980,102.86840
python,small_read_heavy,1000,8,0.1893,5283.97,0.06620,0.10210,0.15620,103.30890
python,small_read_heavy,1000,9,0.1729,5784.58,0.06730,0.09840,0.13740,89.72450
python,small_read_heavy,1000,10,0.1751,5712.25,0.06170,0.09680,0.12970,96.05790
python,small_read_heavy,1000,11,0.1768,5654.77,0.06270,0.10240,0.12890,96.12670
python,small_read_heavy,1000,12,0.1677,5961.72,0.06200,0.09580,0.12630,88.77010
python,small_read_heavy,1000,13,0.1661,6019.35,0.06190,0.10450,0.14930,84.86240
python,small_read_heavy,1000,14,0.1622,6166.15,0.06000,0.08350,0.11200,84.21240
python,small_read_heavy,1000,15,0.1579,6332.40,0.05740,0.07850,0.10660,84.94680
python,small_read_heavy,1000,16,0.1588,6296.10,0.05790,0.08590,0.11430,85.15600
python,small_read_heavy,1000,17,0.1590,6288.25,0.05760,0.08790,0.11840,86.63330
python,small_read_heavy,1000,18,0.1581,6324.47,0.05720,0.08480,0.10990,84.64600
python,small_read_heavy,1000,19,0.1700,5883.39,0.05950,0.09470,0.12290,86.17100
python,small_read_heavy,1000,20,0.1558,6418.89,0.05630,0.08820,0.11360,84.97640
python,small_read_heavy,1000,21,0.1625,6155.69,0.06040,0.09330,0.11490,86.25090
python,small_read_heavy,1000,22,0.1605,6229.14,0.05800,0.09130,0.11790,85.73960
python,small_read_heavy,1000,23,0.1632,6129.19,0.05900,0.07990,0.10590,85.52090
python,small_read_heavy,1000,24,0.1576,6346.14,0.05890,0.08730,0.11440,82.95330
python,small_read_heavy,1000,25,0.1658,6029.64,0.06300,0.10420,0.13870,85.00630
python,small_read_heavy,1000,26,0.1604,6232.67,0.05870,0.09080,0.11130,85.62740
python,small_read_heavy,1000,27,0.1623,6161.65,0.05760,0.08450,0.11720,86.86360
python,small_read_heavy,1000,28,0.1580,6327.75,0.05660,0.08200,0.10890,86.20290
python,small_read_heavy,1000,29,0.1591,6283.73,0.05720,0.08330,0.10890,88.05130
python,small_read_heavy,1000,30,0.1601,6247.23,0.05810,0.09780,0.13400,85.34520
python,small_read_heavy,1000,31,0.1789,5591.03,0.06680,0.11980,0.20360,91.08590
python,small_read_heavy,1000,32,0.1648,6066.80,0.06080,0.08900,0.11540,85.99890
python,small_read_heavy,1000,33,0.1577,6341.49,0.05690,0.08010,0.10630,84.96020
python,small_read_heavy,1000,34,0.1588,6299.01,0.05740,0.08190,0.12180,86.36740
python,small_read_heavy,1000,35,0.1618,6180.14,0.05780,0.09010,0.12650,88.49440
python,small_read_heavy,1000,36,0.1605,6230.70,0.05820,0.09130,0.12050,84.03720
python,small_read_heavy,1000,37,0.1805,5540.02,0.06220,0.10010,0.12510,98.10750
python,small_read_heavy,1000,38,0.1616,6188.82,0.05820,0.08180,0.10970,87.38720
python,small_read_heavy,1000,39,0.1636,6111.42,0.05670,0.08740,0.12370,91.76850
python,small_read_heavy,1000,40,0.1615,6191.66,0.05830,0.08970,0.13370,85.01350
python,small_read_heavy,1000,41,0.1586,6306.93,0.05800,0.09020,0.11810,83.58650
python,small_read_heavy,1000,42,0.1584,6315.11,0.05730,0.08160,0.11090,82.40670
python,small_read_heavy,1000,43,0.1627,6147.94,0.06050,0.09620,0.13390,85.68680
python,small_read_heavy,1000,44,0.1634,6118.73,0.05880,0.09230,0.12780,89.03810
python,small_read_heavy,1000,45,0.1607,6224.57,0.05880,0.09210,0.12700,85.68480
python,small_read_heavy,1000,46,0.1627,6147.91,0.05700,0.08590,0.12910,87.56550
python,small_read_heavy,1000,47,0.1535,6515.49,0.05660,0.08090,0.10770,83.19490
python,small_read_heavy,1000,48,0.1592,6282.24,0.05700,0.09360,0.13390,85.02190
python,small_read_heavy,1000,49,0.1724,5799.04,0.06480,0.13680,0.19280,85.53940
python,small_read_heavy,1000,50,0.1659,6029.42,0.05980,0.09500,0.13190,88.02540
python,small_read_heavy,1000,51,0.1681,5949.98,0.06080,0.09370,0.10990,87.06730
python,small_read_heavy,1000,52,0.1905,5248.48,0.06600,0.12270,0.16940,89.42340
python,small_read_heavy,1000,53,0.1845,5419.33,0.06320,0.09490,0.12570,104.44640
python,small_read_heavy,1000,54,0.1719,5817.46,0.06290,0.09800,0.13270,89.02650
python,small_read_heavy,1000,55,0.1705,5865.13,0.05990,0.08540,0.11370,91.89040
python,small_read_heavy,1000,56,0.1613,6199.88,0.05870,0.08620,0.12020,87.47770
python,small_read_heavy,1000,57,0.1627,6145.27,0.05800,0.08970,0.12280,89.64940
python,small_read_heavy,1000,58,0.1607,6223.28,0.05990,0.09030,0.12010,85.47590
python,small_read_heavy,1000,59,0.1609,6213.19,0.05700,0.08010,0.11490,84.48870
python,small_read_heavy,1000,60,0.1682,5945.67,0.05860,0.09010,0.12010,90.56390
python,small_read_heavy,1000,61,0.1674,5972.38,0.06080,0.09420,0.14360,88.71860
python,small_read_heavy,1000,62,0.1590,6288.60,0.05820,0.09190,0.11900,84.45810
python,small_read_heavy,1000,63,0.1585,6310.03,0.05800,0.08710,0.11540,83.93660
python,small_read_heavy,1000,64,0.1595,6270.86,0.05810,0.08440,0.10730,83.78480
python,small_read_heavy,1000,65,0.1551,6449.00,0.05720,0.07870,0.11340,83.97010
python,small_read_heavy,1000,66,0.1640,6098.60,0.05860,0.09360,0.14980,89.67300
python,small_read_heavy,1000,67,0.1665,6004.96,0.05860,0.09020,0.12450,92.74630
python,small_read_heavy,1000,68,0.1596,6267.03,0.05740,0.08670,0.11670,85.92140
python,small_read_heavy,1000,69,0.1595,6268.42,0.05720,0.08350,0.12130,84.14210
python,small_read_heavy,1000,70,0.1603,6237.37,0.05730,0.08910,0.12430,87.35060
python,small_read_heavy,1000,71,0.1590,6290.93,0.05810,0.09170,0.11820,85.24870
python,small_read_heavy,1000,72,0.1601,6244.54,0.05880,0.09120,0.12880,84.91670
python,small_read_heavy,1000,73,0.1681,5949.23,0.05830,0.08200,0.11880,91.48600
python,small_read_heavy,1000,74,0.1535,6514.23,0.05640,0.08470,0.10430,83.58880
python,small_read_heavy,1000,75,0.1581,6326.93,0.05690,0.09020,0.12850,85.82130
python,small_read_heavy,1000,76,0.1619,6178.19,0.05880,0.08720,0.11630,85.88380
python,small_read_heavy,1000,77,0.1670,5986.86,0.05820,0.09020,0.11330,87.98630
python,small_read_heavy,1000,78,0.1570,6368.78,0.05780,0.08220,0.10120,84.31620
python,small_read_heavy,1000,79,0.1680,5953.30,0.05920,0.09180,0.11700,93.82370
python,small_read_heavy,1000,80,0.1604,6235.59,0.05880,0.09210,0.12770,86.40740
python,small_read_heavy,1000,81,0.1614,6195.77,0.05940,0.09620,0.12400,84.86040
python,small_read_heavy,1000,82,0.1591,6285.30,0.05620,0.07930,0.10570,86.65720
python,small_read_heavy,1000,83,0.1520,6580.09,0.05600,0.08250,0.11730,82.31460
python,small_read_heavy,1000,84,0.1576,6346.89,0.05730,0.08960,0.12620,86.20860
python,small_read_heavy,1000,85,0.1685,5933.67,0.06020,0.08880,0.11570,92.89860
python,small_read_heavy,1000,86,0.1688,5922.61,0.05860,0.08810,0.11090,91.15620
python,small_read_heavy,1000,87,0.1556,6427.95,0.05760,0.08980,0.12420,82.22730
python,small_read_heavy,1000,88,0.1582,6319.47,0.05920,0.08790,0.11970,84.55470
python,small_read_heavy,1000,89,0.1598,6256.40,0.05850,0.08820,0.12180,84.63220
python,small_read_heavy,1000,90,0.1617,6183.21,0.05690,0.08680,0.11010,88.78600
python,small_read_heavy,1000,91,0.1717,5824.96,0.05810,0.09350,0.11780,95.87280
python,small_read_heavy,1000,92,0.1575,6349.12,0.05880,0.08550,0.12050,84.49500
python,small_read_heavy,1000,93,0.1772,5642.59,0.06590,0.10120,0.12630,94.23370
python,small_read_heavy,1000,94,0.1740,5746.38,0.06170,0.09520,0.11970,96.24260
python,small_read_heavy,1000,95,0.1616,6186.46,0.05940,0.09180,0.13110,86.39730
python,small_read_heavy,1000,96,0.1622,6165.36,0.05890,0.09010,0.11260,85.15480
python,small_read_heavy,1000,97,0.1696,5896.31,0.06020,0.09190,0.12070,90.22890
python,small_read_heavy,1000,98,0.1825,5479.74,0.06160,0.09310,0.13100,99.52200
python,small_read_heavy,1000,99,0.1805,5539.14,0.06400,0.10040,0.13850,94.16470
python,small_read_heavy,1000,100,0.1860,5375.40,0.06510,0.10130,0.12200,99.15000
java,small_read_heavy,1000,1,0.3288,3041.47,0.15750,0.25560,0.35500,142.10900
java,small_read_heavy,1000,2,0.3284,3044.75,0.15650,0.26720,0.40720,137.08340
java,small_read_heavy,1000,3,0.3703,2700.31,0.16880,0.31170,0.47340,170.07400
java,small_read_heavy,1000,4,0.3355,2980.73,0.16560,0.28850,0.38030,147.19950
java,small_read_heavy,1000,5,0.3259,3068.29,0.14520,0.27190,0.41560,136.26560
java,small_read_heavy,1000,6,0.3193,3131.64,0.14890,0.25920,0.34420,145.62860
java,small_read_heavy,1000,7,0.3273,3055.67,0.15100,0.26550,0.40820,139.36670
java,small_read_heavy,1000,8,0.3043,3286.54,0.14310,0.25670,0.35520,132.89380
java,small_read_heavy,1000,9,0.3062,3265.44,0.14560,0.25690,0.33800,136.23340
java,small_read_heavy,1000,10,0.3098,3227.93,0.14500,0.24620,0.32980,138.90640
java,small_read_heavy,1000,11,0.3438,2908.58,0.15560,0.27390,0.34700,149.91660
java,small_read_heavy,1000,12,0.3112,3213.20,0.13890,0.24880,0.32490,138.17540
java,small_read_heavy,1000,13,0.3563,2806.34,0.17450,0.34250,0.52430,142.68770
java,small_read_heavy,1000,14,0.3623,2759.92,0.16950,0.33860,0.45370,161.83610
java,small_read_heavy,1000,15,0.3074,3253.13,0.14420,0.24500,0.32080,135.30840
java,small_read_heavy,1000,16,0.3076,3251.45,0.14520,0.24360,0.30770,139.47960
java,small_read_heavy,1000,17,0.3356,2979.39,0.15160,0.27080,0.35840,144.70170
java,small_read_heavy,1000,18,0.3079,3247.97,0.13850,0.25110,0.37650,133.84910
java,small_read_heavy,1000,19,0.3081,3245.46,0.13810,0.24630,0.34820,138.88300
java,small_read_heavy,1000,20,0.3224,3101.26,0.14570,0.25850,0.34880,141.85080
java,small_read_heavy,1000,21,0.3075,3251.65,0.14350,0.24350,0.31030,138.74380
java,small_read_heavy,1000,22,0.3072,3255.23,0.14580,0.24760,0.32860,135.15920
java,small_read_heavy,1000,23,0.3097,3228.84,0.14730,0.25580,0.34770,134.86170
java,small_read_heavy,1000,24,0.3266,3061.88,0.15280,0.28270,0.37280,138.06530
java,small_read_heavy,1000,25,0.3402,2939.16,0.16900,0.29990,0.38460,142.91990
java,small_read_heavy,1000,26,0.3357,2978.95,0.14710,0.26050,0.34470,152.31160
java,small_read_heavy,1000,27,0.3097,3228.58,0.14500,0.24790,0.36980,136.72750
java,small_read_heavy,1000,28,0.3086,3240.77,0.13760,0.23620,0.30260,139.08190
java,small_read_heavy,1000,29,0.3192,3133.05,0.14770,0.26880,0.34200,132.63310
java,small_read_heavy,1000,30,0.3081,3245.38,0.13990,0.24090,0.32160,135.57290
java,small_read_heavy,1000,31,0.3419,2925.07,0.17750,0.27660,0.38650,135.86080
java,small_read_heavy,1000,32,0.3512,2847.11,0.16550,0.28120,0.40450,159.86390
java,small_read_heavy,1000,33,0.3539,2825.41,0.16890,0.30190,0.43780,150.97400
java,small_read_heavy,1000,34,0.3223,3102.51,0.15390,0.27360,0.38330,139.43890
java,small_read_heavy,1000,35,0.3098,3227.41,0.14420,0.24430,0.31010,139.26200
java,small_read_heavy,1000,36,0.3187,3137.32,0.13930,0.27150,0.36050,133.91850
java,small_read_heavy,1000,37,0.3080,3246.92,0.14020,0.26470,0.32330,132.22700
java,small_read_heavy,1000,38,0.3136,3188.55,0.13970,0.25770,0.33140,138.81220
java,small_read_heavy,1000,39,0.3177,3147.43,0.15030,0.24870,0.32390,134.77660
java,small_read_heavy,1000,40,0.3079,3247.62,0.14120,0.23810,0.33110,138.07250
java,small_read_heavy,1000,41,0.3089,3237.05,0.13770,0.26890,0.34060,136.97750
java,small_read_heavy,1000,42,0.3058,3270.07,0.14890,0.24610,0.31760,133.36780
java,small_read_heavy,1000,43,0.3100,3225.56,0.14370,0.25060,0.35270,135.60700
java,small_read_heavy,1000,44,0.3115,3210.50,0.14340,0.24500,0.34830,134.05590
java,small_read_heavy,1000,45,0.3376,2962.01,0.18540,0.30320,0.44800,131.83990
java,small_read_heavy,1000,46,0.3207,3118.30,0.14210,0.25330,0.33620,140.09700
java,small_read_heavy,1000,47,0.3098,3228.01,0.14450,0.24060,0.31170,145.29870
java,small_read_heavy,1000,48,0.3277,3051.50,0.14280,0.24940,0.31600,144.52640
java,small_read_heavy,1000,49,0.3200,3124.64,0.15020,0.25460,0.31820,132.31870
java,small_read_heavy,1000,50,0.3534,2829.60,0.17610,0.28620,0.38400,156.02540
java,small_read_heavy,1000,51,0.3230,3096.08,0.14920,0.25500,0.33490,143.25460
java,small_read_heavy,1000,52,0.3190,3134.48,0.14770,0.26160,0.39590,134.66070
java,small_read_heavy,1000,53,0.3061,3267.36,0.14440,0.27130,0.37570,135.09060
java,small_read_heavy,1000,54,0.3081,3246.20,0.14220,0.24750,0.34600,139.43650
java,small_read_heavy,1000,55,0.3068,3259.14,0.14750,0.25320,0.31920,134.21450
java,small_read_heavy,1000,56,0.3076,3251.03,0.15050,0.25870,0.36040,135.81900
java,small_read_heavy,1000,57,0.3254,3072.99,0.14770,0.26440,0.36840,145.99570
java,small_read_heavy,1000,58,0.3083,3244.12,0.14750,0.25620,0.35000,130.45700
java,small_read_heavy,1000,59,0.3103,3222.96,0.15000,0.26480,0.32690,136.21870
java,small_read_heavy,1000,60,0.3243,3083.58,0.15020,0.26190,0.37160,136.11250
java,small_read_heavy,1000,61,0.3087,3239.60,0.14270,0.26030,0.34450,131.51040
java,small_read_heavy,1000,62,0.3098,3227.62,0.14000,0.24580,0.32900,137.28200
java,small_read_heavy,1000,63,0.3069,3258.76,0.14500,0.24860,0.31520,133.64210
java,small_read_heavy,1000,64,0.3094,3231.58,0.14530,0.24510,0.34300,136.88160
java,small_read_heavy,1000,65,0.3250,3077.17,0.15590,0.27890,0.35520,136.53860
java,small_read_heavy,1000,66,0.3463,2887.41,0.16290,0.28880,0.41930,143.48430
java,small_read_heavy,1000,67,0.3318,3014.06,0.15180,0.30020,0.39590,145.94390
java,small_read_heavy,1000,68,0.3073,3253.93,0.15200,0.26530,0.33940,137.32980
java,small_read_heavy,1000,69,0.3213,3111.97,0.15150,0.26170,0.33500,138.07210
java,small_read_heavy,1000,70,0.3089,3237.67,0.15000,0.25680,0.34660,131.61200
java,small_read_heavy,1000,71,0.3052,3276.31,0.13780,0.23670,0.30630,138.32840
java,small_read_heavy,1000,72,0.3069,3258.82,0.14640,0.24210,0.33680,134.82750
java,small_read_heavy,1000,73,0.3098,3227.65,0.15010,0.25010,0.35340,132.85080
java,small_read_heavy,1000,74,0.3096,3230.04,0.13660,0.24360,0.32160,135.55750
java,small_read_heavy,1000,75,0.3063,3265.25,0.14070,0.25350,0.34350,132.86130
java,small_read_heavy,1000,76,0.3108,3217.48,0.14550,0.25220,0.33890,134.80730
java,small_read_heavy,1000,77,0.3065,3263.16,0.14350,0.24080,0.30780,134.06260
java,small_read_heavy,1000,78,0.3033,3297.56,0.13590,0.26300,0.34680,132.49030
java,small_read_heavy,1000,79,0.3090,3236.22,0.14390,0.25870,0.40260,130.05890
java,small_read_heavy,1000,80,0.3126,3199.47,0.14110,0.23750,0.27810,141.26700
java,small_read_heavy,1000,81,0.3092,3234.31,0.14390,0.23480,0.30920,132.80860
java,small_read_heavy,1000,82,0.3062,3265.46,0.15060,0.25340,0.34950,131.82750
java,small_read_heavy,1000,83,0.3085,3241.23,0.14190,0.25900,0.34450,137.16590
java,small_read_heavy,1000,84,0.3080,3246.67,0.14010,0.26010,0.35780,137.64470
java,small_read_heavy,1000,85,0.3109,3216.29,0.15280,0.24920,0.31360,129.47750
java,small_read_heavy,1000,86,0.3087,3239.44,0.14390,0.25870,0.33180,137.02720
java,small_read_heavy,1000,87,0.3067,3260.84,0.13700,0.24220,0.31390,137.29740
java,small_read_heavy,1000,88,0.3066,3261.61,0.14420,0.23680,0.34910,131.86600
java,small_read_heavy,1000,89,0.3057,3270.81,0.14320,0.25620,0.35800,138.49250
java,small_read_heavy,1000,90,0.3084,3242.38,0.14710,0.26460,0.33510,136.61920
java,small_read_heavy,1000,91,0.3091,3235.40,0.14480,0.25200,0.31390,133.87190
java,small_read_heavy,1000,92,0.3056,3272.78,0.14320,0.25720,0.33170,138.18890
java,small_read_heavy,1000,93,0.3079,3247.65,0.14040,0.24300,0.34910,137.89260
java,small_read_heavy,1000,94,0.3069,3258.31,0.14450,0.24900,0.32740,131.36870
java,small_read_heavy,1000,95,0.3079,3247.62,0.14710,0.27550,0.37320,134.05870
java,small_read_heavy,1000,96,0.3147,3177.72,0.14170,0.25900,0.33470,139.94060
java,small_read_heavy,1000,97,0.3053,3274.96,0.14540,0.26010,0.37660,131.31590
java,small_read_heavy,1000,98,0.2910,3436.74,0.13280,0.25440,0.32360,125.33160
java,small_read_heavy,1000,99,0.3117,3208.21,0.13930,0.25950,0.35690,135.57130
java,small_read_heavy,1000,100,0.3335,2998.26,0.15490,0.27030,0.35670,143.87700
rust,small_read_heavy,1000,1,0.0828,12073.49,0.05230,0.08640,0.12210,22.96910
rust,small_read_heavy,1000,2,0.0806,12406.22,0.05120,0.08040,0.10520,22.86900
rust,small_read_heavy,1000,3,0.0781,12798.28,0.04970,0.08120,0.11180,21.25530
rust,small_read_heavy,1000,4,0.0864,11572.44,0.05110,0.08200,0.12370,27.94580
rust,small_read_heavy,1000,5,0.0772,12959.43,0.04950,0.07810,0.10710,21.08190
rust,small_read_heavy,1000,6,0.0781,12804.02,0.04960,0.07740,0.10520,21.76230
rust,small_read_heavy,1000,7,0.0795,12582.32,0.05000,0.07400,0.10230,22.69760
rust,small_read_heavy,1000,8,0.0810,12342.91,0.05030,0.07480,0.09540,24.48780
rust,small_read_heavy,1000,9,0.0817,12234.65,0.04990,0.06900,0.08800,25.93170
rust,small_read_heavy,1000,10,0.0804,12435.94,0.04960,0.07050,0.08840,26.06420
rust,small_read_heavy,1000,11,0.0821,12186.84,0.04920,0.06940,0.09130,27.72660
rust,small_read_heavy,1000,12,0.0783,12778.05,0.04890,0.07110,0.09050,23.90220
rust,small_read_heavy,1000,13,0.0762,13120.05,0.04840,0.07770,0.12020,21.11600
rust,small_read_heavy,1000,14,0.0756,13222.51,0.04820,0.07910,0.10050,20.88280
rust,small_read_heavy,1000,15,0.0717,13941.62,0.04670,0.06640,0.09330,20.30600
rust,small_read_heavy,1000,16,0.0858,11653.35,0.04900,0.08910,0.13410,26.65690
rust,small_read_heavy,1000,17,0.0737,13565.93,0.04690,0.07320,0.10190,20.61230
rust,small_read_heavy,1000,18,0.0749,13348.46,0.04640,0.06450,0.09300,23.60740
rust,small_read_heavy,1000,19,0.0808,12378.38,0.04870,0.06640,0.10440,27.12380
rust,small_read_heavy,1000,20,0.0797,12547.52,0.05040,0.07970,0.11260,22.37380
rust,small_read_heavy,1000,21,0.0755,13247.82,0.04860,0.07790,0.10950,19.91990
rust,small_read_heavy,1000,22,0.0764,13092.11,0.04880,0.07820,0.10030,20.84210
rust,small_read_heavy,1000,23,0.0791,12648.08,0.05100,0.07770,0.10300,22.15140
rust,small_read_heavy,1000,24,0.0787,12708.95,0.05040,0.07400,0.10120,21.33990
rust,small_read_heavy,1000,25,0.0773,12942.99,0.04830,0.07030,0.10050,22.33710
rust,small_read_heavy,1000,26,0.0792,12624.68,0.04830,0.06810,0.09310,25.30850
rust,small_read_heavy,1000,27,0.0780,12815.32,0.04800,0.06650,0.08760,25.20630
rust,small_read_heavy,1000,28,0.0920,10872.76,0.04910,0.08070,0.12610,35.40270
rust,small_read_heavy,1000,29,0.0797,12540.14,0.04840,0.06960,0.09850,26.25110
rust,small_read_heavy,1000,30,0.0777,12870.18,0.04870,0.07310,0.11260,23.10170
rust,small_read_heavy,1000,31,0.0747,13392.12,0.04780,0.07440,0.11260,20.30180
rust,small_read_heavy,1000,32,0.0768,13014.50,0.04920,0.07660,0.10520,21.03360
rust,small_read_heavy,1000,33,0.0773,12935.67,0.05010,0.07750,0.10590,20.82530
rust,small_read_heavy,1000,34,0.0809,12364.07,0.05070,0.07780,0.10220,23.09920
rust,small_read_heavy,1000,35,0.0803,12456.60,0.05030,0.07180,0.09030,22.13080
rust,small_read_heavy,1000,36,0.0785,12735.64,0.04750,0.06650,0.09220,25.05030
rust,small_read_heavy,1000,37,0.0774,12911.66,0.04760,0.06620,0.08830,24.36390
rust,small_read_heavy,1000,38,0.0783,12774.41,0.04750,0.07210,0.10350,25.06850
rust,small_read_heavy,1000,39,0.0760,13157.70,0.04750,0.07220,0.10650,23.03370
rust,small_read_heavy,1000,40,0.0887,11270.69,0.04960,0.08750,0.14910,30.41170
rust,small_read_heavy,1000,41,0.0781,12808.00,0.05060,0.08230,0.11200,20.74560
rust,small_read_heavy,1000,42,0.0788,12693.79,0.05100,0.08160,0.10830,21.29560
rust,small_read_heavy,1000,43,0.0800,12503.84,0.05040,0.08180,0.10110,22.59240
rust,small_read_heavy,1000,44,0.0817,12232.43,0.05240,0.07730,0.09960,22.22050
rust,small_read_heavy,1000,45,0.0780,12818.79,0.04940,0.07270,0.09330,22.54040
rust,small_read_heavy,1000,46,0.0769,13009.64,0.04850,0.06720,0.09110,23.08500
rust,small_read_heavy,1000,47,0.0786,12717.13,0.04810,0.06860,0.08810,25.68990
rust,small_read_heavy,1000,48,0.0773,12944.35,0.04750,0.07070,0.09650,24.13980
rust,small_read_heavy,1000,49,0.0755,13237.86,0.04790,0.07520,0.09860,21.75310
rust,small_read_heavy,1000,50,0.0759,13171.48,0.04800,0.07940,0.10780,20.76700
rust,small_read_heavy,1000,51,0.0765,13079.52,0.04970,0.07630,0.10230,20.62230
rust,small_read_heavy,1000,52,0.0893,11202.52,0.05070,0.08640,0.11380,29.85380
rust,small_read_heavy,1000,53,0.0869,11513.20,0.05750,0.08770,0.12740,22.94680
rust,small_read_heavy,1000,54,0.0814,12279.94,0.05120,0.08070,0.11580,23.01570
rust,small_read_heavy,1000,55,0.0817,12240.01,0.05030,0.07600,0.10580,23.34060
rust,small_read_heavy,1000,56,0.0809,12362.68,0.05040,0.07530,0.10640,23.07010
rust,small_read_heavy,1000,57,0.0796,12566.19,0.04900,0.07070,0.09530,24.80090
rust,small_read_heavy,1000,58,0.0795,12585.50,0.04790,0.06900,0.09550,26.25440
rust,small_read_heavy,1000,59,0.0790,12660.25,0.04760,0.07180,0.08880,26.24250
rust,small_read_heavy,1000,60,0.0751,13308.05,0.04740,0.07070,0.09840,22.91140
rust,small_read_heavy,1000,61,0.0742,13476.38,0.04740,0.07800,0.12230,19.94770
rust,small_read_heavy,1000,62,0.0770,12990.61,0.04950,0.08030,0.11540,19.92300
rust,small_read_heavy,1000,63,0.0783,12766.29,0.05000,0.07310,0.10420,21.45990
rust,small_read_heavy,1000,64,0.0927,10784.30,0.05150,0.08110,0.11830,33.12000
rust,small_read_heavy,1000,65,0.0807,12386.20,0.05030,0.07860,0.10090,22.25490
rust,small_read_heavy,1000,66,0.0787,12713.93,0.04990,0.07010,0.10680,22.19040
rust,small_read_heavy,1000,67,0.0773,12930.87,0.04810,0.06910,0.09490,23.52320
rust,small_read_heavy,1000,68,0.0776,12893.19,0.04700,0.06660,0.08670,25.84220
rust,small_read_heavy,1000,69,0.0788,12684.32,0.04840,0.07180,0.10760,24.19970
rust,small_read_heavy,1000,70,0.0767,13033.94,0.04890,0.07810,0.10830,21.24600
rust,small_read_heavy,1000,71,0.0775,12895.82,0.04960,0.07670,0.10830,21.30310
rust,small_read_heavy,1000,72,0.0796,12564.72,0.04970,0.08280,0.10740,22.18790
rust,small_read_heavy,1000,73,0.0769,13007.28,0.04900,0.07570,0.10750,21.31650
rust,small_read_heavy,1000,74,0.0769,13008.35,0.04910,0.06910,0.09760,21.39200
rust,small_read_heavy,1000,75,0.0790,12657.52,0.04850,0.07010,0.09010,23.93160
rust,small_read_heavy,1000,76,0.0942,10618.59,0.05050,0.07410,0.10010,37.30390
rust,small_read_heavy,1000,77,0.0789,12670.90,0.04940,0.06980,0.10250,22.82730
rust,small_read_heavy,1000,78,0.0785,12732.77,0.04740,0.06920,0.08690,26.24160
rust,small_read_heavy,1000,79,0.0814,12286.99,0.04920,0.06950,0.09980,26.38420
rust,small_read_heavy,1000,80,0.0799,12514.42,0.04950,0.07530,0.11030,24.57140
rust,small_read_heavy,1000,81,0.0749,13359.96,0.04700,0.07440,0.12560,21.34930
rust,small_read_heavy,1000,82,0.0749,13348.50,0.04850,0.07810,0.10350,20.08440
rust,small_read_heavy,1000,83,0.0770,12982.01,0.04990,0.07310,0.10380,20.90260
rust,small_read_heavy,1000,84,0.0796,12563.87,0.05030,0.07490,0.11700,22.05890
rust,small_read_heavy,1000,85,0.0773,12933.13,0.04800,0.06920,0.09320,22.78970
rust,small_read_heavy,1000,86,0.0778,12857.72,0.04790,0.06700,0.08630,24.95470
rust,small_read_heavy,1000,87,0.0858,11650.00,0.05130,0.08390,0.11560,26.74280
rust,small_read_heavy,1000,88,0.0819,12204.54,0.05000,0.07030,0.09380,26.65250
rust,small_read_heavy,1000,89,0.0784,12759.71,0.04940,0.07080,0.09600,23.69050
rust,small_read_heavy,1000,90,0.0849,11781.34,0.05200,0.09150,0.13310,23.52740
rust,small_read_heavy,1000,91,0.0868,11515.89,0.05280,0.09250,0.13880,24.74070
rust,small_read_heavy,1000,92,0.0882,11332.50,0.05560,0.09720,0.14470,23.28350
rust,small_read_heavy,1000,93,0.0905,11048.37,0.05580,0.09630,0.12860,25.72290
rust,small_read_heavy,1000,94,0.0899,11118.03,0.05520,0.09570,0.12520,26.57890
rust,small_read_heavy,1000,95,0.0821,12175.15,0.05280,0.08180,0.10740,22.88540
rust,small_read_heavy,1000,96,0.0811,12337.77,0.05240,0.08410,0.10790,22.05970
rust,small_read_heavy,1000,97,0.0778,12845.28,0.04960,0.08090,0.12060,21.31270
rust,small_read_heavy,1000,98,0.0784,12749.09,0.04980,0.07940,0.12210,21.12740
rust,small_read_heavy,1000,99,0.0921,10857.37,0.05050,0.08410,0.12230,33.86380
rust,small_read_heavy,1000,100,0.0767,13045.92,0.04910,0.07510,0.11180,20.60780
python,small_ttl_expiration,1000,1,0.2226,4492.45,0.09840,0.16240,0.22890,100.92330
python,small_ttl_expiration,1000,2,0.2000,4999.47,0.07620,0.11860,0.16060,103.99270
python,small_ttl_expiration,1000,3,0.2031,4923.54,0.08210,0.12840,0.17550,99.57330
python,small_ttl_expiration,1000,4,0.1823,5484.96,0.07020,0.10910,0.14600,93.85310
python,small_ttl_expiration,1000,5,0.1770,5651.14,0.06640,0.09790,0.12660,90.26380
python,small_ttl_expiration,1000,6,0.1782,5610.26,0.06650,0.11060,0.14510,90.80950
python,small_ttl_expiration,1000,7,0.1717,5824.26,0.06240,0.09530,0.12790,88.98440
python,small_ttl_expiration,1000,8,0.1662,6015.80,0.06300,0.09190,0.12140,87.17720
python,small_ttl_expiration,1000,9,0.1684,5938.32,0.06350,0.09970,0.13210,88.59870
python,small_ttl_expiration,1000,10,0.1754,5700.94,0.06150,0.09560,0.12720,98.57670
python,small_ttl_expiration,1000,11,0.1861,5372.57,0.06230,0.11230,0.17290,104.31060
python,small_ttl_expiration,1000,12,0.1642,6090.13,0.05930,0.09080,0.12070,89.35010
python,small_ttl_expiration,1000,13,0.1624,6155.92,0.06010,0.09020,0.12040,86.03600
python,small_ttl_expiration,1000,14,0.1647,6073.46,0.06040,0.08890,0.12730,87.66660
python,small_ttl_expiration,1000,15,0.1638,6103.60,0.06010,0.08600,0.10800,84.11800
python,small_ttl_expiration,1000,16,0.1650,6060.03,0.06170,0.08700,0.11170,87.91320
python,small_ttl_expiration,1000,17,0.1677,5962.85,0.06020,0.08970,0.12550,91.75380
python,small_ttl_expiration,1000,18,0.1734,5766.22,0.06390,0.10100,0.13270,93.64960
python,small_ttl_expiration,1000,19,0.1735,5762.60,0.06450,0.09680,0.12470,93.33870
python,small_ttl_expiration,1000,20,0.1692,5910.51,0.06390,0.10450,0.13090,86.25430
python,small_ttl_expiration,1000,21,0.1784,5604.08,0.06290,0.09660,0.13810,98.70340
python,small_ttl_expiration,1000,22,0.1674,5972.43,0.05920,0.09080,0.11910,88.02910
python,small_ttl_expiration,1000,23,0.1604,6234.08,0.05880,0.08560,0.11840,85.20150
python,small_ttl_expiration,1000,24,0.1569,6375.03,0.05800,0.08570,0.12410,84.22610
python,small_ttl_expiration,1000,25,0.1592,6279.87,0.05770,0.09040,0.12430,85.85780
python,small_ttl_expiration,1000,26,0.1738,5752.19,0.06150,0.09330,0.12740,95.12660
python,small_ttl_expiration,1000,27,0.1667,5998.05,0.05970,0.08840,0.11140,88.76850
python,small_ttl_expiration,1000,28,0.1704,5869.07,0.06030,0.09420,0.14190,84.53230
python,small_ttl_expiration,1000,29,0.1664,6007.86,0.06090,0.09160,0.11840,86.47020
python,small_ttl_expiration,1000,30,0.1581,6324.37,0.05880,0.08500,0.10840,84.28900
python,small_ttl_expiration,1000,31,0.1654,6047.26,0.06080,0.09350,0.13020,87.93000
python,small_ttl_expiration,1000,32,0.1624,6158.44,0.06030,0.09590,0.12730,85.78300
python,small_ttl_expiration,1000,33,0.1611,6206.08,0.05820,0.08420,0.10790,85.87950
python,small_ttl_expiration,1000,34,0.1593,6278.00,0.05910,0.09580,0.14900,82.98350
python,small_ttl_expiration,1000,35,0.1643,6087.74,0.05950,0.10070,0.15480,87.03120
python,small_ttl_expiration,1000,36,0.1594,6272.55,0.05840,0.09030,0.12840,85.46280
python,small_ttl_expiration,1000,37,0.1600,6251.75,0.05930,0.09100,0.12490,84.17430
python,small_ttl_expiration,1000,38,0.1608,6219.72,0.05870,0.08130,0.10840,82.68950
python,small_ttl_expiration,1000,39,0.1629,6137.24,0.06140,0.09200,0.12670,85.06560
python,small_ttl_expiration,1000,40,0.1659,6028.15,0.06280,0.09950,0.14790,86.08240
python,small_ttl_expiration,1000,41,0.1634,6121.15,0.06060,0.09430,0.12520,86.64890
python,small_ttl_expiration,1000,42,0.1585,6309.86,0.05860,0.08860,0.11600,83.14640
python,small_ttl_expiration,1000,43,0.1648,6069.71,0.05940,0.08930,0.12350,86.35610
python,small_ttl_expiration,1000,44,0.1601,6245.21,0.05960,0.08610,0.11930,84.91310
python,small_ttl_expiration,1000,45,0.1832,5458.01,0.05960,0.08890,0.11630,107.97500
python,small_ttl_expiration,1000,46,0.1703,5873.17,0.06020,0.11150,0.17440,89.91970
python,small_ttl_expiration,1000,47,0.1650,6059.07,0.06030,0.09180,0.11900,89.59590
python,small_ttl_expiration,1000,48,0.1595,6268.98,0.05770,0.08650,0.13210,85.63650
python,small_ttl_expiration,1000,49,0.1650,6061.58,0.05890,0.09480,0.12510,86.31950
python,small_ttl_expiration,1000,50,0.1649,6063.30,0.06060,0.08960,0.11310,85.29610
python,small_ttl_expiration,1000,51,0.1620,6172.72,0.06110,0.08970,0.12120,83.95630
python,small_ttl_expiration,1000,52,0.1934,5169.66,0.08210,0.12530,0.17170,91.00990
python,small_ttl_expiration,1000,53,0.1947,5136.48,0.07830,0.11280,0.14320,92.25550
python,small_ttl_expiration,1000,54,0.1838,5439.48,0.06410,0.10250,0.13760,98.27950
python,small_ttl_expiration,1000,55,0.1666,6001.66,0.06100,0.08290,0.10940,88.51660
python,small_ttl_expiration,1000,56,0.1698,5888.51,0.05930,0.08590,0.11930,96.30530
python,small_ttl_expiration,1000,57,0.1634,6119.89,0.05900,0.10060,0.13980,86.94650
python,small_ttl_expiration,1000,58,0.1622,6165.95,0.06010,0.08890,0.13090,85.98410
python,small_ttl_expiration,1000,59,0.1629,6139.93,0.05940,0.09200,0.12830,85.45860
python,small_ttl_expiration,1000,60,0.1663,6012.68,0.05860,0.09810,0.13400,86.81690
python,small_ttl_expiration,1000,61,0.1608,6217.44,0.06060,0.09580,0.13670,82.11580
python,small_ttl_expiration,1000,62,0.1823,5486.73,0.06470,0.10430,0.15150,99.23830
python,small_ttl_expiration,1000,63,0.1803,5546.12,0.06080,0.10080,0.13710,102.86320
python,small_ttl_expiration,1000,64,0.1745,5729.66,0.06510,0.10080,0.12510,91.35460
python,small_ttl_expiration,1000,65,0.1725,5796.30,0.06300,0.09750,0.13230,93.36400
python,small_ttl_expiration,1000,66,0.1656,6038.69,0.06120,0.09220,0.11660,89.18210
python,small_ttl_expiration,1000,67,0.1644,6081.37,0.06100,0.09550,0.12380,86.88540
python,small_ttl_expiration,1000,68,0.1641,6093.21,0.05770,0.08580,0.11560,88.19860
python,small_ttl_expiration,1000,69,0.1621,6167.83,0.05700,0.08210,0.10780,90.72010
python,small_ttl_expiration,1000,70,0.1570,6367.44,0.05760,0.08950,0.11710,85.71430
python,small_ttl_expiration,1000,71,0.1558,6417.27,0.05780,0.08750,0.12070,83.21880
python,small_ttl_expiration,1000,72,0.1639,6101.49,0.05710,0.08460,0.10320,88.08580
python,small_ttl_expiration,1000,73,0.1552,6445.06,0.05800,0.08680,0.11890,82.11150
python,small_ttl_expiration,1000,74,0.1615,6192.52,0.05820,0.09900,0.12880,85.67160
python,small_ttl_expiration,1000,75,0.1684,5937.10,0.06060,0.09040,0.12000,92.37000
python,small_ttl_expiration,1000,76,0.1613,6200.25,0.06020,0.09070,0.11480,86.46330
python,small_ttl_expiration,1000,77,0.1612,6202.57,0.05780,0.08430,0.10820,87.22450
python,small_ttl_expiration,1000,78,0.1549,6455.44,0.05760,0.08690,0.11040,83.42850
python,small_ttl_expiration,1000,79,0.1612,6204.43,0.05940,0.09260,0.12730,86.78740
python,small_ttl_expiration,1000,80,0.1677,5964.74,0.06010,0.09100,0.12400,92.97510
python,small_ttl_expiration,1000,81,0.1696,5896.16,0.06040,0.09100,0.12810,92.81540
python,small_ttl_expiration,1000,82,0.1629,6140.30,0.05890,0.08330,0.11600,86.30390
python,small_ttl_expiration,1000,83,0.1601,6247.09,0.05890,0.09000,0.11190,86.66000
python,small_ttl_expiration,1000,84,0.1590,6290.43,0.05850,0.08890,0.11580,85.61700
python,small_ttl_expiration,1000,85,0.1637,6109.55,0.06170,0.09520,0.12410,86.16010
python,small_ttl_expiration,1000,86,0.1628,6142.31,0.05790,0.08730,0.11470,86.39490
python,small_ttl_expiration,1000,87,0.1638,6104.82,0.05680,0.08360,0.11390,92.15380
python,small_ttl_expiration,1000,88,0.1596,6266.41,0.05640,0.08500,0.11160,89.75380
python,small_ttl_expiration,1000,89,0.1602,6241.11,0.05680,0.08690,0.13070,87.89510
python,small_ttl_expiration,1000,90,0.1601,6245.45,0.05770,0.08780,0.12750,84.86070
python,small_ttl_expiration,1000,91,0.1597,6260.78,0.05860,0.07840,0.09640,84.08130
python,small_ttl_expiration,1000,92,0.1629,6139.61,0.06030,0.09010,0.12740,87.07540
python,small_ttl_expiration,1000,93,0.1690,5917.70,0.05880,0.09010,0.12130,94.73320
python,small_ttl_expiration,1000,94,0.1591,6284.96,0.05780,0.09320,0.12720,84.99690
python,small_ttl_expiration,1000,95,0.1612,6203.89,0.05780,0.08550,0.11430,85.66210
python,small_ttl_expiration,1000,96,0.1594,6272.25,0.05720,0.08240,0.10760,85.94180
python,small_ttl_expiration,1000,97,0.1572,6360.61,0.05830,0.08520,0.11220,85.21980
python,small_ttl_expiration,1000,98,0.1605,6230.11,0.05730,0.09030,0.11770,89.04660
python,small_ttl_expiration,1000,99,0.1696,5895.34,0.06040,0.09350,0.13220,92.22590
python,small_ttl_expiration,1000,100,0.1618,6178.61,0.05710,0.08540,0.12290,87.10710
java,small_ttl_expiration,1000,1,0.3291,3038.59,0.14060,0.27440,0.35860,126.32050
java,small_ttl_expiration,1000,2,0.3448,2900.30,0.15250,0.26880,0.43270,130.97700
java,small_ttl_expiration,1000,3,0.3699,2703.63,0.16930,0.29930,0.40720,151.91830
java,small_ttl_expiration,1000,4,0.3410,2932.19,0.14850,0.26770,0.34080,135.37150
java,small_ttl_expiration,1000,5,0.3549,2817.86,0.14930,0.27450,0.35300,137.92100
java,small_ttl_expiration,1000,6,0.3361,2975.59,0.13950,0.25690,0.35970,133.79370
java,small_ttl_expiration,1000,7,0.3260,3067.38,0.14570,0.26230,0.34430,130.94710
java,small_ttl_expiration,1000,8,0.3374,2964.15,0.14780,0.25650,0.34600,132.49270
java,small_ttl_expiration,1000,9,0.3356,2979.36,0.13580,0.24630,0.34310,136.75290
java,small_ttl_expiration,1000,10,0.3116,3209.11,0.14650,0.26250,0.35930,130.37340
java,small_ttl_expiration,1000,11,0.3544,2821.61,0.15920,0.27170,0.36070,148.42990
java,small_ttl_expiration,1000,12,0.3464,2887.15,0.15500,0.26240,0.35530,138.26640
java,small_ttl_expiration,1000,13,0.3735,2677.59,0.16650,0.29810,0.38740,146.97110
java,small_ttl_expiration,1000,14,0.3675,2721.38,0.16610,0.30670,0.47330,144.50430
java,small_ttl_expiration,1000,15,0.3375,2963.37,0.15230,0.27190,0.33270,132.91390
java,small_ttl_expiration,1000,16,0.3400,2941.43,0.14790,0.24980,0.35220,140.72130
java,small_ttl_expiration,1000,17,0.3405,2936.70,0.14460,0.27490,0.41240,132.81460
java,small_ttl_expiration,1000,18,0.3242,3084.46,0.14450,0.25740,0.33060,131.84350
java,small_ttl_expiration,1000,19,0.3398,2943.24,0.14880,0.26260,0.31960,134.93770
java,small_ttl_expiration,1000,20,0.3427,2918.02,0.14010,0.25930,0.35740,132.61640
java,small_ttl_expiration,1000,21,0.3398,2943.00,0.13950,0.26160,0.32780,128.83740
java,small_ttl_expiration,1000,22,0.3236,3090.63,0.13450,0.25220,0.32970,131.56360
java,small_ttl_expiration,1000,23,0.3267,3061.03,0.14150,0.27420,0.33110,130.56000
java,small_ttl_expiration,1000,24,0.3367,2970.12,0.14060,0.26880,0.34800,137.42920
java,small_ttl_expiration,1000,25,0.3247,3079.88,0.14170,0.24330,0.33150,129.34960
java,small_ttl_expiration,1000,26,0.3356,2979.96,0.14370,0.24930,0.34600,132.90140
java,small_ttl_expiration,1000,27,0.3236,3090.04,0.14310,0.25790,0.38710,129.96310
java,small_ttl_expiration,1000,28,0.3341,2993.52,0.14000,0.25220,0.33340,133.66840
java,small_ttl_expiration,1000,29,0.3537,2827.08,0.15940,0.27870,0.40120,138.25860
java,small_ttl_expiration,1000,30,0.3716,2691.01,0.17170,0.29990,0.42960,146.98870
java,small_ttl_expiration,1000,31,0.3442,2905.46,0.14620,0.25230,0.34950,135.14860
java,small_ttl_expiration,1000,32,0.3200,3125.11,0.14280,0.25220,0.30880,132.31620
java,small_ttl_expiration,1000,33,0.3413,2930.29,0.14350,0.24960,0.32340,138.19190
java,small_ttl_expiration,1000,34,0.3433,2913.19,0.14910,0.26420,0.33770,133.26610
java,small_ttl_expiration,1000,35,0.3353,2982.46,0.13850,0.26540,0.33490,137.11400
java,small_ttl_expiration,1000,36,0.3252,3075.43,0.14070,0.27850,0.35600,130.40620
java,small_ttl_expiration,1000,37,0.3406,2936.16,0.14130,0.27220,0.38770,131.38400
java,small_ttl_expiration,1000,38,0.3253,3074.29,0.13400,0.23880,0.30850,135.05160
java,small_ttl_expiration,1000,39,0.3378,2960.21,0.14920,0.25390,0.33200,130.99940
java,small_ttl_expiration,1000,40,0.3440,2906.83,0.13760,0.26240,0.34180,133.69760
java,small_ttl_expiration,1000,41,0.3319,3013.36,0.13060,0.23630,0.34040,136.70430
java,small_ttl_expiration,1000,42,0.3230,3096.21,0.14600,0.25300,0.31450,129.66600
java,small_ttl_expiration,1000,43,0.3201,3123.55,0.14240,0.23600,0.32450,132.29100
java,small_ttl_expiration,1000,44,0.3744,2671.15,0.16700,0.28950,0.39240,142.22390
java,small_ttl_expiration,1000,45,0.3706,2698.15,0.15910,0.30510,0.44160,148.68500
java,small_ttl_expiration,1000,46,0.3403,2938.91,0.15210,0.25540,0.30920,136.07370
java,small_ttl_expiration,1000,47,0.3402,2939.58,0.14690,0.26860,0.38150,137.83810
java,small_ttl_expiration,1000,48,0.3615,2765.93,0.16490,0.30580,0.45270,131.38400
java,small_ttl_expiration,1000,49,0.3711,2694.84,0.17590,0.30670,0.38250,146.24450
java,small_ttl_expiration,1000,50,0.3336,2997.90,0.15230,0.26160,0.35090,135.30180
java,small_ttl_expiration,1000,51,0.3438,2908.71,0.14240,0.25530,0.33130,139.61450
java,small_ttl_expiration,1000,52,0.3379,2959.23,0.14390,0.27800,0.39250,129.52930
java,small_ttl_expiration,1000,53,0.3370,2967.68,0.14580,0.24630,0.30870,129.46470
java,small_ttl_expiration,1000,54,0.3238,3088.45,0.13330,0.24190,0.32020,135.14330
java,small_ttl_expiration,1000,55,0.3259,3068.36,0.14470,0.24630,0.32010,131.65460
java,small_ttl_expiration,1000,56,0.3336,2997.57,0.13850,0.26470,0.35450,136.88930
java,small_ttl_expiration,1000,57,0.3242,3084.39,0.14670,0.24210,0.31640,130.41170
java,small_ttl_expiration,1000,58,0.3374,2963.67,0.14040,0.27480,0.34120,137.17220
java,small_ttl_expiration,1000,59,0.3229,3097.17,0.14180,0.26780,0.35610,132.15830
java,small_ttl_expiration,1000,60,0.3255,3072.40,0.14310,0.23990,0.32580,134.66870
java,small_ttl_expiration,1000,61,0.3396,2944.81,0.14740,0.27660,0.41540,132.24470
java,small_ttl_expiration,1000,62,0.3493,2862.65,0.14740,0.25850,0.35530,133.01950
java,small_ttl_expiration,1000,63,0.3500,2857.18,0.14110,0.26070,0.34950,147.32730
java,small_ttl_expiration,1000,64,0.3437,2909.42,0.14300,0.24160,0.31800,140.78460
java,small_ttl_expiration,1000,65,0.3337,2996.68,0.14890,0.27140,0.35810,130.67740
java,small_ttl_expiration,1000,66,0.3398,2943.00,0.14480,0.26560,0.38560,134.54020
java,small_ttl_expiration,1000,67,0.3322,3010.05,0.14010,0.23670,0.34660,133.03750
java,small_ttl_expiration,1000,68,0.3292,3037.96,0.13610,0.25490,0.32370,129.89790
java,small_ttl_expiration,1000,69,0.3331,3002.29,0.13500,0.25110,0.32520,134.23280
java,small_ttl_expiration,1000,70,0.3231,3094.74,0.14130,0.25990,0.34310,130.95210
java,small_ttl_expiration,1000,71,0.3422,2922.37,0.13620,0.27260,0.35790,136.46960
java,small_ttl_expiration,1000,72,0.3235,3090.79,0.13610,0.25060,0.37050,133.28910
java,small_ttl_expiration,1000,73,0.3392,2947.73,0.14550,0.24370,0.33190,131.72250
java,small_ttl_expiration,1000,74,0.3343,2991.69,0.13550,0.24440,0.32320,136.24380
java,small_ttl_expiration,1000,75,0.3085,3241.34,0.13560,0.25740,0.32130,119.65160
java,small_ttl_expiration,1000,76,0.3713,2693.13,0.16600,0.29240,0.40060,146.42910
java,small_ttl_expiration,1000,77,0.3409,2933.60,0.14300,0.25790,0.33380,149.02420
java,small_ttl_expiration,1000,78,0.3396,2944.95,0.14310,0.25470,0.38140,129.68560
java,small_ttl_expiration,1000,79,0.3413,2930.31,0.13360,0.23280,0.29660,154.89730
java,small_ttl_expiration,1000,80,0.3130,3194.72,0.11920,0.19960,0.28620,124.54160
java,small_ttl_expiration,1000,81,0.2880,3471.98,0.10980,0.21400,0.26840,121.08010
java,small_ttl_expiration,1000,82,0.3127,3197.46,0.13190,0.23440,0.30660,115.81140
java,small_ttl_expiration,1000,83,0.3197,3127.61,0.13940,0.23570,0.33800,128.88960
java,small_ttl_expiration,1000,84,0.2930,3412.59,0.11880,0.23140,0.28710,115.24750
java,small_ttl_expiration,1000,85,0.3122,3203.38,0.13720,0.25320,0.32450,114.03360
java,small_ttl_expiration,1000,86,0.3284,3044.90,0.13840,0.24670,0.32820,131.73040
java,small_ttl_expiration,1000,87,0.3055,3272.86,0.11880,0.21810,0.29490,120.65140
java,small_ttl_expiration,1000,88,0.2929,3413.73,0.11820,0.22470,0.28900,119.60980
java,small_ttl_expiration,1000,89,0.3117,3208.01,0.13580,0.24420,0.31940,124.44080
java,small_ttl_expiration,1000,90,0.3186,3138.83,0.13290,0.23970,0.31000,127.45250
java,small_ttl_expiration,1000,91,0.2981,3354.22,0.11820,0.24500,0.30500,117.75910
java,small_ttl_expiration,1000,92,0.3209,3116.05,0.13800,0.23440,0.29960,127.23490
java,small_ttl_expiration,1000,93,0.3033,3297.38,0.11480,0.23940,0.29120,115.20520
java,small_ttl_expiration,1000,94,0.2966,3372.06,0.11000,0.21280,0.26710,120.95740
java,small_ttl_expiration,1000,95,0.3167,3157.29,0.12220,0.23580,0.31360,145.16700
java,small_ttl_expiration,1000,96,0.3264,3064.16,0.13750,0.25290,0.32620,121.77090
java,small_ttl_expiration,1000,97,0.3278,3050.35,0.12160,0.23490,0.30720,125.34380
java,small_ttl_expiration,1000,98,0.3198,3127.41,0.13130,0.24240,0.32460,138.68260
java,small_ttl_expiration,1000,99,0.3388,2951.19,0.13880,0.24440,0.33070,131.67860
java,small_ttl_expiration,1000,100,0.3035,3294.81,0.12070,0.22150,0.27540,124.69760
rust,small_ttl_expiration,1000,1,0.0910,10991.89,0.05870,0.10250,0.16210,24.45520
rust,small_ttl_expiration,1000,2,0.0832,12015.50,0.04950,0.08380,0.14520,25.45630
rust,small_ttl_expiration,1000,3,0.0909,10995.69,0.05700,0.09150,0.12880,26.72100
rust,small_ttl_expiration,1000,4,0.0873,11458.74,0.05040,0.07580,0.10530,30.00780
rust,small_ttl_expiration,1000,5,0.0790,12652.43,0.04960,0.07220,0.09930,24.04700
rust,small_ttl_expiration,1000,6,0.0779,12831.16,0.04940,0.08340,0.11510,20.98160
rust,small_ttl_expiration,1000,7,0.0770,12987.25,0.04960,0.07770,0.12120,20.84660
rust,small_ttl_expiration,1000,8,0.0746,13401.11,0.04820,0.07010,0.10390,21.19260
rust,small_ttl_expiration,1000,9,0.0706,14172.30,0.04690,0.06400,0.09270,19.26390
rust,small_ttl_expiration,1000,10,0.0696,14358.92,0.04360,0.05670,0.07440,21.79260
rust,small_ttl_expiration,1000,11,0.0689,14519.29,0.04380,0.05960,0.09800,20.60580
rust,small_ttl_expiration,1000,12,0.0671,14907.20,0.04420,0.06650,0.09000,17.77080
rust,small_ttl_expiration,1000,13,0.0787,12704.56,0.04680,0.09790,0.14690,17.76390
rust,small_ttl_expiration,1000,14,0.0719,13915.04,0.04540,0.06680,0.09230,20.44710
rust,small_ttl_expiration,1000,15,0.0726,13770.79,0.04540,0.06400,0.08710,21.82570
rust,small_ttl_expiration,1000,16,0.0771,12970.44,0.04650,0.06700,0.08610,25.41600
rust,small_ttl_expiration,1000,17,0.0761,13138.91,0.04650,0.07390,0.11160,23.02750
rust,small_ttl_expiration,1000,18,0.0749,13346.34,0.04760,0.07700,0.10460,20.49460
rust,small_ttl_expiration,1000,19,0.0746,13406.43,0.04860,0.07690,0.11370,19.41790
rust,small_ttl_expiration,1000,20,0.0754,13270.54,0.04810,0.07530,0.10330,20.16910
rust,small_ttl_expiration,1000,21,0.0767,13043.95,0.04790,0.06940,0.09100,21.97830
rust,small_ttl_expiration,1000,22,0.0775,12906.96,0.04820,0.06690,0.08800,23.70050
rust,small_ttl_expiration,1000,23,0.0798,12535.49,0.04770,0.06660,0.08610,27.02330
rust,small_ttl_expiration,1000,24,0.0831,12040.56,0.04840,0.07120,0.09700,28.49820
rust,small_ttl_expiration,1000,25,0.0856,11682.58,0.05060,0.08520,0.12220,25.16220
rust,small_ttl_expiration,1000,26,0.0853,11719.35,0.04970,0.07230,0.09980,30.13710
rust,small_ttl_expiration,1000,27,0.0783,12774.85,0.04940,0.07670,0.11670,22.22450
rust,small_ttl_expiration,1000,28,0.0774,12920.60,0.04960,0.08200,0.11830,21.23730
rust,small_ttl_expiration,1000,29,0.0806,12399.61,0.05020,0.08310,0.12580,22.20650
rust,small_ttl_expiration,1000,30,0.0829,12063.60,0.05280,0.08540,0.11380,21.90470
rust,small_ttl_expiration,1000,31,0.0836,11963.38,0.05310,0.08380,0.10820,23.21390
rust,small_ttl_expiration,1000,32,0.0842,11880.41,0.05350,0.08940,0.12450,22.54310
rust,small_ttl_expiration,1000,33,0.0885,11302.78,0.05380,0.08950,0.13300,24.95840
rust,small_ttl_expiration,1000,34,0.0959,10424.01,0.06330,0.09940,0.14190,26.57110
rust,small_ttl_expiration,1000,35,0.0852,11734.44,0.05410,0.08900,0.11250,22.85430
rust,small_ttl_expiration,1000,36,0.0862,11602.27,0.05410,0.09030,0.12990,24.02590
rust,small_ttl_expiration,1000,37,0.1020,9808.22,0.05580,0.09590,0.12820,37.64710
rust,small_ttl_expiration,1000,38,0.0825,12121.59,0.05180,0.08130,0.12080,23.49430
rust,small_ttl_expiration,1000,39,0.0830,12049.82,0.05220,0.08080,0.10620,23.91480
rust,small_ttl_expiration,1000,40,0.0816,12249.71,0.05120,0.08180,0.11180,23.23030
rust,small_ttl_expiration,1000,41,0.0785,12743.92,0.04980,0.07280,0.09850,22.19160
rust,small_ttl_expiration,1000,42,0.0782,12786.07,0.04940,0.07560,0.10130,22.17990
rust,small_ttl_expiration,1000,43,0.0796,12566.16,0.04860,0.07460,0.09700,25.00240
rust,small_ttl_expiration,1000,44,0.0795,12580.77,0.04890,0.07030,0.09850,25.27300
rust,small_ttl_expiration,1000,45,0.0794,12590.64,0.04840,0.07780,0.11740,24.46700
rust,small_ttl_expiration,1000,46,0.0742,13474.26,0.04740,0.07060,0.10370,21.17230
rust,small_ttl_expiration,1000,47,0.0756,13219.16,0.04880,0.07750,0.10800,20.05160
rust,small_ttl_expiration,1000,48,0.0878,11386.18,0.05490,0.10030,0.16350,21.40960
rust,small_ttl_expiration,1000,49,0.0797,12541.86,0.05110,0.08010,0.11170,21.85970
rust,small_ttl_expiration,1000,50,0.0793,12617.18,0.04980,0.07460,0.11530,22.80370
rust,small_ttl_expiration,1000,51,0.0780,12827.40,0.04840,0.07100,0.10190,21.82710
rust,small_ttl_expiration,1000,52,0.0785,12734.70,0.04810,0.06860,0.08590,24.53880
rust,small_ttl_expiration,1000,53,0.0799,12517.12,0.04910,0.06710,0.09600,25.44390
rust,small_ttl_expiration,1000,54,0.0797,12549.16,0.04840,0.07000,0.10380,25.92290
rust,small_ttl_expiration,1000,55,0.0785,12733.08,0.04800,0.07360,0.11040,24.75080
rust,small_ttl_expiration,1000,56,0.0746,13399.92,0.04730,0.07900,0.10930,20.22390
rust,small_ttl_expiration,1000,57,0.0768,13015.83,0.05040,0.07820,0.10340,20.11540
rust,small_ttl_expiration,1000,58,0.0788,12684.45,0.05070,0.08330,0.09990,21.35330
rust,small_ttl_expiration,1000,59,0.0802,12461.26,0.05060,0.07800,0.10680,23.10560
rust,small_ttl_expiration,1000,60,0.0876,11416.16,0.05440,0.09550,0.14480,23.51700
rust,small_ttl_expiration,1000,61,0.0778,12847.18,0.04910,0.07060,0.10250,22.05320
rust,small_ttl_expiration,1000,62,0.0778,12855.27,0.04770,0.06480,0.08150,25.47620
rust,small_ttl_expiration,1000,63,0.0784,12754.58,0.04730,0.06590,0.09260,26.19130
rust,small_ttl_expiration,1000,64,0.0756,13227.60,0.04730,0.07240,0.09820,22.91220
rust,small_ttl_expiration,1000,65,0.0734,13626.80,0.04740,0.07510,0.10290,19.83310
rust,small_ttl_expiration,1000,66,0.0760,13156.75,0.04850,0.07560,0.10900,20.86160
rust,small_ttl_expiration,1000,67,0.0783,12772.21,0.05040,0.08070,0.10840,21.00580
rust,small_ttl_expiration,1000,68,0.0787,12699.93,0.04950,0.07400,0.10710,22.46500
rust,small_ttl_expiration,1000,69,0.0754,13261.19,0.04760,0.06820,0.09500,21.67540
rust,small_ttl_expiration,1000,70,0.0779,12831.30,0.04790,0.06830,0.09110,24.93140
rust,small_ttl_expiration,1000,71,0.0796,12570.19,0.04770,0.06590,0.09650,26.80940
rust,small_ttl_expiration,1000,72,0.0855,11696.25,0.05080,0.08660,0.13800,24.88330
rust,small_ttl_expiration,1000,73,0.0817,12243.45,0.05000,0.07890,0.10830,24.82170
rust,small_ttl_expiration,1000,74,0.0766,13053.18,0.04950,0.07880,0.12780,20.57500
rust,small_ttl_expiration,1000,75,0.0769,13009.89,0.04960,0.07850,0.10200,20.64980
rust,small_ttl_expiration,1000,76,0.0796,12561.84,0.05080,0.08170,0.11000,21.28820
rust,small_ttl_expiration,1000,77,0.0788,12689.79,0.05060,0.07450,0.10180,21.97920
rust,small_ttl_expiration,1000,78,0.0793,12602.41,0.05030,0.07340,0.10030,22.59140
rust,small_ttl_expiration,1000,79,0.0797,12547.67,0.04890,0.07170,0.09610,24.49440
rust,small_ttl_expiration,1000,80,0.0802,12473.60,0.04800,0.06810,0.09070,26.48120
rust,small_ttl_expiration,1000,81,0.0802,12464.49,0.04800,0.07070,0.09340,26.71470
rust,small_ttl_expiration,1000,82,0.0786,12723.47,0.04800,0.07180,0.10810,24.36190
rust,small_ttl_expiration,1000,83,0.0787,12712.93,0.04920,0.07850,0.10670,22.78570
rust,small_ttl_expiration,1000,84,0.0834,11984.01,0.05180,0.09170,0.14840,19.91940
rust,small_ttl_expiration,1000,85,0.0781,12811.71,0.04990,0.08180,0.10820,20.99820
rust,small_ttl_expiration,1000,86,0.0789,12677.08,0.05030,0.07810,0.11660,21.12850
rust,small_ttl_expiration,1000,87,0.0785,12741.22,0.04910,0.07320,0.10490,22.92320
rust,small_ttl_expiration,1000,88,0.0764,13080.84,0.04810,0.07160,0.09560,21.68330
rust,small_ttl_expiration,1000,89,0.0775,12901.59,0.04820,0.06630,0.08730,24.08620
rust,small_ttl_expiration,1000,90,0.0791,12638.50,0.04780,0.07220,0.10820,25.30780
rust,small_ttl_expiration,1000,91,0.0805,12420.74,0.04850,0.07210,0.10320,26.01130
rust,small_ttl_expiration,1000,92,0.0784,12762.70,0.04890,0.07950,0.11280,22.78890
rust,small_ttl_expiration,1000,93,0.0749,13359.86,0.04780,0.07800,0.10640,20.86680
rust,small_ttl_expiration,1000,94,0.0765,13064.48,0.04900,0.07630,0.11140,20.25810
rust,small_ttl_expiration,1000,95,0.0752,13305.04,0.04840,0.07810,0.10980,20.10290
rust,small_ttl_expiration,1000,96,0.0809,12361.61,0.04810,0.08190,0.13990,20.99520
rust,small_ttl_expiration,1000,97,0.0862,11601.92,0.05010,0.07860,0.10990,28.54460
rust,small_ttl_expiration,1000,98,0.0792,12630.39,0.05000,0.07590,0.09930,22.15800
rust,small_ttl_expiration,1000,99,0.0828,12084.18,0.04950,0.07190,0.09640,26.95900
rust,small_ttl_expiration,1000,100,0.0793,12616.20,0.04850,0.06600,0.09130,25.80650
python,small_write_heavy,1000,1,0.1980,5051.37,0.08580,0.14190,0.18880,92.44580
python,small_write_heavy,1000,2,0.1866,5358.92,0.07910,0.12020,0.15390,91.38520
python,small_write_heavy,1000,3,0.1767,5657.97,0.06960,0.10950,0.14820,88.92320
python,small_write_heavy,1000,4,0.1773,5640.37,0.06870,0.10520,0.12930,90.55070
python,small_write_heavy,1000,5,0.1707,5859.28,0.06440,0.09770,0.13640,89.17240
python,small_write_heavy,1000,6,0.1706,5862.83,0.06240,0.09870,0.12280,87.92650
python,small_write_heavy,1000,7,0.1758,5686.72,0.06250,0.09170,0.12340,90.77820
python,small_write_heavy,1000,8,0.1647,6070.92,0.06010,0.09180,0.12830,87.87510
python,small_write_heavy,1000,9,0.1768,5655.96,0.06140,0.09620,0.14530,95.54900
python,small_write_heavy,1000,10,0.1798,5561.87,0.06450,0.10320,0.13270,96.27040
python,small_write_heavy,1000,11,0.2024,4941.25,0.06540,0.09860,0.13800,111.95920
python,small_write_heavy,1000,12,0.1935,5167.18,0.06600,0.10200,0.14540,104.35180
python,small_write_heavy,1000,13,0.1823,5486.92,0.06590,0.10030,0.13660,97.58580
python,small_write_heavy,1000,14,0.1723,5803.93,0.06270,0.09300,0.11960,89.82440
python,small_write_heavy,1000,15,0.1723,5803.63,0.06150,0.09000,0.11990,91.81840
python,small_write_heavy,1000,16,0.1657,6036.33,0.05910,0.08120,0.10730,91.64790
python,small_write_heavy,1000,17,0.1631,6132.88,0.06060,0.09030,0.11910,86.32880
python,small_write_heavy,1000,18,0.1623,6160.20,0.05960,0.09190,0.11900,86.84080
python,small_write_heavy,1000,19,0.1658,6029.91,0.05790,0.09640,0.11930,91.21410
python,small_write_heavy,1000,20,0.1741,5745.22,0.05990,0.09700,0.14160,95.76190
python,small_write_heavy,1000,21,0.1758,5688.91,0.06150,0.09020,0.11990,94.54550
python,small_write_heavy,1000,22,0.1676,5968.06,0.05960,0.09210,0.13590,88.19570
python,small_write_heavy,1000,23,0.1593,6277.88,0.05830,0.09400,0.11710,85.55820
python,small_write_heavy,1000,24,0.1621,6169.43,0.05940,0.09390,0.12730,86.75290
python,small_write_heavy,1000,25,0.1593,6277.96,0.05780,0.09240,0.12140,84.85250
python,small_write_heavy,1000,26,0.1653,6050.24,0.06160,0.09780,0.11980,84.11650
python,small_write_heavy,1000,27,0.1671,5982.96,0.06060,0.09010,0.11610,86.25980
python,small_write_heavy,1000,28,0.1606,6227.76,0.05850,0.08760,0.12990,85.44200
python,small_write_heavy,1000,29,0.1614,6196.55,0.05910,0.09150,0.11970,86.81430
python,small_write_heavy,1000,30,0.1663,6011.80,0.05970,0.09570,0.13440,89.75580
python,small_write_heavy,1000,31,0.1643,6088.00,0.05910,0.08810,0.11560,88.49220
python,small_write_heavy,1000,32,0.1640,6099.09,0.05670,0.08340,0.11540,88.31210
python,small_write_heavy,1000,33,0.1620,6171.78,0.05930,0.08960,0.12940,86.59250
python,small_write_heavy,1000,34,0.1596,6266.79,0.05770,0.08950,0.12340,87.06090
python,small_write_heavy,1000,35,0.1629,6137.33,0.05920,0.09280,0.12090,87.05610
python,small_write_heavy,1000,36,0.1638,6106.70,0.05980,0.09350,0.11110,87.11920
python,small_write_heavy,1000,37,0.1579,6331.37,0.05630,0.08110,0.10250,85.21250
python,small_write_heavy,1000,38,0.1576,6346.74,0.05660,0.09120,0.12080,84.16060
python,small_write_heavy,1000,39,0.1610,6209.50,0.05910,0.09000,0.13130,85.58090
python,small_write_heavy,1000,40,0.1578,6338.32,0.05690,0.08610,0.10990,82.84430
python,small_write_heavy,1000,41,0.1557,6422.21,0.05670,0.07740,0.09840,84.82170
python,small_write_heavy,1000,42,0.1620,6172.36,0.05710,0.08710,0.11520,89.38310
python,small_write_heavy,1000,43,0.1583,6315.81,0.05750,0.09620,0.13400,82.37970
python,small_write_heavy,1000,44,0.1591,6284.94,0.05730,0.08830,0.10880,84.54790
python,small_write_heavy,1000,45,0.1631,6132.67,0.05740,0.08500,0.11120,88.86530
python,small_write_heavy,1000,46,0.1557,6423.53,0.05670,0.08680,0.11240,84.04650
python,small_write_heavy,1000,47,0.1584,6313.85,0.05730,0.08590,0.11760,85.95910
python,small_write_heavy,1000,48,0.1616,6186.40,0.05720,0.08590,0.10400,89.41750
python,small_write_heavy,1000,49,0.1544,6477.17,0.05550,0.07570,0.09340,83.60440
python,small_write_heavy,1000,50,0.1579,6331.65,0.05560,0.08430,0.10860,87.05200
python,small_write_heavy,1000,51,0.1599,6253.76,0.05860,0.09150,0.12290,83.83310
python,small_write_heavy,1000,52,0.1828,5469.90,0.06110,0.13340,0.19830,89.28600
python,small_write_heavy,1000,53,0.1800,5554.35,0.06070,0.09160,0.13090,101.75020
python,small_write_heavy,1000,54,0.1641,6092.70,0.05980,0.08770,0.11380,87.85820
python,small_write_heavy,1000,55,0.1644,6081.86,0.05860,0.08280,0.11360,86.99130
python,small_write_heavy,1000,56,0.1560,6409.83,0.05630,0.08400,0.12200,83.51160
python,small_write_heavy,1000,57,0.1600,6248.78,0.05800,0.09500,0.12500,85.75400
python,small_write_heavy,1000,58,0.1892,5286.16,0.08110,0.12760,0.16340,91.61520
python,small_write_heavy,1000,59,0.1681,5947.82,0.06240,0.10300,0.15720,88.68620
python,small_write_heavy,1000,60,0.1990,5025.85,0.07400,0.10660,0.13960,106.82430
python,small_write_heavy,1000,61,0.2034,4915.60,0.08260,0.12130,0.16220,102.69290
python,small_write_heavy,1000,62,0.2105,4751.08,0.08700,0.11990,0.16640,101.03070
python,small_write_heavy,1000,63,0.2317,4315.29,0.07990,0.11720,0.15810,114.83580
python,small_write_heavy,1000,64,0.2301,4345.84,0.08410,0.11370,0.14570,125.73390
python,small_write_heavy,1000,65,0.1754,5700.13,0.06400,0.09040,0.11720,94.64570
python,small_write_heavy,1000,66,0.1678,5960.24,0.05950,0.08660,0.11130,91.32190
python,small_write_heavy,1000,67,0.1598,6259.57,0.05970,0.09040,0.11930,84.71220
python,small_write_heavy,1000,68,0.1567,6382.31,0.05670,0.08610,0.10910,85.60860
python,small_write_heavy,1000,69,0.1592,6279.45,0.05660,0.08960,0.12460,85.93010
python,small_write_heavy,1000,70,0.1507,6637.82,0.05530,0.07510,0.10630,82.77650
python,small_write_heavy,1000,71,0.1590,6288.12,0.05800,0.09030,0.11200,86.30860
python,small_write_heavy,1000,72,0.1774,5635.68,0.06190,0.10520,0.13790,95.46060
python,small_write_heavy,1000,73,0.1760,5680.75,0.06410,0.10430,0.13540,93.44480
python,small_write_heavy,1000,74,0.1787,5594.73,0.06440,0.09770,0.12770,98.64110
python,small_write_heavy,1000,75,0.1686,5929.97,0.06150,0.09170,0.12190,90.82570
python,small_write_heavy,1000,76,0.1602,6241.85,0.05760,0.08630,0.11480,85.47100
python,small_write_heavy,1000,77,0.1518,6588.83,0.05570,0.08790,0.12650,81.71580
python,small_write_heavy,1000,78,0.1602,6243.35,0.05680,0.08530,0.11330,89.85390
python,small_write_heavy,1000,79,0.1618,6179.17,0.05800,0.09570,0.11400,86.41320
python,small_write_heavy,1000,80,0.1643,6084.59,0.05880,0.08720,0.10840,88.05320
python,small_write_heavy,1000,81,0.1603,6240.17,0.05790,0.08960,0.11990,87.03250
python,small_write_heavy,1000,82,0.1612,6205.27,0.05920,0.09180,0.13080,85.89420
python,small_write_heavy,1000,83,0.1590,6290.68,0.05730,0.08900,0.11600,87.12060
python,small_write_heavy,1000,84,0.1601,6244.63,0.05690,0.08370,0.11180,85.82270
python,small_write_heavy,1000,85,0.1592,6283.14,0.05790,0.08660,0.10910,86.59490
python,small_write_heavy,1000,86,0.1601,6247.24,0.05790,0.09210,0.12330,87.12610
python,small_write_heavy,1000,87,0.1636,6114.20,0.06010,0.09570,0.12960,86.91390
python,small_write_heavy,1000,88,0.1593,6277.59,0.05920,0.08710,0.11250,84.99910
python,small_write_heavy,1000,89,0.1578,6335.68,0.05710,0.08250,0.10320,85.88150
python,small_write_heavy,1000,90,0.1581,6325.17,0.05530,0.08600,0.11600,88.36630
python,small_write_heavy,1000,91,0.1616,6188.24,0.05980,0.09740,0.11990,85.91660
python,small_write_heavy,1000,92,0.1622,6164.19,0.05800,0.08670,0.12140,89.04630
python,small_write_heavy,1000,93,0.1556,6426.89,0.05520,0.07890,0.11110,84.88450
python,small_write_heavy,1000,94,0.1593,6277.66,0.05650,0.08400,0.12340,88.02570
python,small_write_heavy,1000,95,0.1575,6347.33,0.05650,0.09120,0.11800,85.33710
python,small_write_heavy,1000,96,0.1633,6124.31,0.05750,0.09160,0.10950,89.68050
python,small_write_heavy,1000,97,0.1570,6370.14,0.05710,0.08340,0.10250,85.08610
python,small_write_heavy,1000,98,0.1655,6041.10,0.05710,0.08980,0.12050,93.84730
python,small_write_heavy,1000,99,0.1632,6126.90,0.05900,0.09480,0.13830,87.80100
python,small_write_heavy,1000,100,0.1590,6289.92,0.05910,0.08930,0.11170,84.81440
java,small_write_heavy,1000,1,0.3316,3015.30,0.16370,0.29150,0.42290,134.78660
java,small_write_heavy,1000,2,0.3675,2720.85,0.15540,0.27000,0.33560,151.57970
java,small_write_heavy,1000,3,0.3710,2695.55,0.16980,0.29110,0.39180,166.12490
java,small_write_heavy,1000,4,0.3345,2989.44,0.15000,0.29650,0.37860,145.74200
java,small_write_heavy,1000,5,0.3207,3118.40,0.14160,0.27150,0.39080,135.55410
java,small_write_heavy,1000,6,0.3165,3159.75,0.14140,0.26140,0.32160,141.36800
java,small_write_heavy,1000,7,0.3100,3225.80,0.14820,0.27350,0.34350,135.45620
java,small_write_heavy,1000,8,0.3221,3104.43,0.14070,0.25920,0.35160,138.11830
java,small_write_heavy,1000,9,0.3048,3280.64,0.14840,0.25640,0.34740,136.31730
java,small_write_heavy,1000,10,0.3260,3067.27,0.15240,0.25680,0.31920,132.64030
java,small_write_heavy,1000,11,0.3345,2989.19,0.15230,0.27260,0.38750,148.43430
java,small_write_heavy,1000,12,0.3256,3071.01,0.14590,0.25550,0.35270,141.98240
java,small_write_heavy,1000,13,0.3226,3099.35,0.14900,0.26950,0.34320,134.07550
java,small_write_heavy,1000,14,0.3060,3268.05,0.13950,0.25940,0.34690,136.27410
java,small_write_heavy,1000,15,0.3066,3261.07,0.13980,0.23820,0.32330,139.81880
java,small_write_heavy,1000,16,0.3195,3129.84,0.15560,0.27310,0.37560,131.88290
java,small_write_heavy,1000,17,0.3151,3173.63,0.14220,0.25420,0.32520,140.03270
java,small_write_heavy,1000,18,0.3221,3104.74,0.14750,0.25880,0.33560,135.39520
java,small_write_heavy,1000,19,0.3078,3249.06,0.14410,0.25980,0.36100,135.21950
java,small_write_heavy,1000,20,0.3096,3229.67,0.14400,0.25650,0.33480,138.37030
java,small_write_heavy,1000,21,0.3081,3246.19,0.14930,0.25220,0.34890,133.34640
java,small_write_heavy,1000,22,0.3073,3254.01,0.14590,0.24330,0.30840,140.30270
java,small_write_heavy,1000,23,0.3251,3076.17,0.16120,0.28000,0.32520,140.79420
java,small_write_heavy,1000,24,0.3371,2966.91,0.14870,0.28210,0.39740,147.30300
java,small_write_heavy,1000,25,0.3320,3012.36,0.14370,0.26500,0.34530,132.79240
java,small_write_heavy,1000,26,0.3298,3032.16,0.15100,0.27150,0.38480,139.80860
java,small_write_heavy,1000,27,0.3541,2824.04,0.16930,0.29890,0.45180,138.13120
java,small_write_heavy,1000,28,0.3987,2507.89,0.18980,0.32960,0.41480,168.18410
java,small_write_heavy,1000,29,0.4429,2257.67,0.21370,0.34660,0.50080,195.59290
java,small_write_heavy,1000,30,0.3641,2746.39,0.15210,0.28070,0.40960,156.22410
java,small_write_heavy,1000,31,0.3190,3134.73,0.14800,0.27350,0.39370,140.85020
java,small_write_heavy,1000,32,0.3062,3265.49,0.14630,0.25580,0.32710,135.21270
java,small_write_heavy,1000,33,0.3229,3096.65,0.14530,0.26950,0.32030,140.54230
java,small_write_heavy,1000,34,0.3236,3090.61,0.15460,0.26470,0.44060,136.56810
java,small_write_heavy,1000,35,0.3229,3097.37,0.15190,0.25680,0.33280,147.67250
java,small_write_heavy,1000,36,0.3096,3229.72,0.15100,0.25640,0.34060,135.07370
java,small_write_heavy,1000,37,0.3269,3058.61,0.14740,0.26500,0.37290,141.30340
java,small_write_heavy,1000,38,0.3349,2986.02,0.14160,0.27240,0.34580,132.01970
java,small_write_heavy,1000,39,0.3099,3227.30,0.13850,0.26200,0.34300,139.83540
java,small_write_heavy,1000,40,0.3046,3283.29,0.14940,0.26640,0.34590,133.57390
java,small_write_heavy,1000,41,0.3119,3206.57,0.14950,0.25140,0.34800,132.74700
java,small_write_heavy,1000,42,0.3118,3207.32,0.13830,0.25410,0.30990,138.84490
java,small_write_heavy,1000,43,0.3209,3115.77,0.14690,0.27100,0.35080,134.36870
java,small_write_heavy,1000,44,0.3124,3200.90,0.13160,0.24570,0.32070,142.79760
java,small_write_heavy,1000,45,0.3082,3244.31,0.13850,0.27110,0.32570,137.93370
java,small_write_heavy,1000,46,0.3095,3231.33,0.12900,0.23820,0.30090,128.99820
java,small_write_heavy,1000,47,0.2888,3463.13,0.12750,0.22800,0.29350,137.34290
java,small_write_heavy,1000,48,0.2979,3356.74,0.14760,0.26290,0.34920,121.85610
java,small_write_heavy,1000,49,0.3373,2964.68,0.15920,0.26390,0.37560,143.05580
java,small_write_heavy,1000,50,0.3408,2934.12,0.14900,0.27130,0.35200,153.32490
java,small_write_heavy,1000,51,0.3063,3264.59,0.15840,0.27320,0.37050,125.51100
java,small_write_heavy,1000,52,0.3291,3038.82,0.13730,0.24530,0.31530,147.01530
java,small_write_heavy,1000,53,0.2959,3379.98,0.11060,0.21690,0.26020,150.96590
java,small_write_heavy,1000,54,0.2654,3767.37,0.12710,0.23480,0.28800,106.04910
java,small_write_heavy,1000,55,0.2896,3452.87,0.13860,0.23590,0.33700,124.23520
java,small_write_heavy,1000,56,0.2750,3636.73,0.11930,0.23150,0.33470,123.45700
java,small_write_heavy,1000,57,0.2620,3816.25,0.11500,0.23730,0.30200,112.40340
java,small_write_heavy,1000,58,0.2955,3383.54,0.13570,0.25550,0.35520,121.52080
java,small_write_heavy,1000,59,0.2918,3427.22,0.14050,0.24550,0.31190,126.97630
java,small_write_heavy,1000,60,0.2940,3401.37,0.12550,0.23970,0.32580,129.47200
java,small_write_heavy,1000,61,0.2924,3419.88,0.13310,0.22910,0.33320,129.22440
java,small_write_heavy,1000,62,0.2963,3375.51,0.13660,0.24190,0.30450,136.11880
java,small_write_heavy,1000,63,0.3052,3277.06,0.12890,0.27080,0.34080,130.69770
java,small_write_heavy,1000,64,0.2811,3557.24,0.11900,0.24220,0.30350,119.12850
java,small_write_heavy,1000,65,0.2917,3428.27,0.13910,0.25950,0.34470,126.62180
java,small_write_heavy,1000,66,0.2790,3583.71,0.12200,0.22750,0.31630,126.99770
java,small_write_heavy,1000,67,0.2605,3838.11,0.11250,0.21900,0.26260,114.16300
java,small_write_heavy,1000,68,0.2785,3591.23,0.12940,0.24330,0.32120,110.95940
java,small_write_heavy,1000,69,0.2973,3363.80,0.14200,0.24020,0.30850,124.23850
java,small_write_heavy,1000,70,0.2905,3441.81,0.12620,0.23440,0.28270,128.59010
java,small_write_heavy,1000,71,0.2779,3598.29,0.11620,0.21370,0.27060,124.42710
java,small_write_heavy,1000,72,0.2920,3424.74,0.13820,0.24790,0.32130,126.66380
java,small_write_heavy,1000,73,0.3105,3220.32,0.13980,0.25580,0.32000,134.91960
java,small_write_heavy,1000,74,0.2720,3676.91,0.11920,0.23690,0.30530,119.63740
java,small_write_heavy,1000,75,0.2811,3558.05,0.13210,0.23790,0.31450,120.24890
java,small_write_heavy,1000,76,0.3043,3286.29,0.13420,0.23990,0.33690,133.74240
java,small_write_heavy,1000,77,0.2772,3607.03,0.12390,0.22290,0.29570,126.65440
java,small_write_heavy,1000,78,0.2790,3583.90,0.12790,0.24130,0.27570,114.82570
java,small_write_heavy,1000,79,0.2936,3406.23,0.13360,0.25100,0.33390,131.60530
java,small_write_heavy,1000,80,0.2746,3641.55,0.12070,0.23220,0.30340,119.99070
java,small_write_heavy,1000,81,0.2765,3616.73,0.11430,0.22420,0.29060,112.83130
java,small_write_heavy,1000,82,0.2942,3399.42,0.14570,0.25510,0.32340,118.53850
java,small_write_heavy,1000,83,0.2980,3356.19,0.13980,0.24610,0.32760,131.38160
java,small_write_heavy,1000,84,0.3103,3223.05,0.13250,0.24660,0.34820,134.97390
java,small_write_heavy,1000,85,0.3217,3108.29,0.16400,0.27840,0.38010,130.22820
java,small_write_heavy,1000,86,0.3564,2805.70,0.16050,0.28600,0.35110,162.74850
java,small_write_heavy,1000,87,0.2916,3429.73,0.12740,0.26470,0.33650,129.92570
java,small_write_heavy,1000,88,0.2809,3560.07,0.13030,0.24460,0.33570,116.61660
java,small_write_heavy,1000,89,0.3100,3225.60,0.14170,0.24980,0.32880,137.15940
java,small_write_heavy,1000,90,0.2759,3624.66,0.11980,0.23520,0.30760,130.56840
java,small_write_heavy,1000,91,0.2593,3855.88,0.11720,0.21840,0.26570,119.92440
java,small_write_heavy,1000,92,0.2980,3355.17,0.13640,0.25180,0.30870,127.88120
java,small_write_heavy,1000,93,0.3075,3252.24,0.13750,0.23380,0.31770,130.61560
java,small_write_heavy,1000,94,0.2896,3453.26,0.12830,0.22080,0.27130,129.12210
java,small_write_heavy,1000,95,0.2920,3425.23,0.14750,0.25850,0.33310,114.63480
java,small_write_heavy,1000,96,0.3121,3203.72,0.14390,0.26880,0.34150,133.11250
java,small_write_heavy,1000,97,0.2766,3614.90,0.12670,0.22560,0.32760,125.70600
java,small_write_heavy,1000,98,0.2753,3631.78,0.12210,0.22080,0.25990,117.56580
java,small_write_heavy,1000,99,0.3090,3236.72,0.14350,0.25580,0.35090,136.41720
java,small_write_heavy,1000,100,0.3066,3261.20,0.14740,0.28220,0.34680,131.28570
rust,small_write_heavy,1000,1,0.0777,12875.07,0.05060,0.07800,0.10970,21.01780
rust,small_write_heavy,1000,2,0.0729,13710.89,0.04760,0.07010,0.09160,20.50060
rust,small_write_heavy,1000,3,0.0706,14165.73,0.04660,0.06580,0.09030,19.18550
rust,small_write_heavy,1000,4,0.0704,14206.14,0.04480,0.05850,0.08060,21.44350
rust,small_write_heavy,1000,5,0.0740,13505.21,0.04540,0.06800,0.09000,23.65030
rust,small_write_heavy,1000,6,0.0749,13346.97,0.04810,0.07320,0.09670,21.61450
rust,small_write_heavy,1000,7,0.0746,13411.37,0.04750,0.07610,0.10080,20.79040
rust,small_write_heavy,1000,8,0.0732,13658.87,0.04730,0.07080,0.09580,20.38280
rust,small_write_heavy,1000,9,0.0723,13840.54,0.04680,0.06760,0.08840,20.20590
rust,small_write_heavy,1000,10,0.0749,13360.05,0.04890,0.06740,0.08410,20.82440
rust,small_write_heavy,1000,11,0.0788,12690.05,0.04890,0.06780,0.08800,25.35880
rust,small_write_heavy,1000,12,0.0827,12098.63,0.04980,0.07200,0.09580,27.28880
rust,small_write_heavy,1000,13,0.0796,12555.07,0.04960,0.07370,0.09610,24.60770
rust,small_write_heavy,1000,14,0.0807,12392.57,0.04980,0.08040,0.13700,23.59120
rust,small_write_heavy,1000,15,0.0775,12900.66,0.04960,0.07740,0.10810,21.52090
rust,small_write_heavy,1000,16,0.0787,12712.33,0.04960,0.07700,0.10700,22.53540
rust,small_write_heavy,1000,17,0.0736,13591.83,0.04670,0.07570,0.10860,20.14110
rust,small_write_heavy,1000,18,0.0776,12884.47,0.04920,0.07290,0.09710,22.09770
rust,small_write_heavy,1000,19,0.0781,12802.69,0.04860,0.07070,0.09920,23.29020
rust,small_write_heavy,1000,20,0.0783,12764.99,0.04780,0.06710,0.08940,25.37540
rust,small_write_heavy,1000,21,0.0814,12285.36,0.04900,0.06800,0.09400,27.40320
rust,small_write_heavy,1000,22,0.0795,12584.33,0.04920,0.07090,0.10360,24.59170
rust,small_write_heavy,1000,23,0.0785,12745.95,0.04950,0.07650,0.10520,22.38200
rust,small_write_heavy,1000,24,0.0821,12178.98,0.05060,0.07960,0.10600,24.39590
rust,small_write_heavy,1000,25,0.0778,12861.27,0.04930,0.07670,0.10680,22.00990
rust,small_write_heavy,1000,26,0.0791,12637.62,0.05000,0.07820,0.11360,22.26500
rust,small_write_heavy,1000,27,0.0778,12856.76,0.05000,0.07240,0.10010,21.37180
rust,small_write_heavy,1000,28,0.0757,13212.48,0.04840,0.06820,0.09090,22.42100
rust,small_write_heavy,1000,29,0.0773,12928.62,0.04890,0.07120,0.09230,23.31950
rust,small_write_heavy,1000,30,0.0802,12464.35,0.04830,0.06580,0.09390,27.43680
rust,small_write_heavy,1000,31,0.0816,12259.72,0.04920,0.07020,0.10230,26.27300
rust,small_write_heavy,1000,32,0.0777,12862.46,0.04890,0.07190,0.10500,23.12290
rust,small_write_heavy,1000,33,0.0767,13039.48,0.04990,0.07610,0.11270,21.05460
rust,small_write_heavy,1000,34,0.0782,12788.61,0.04960,0.07660,0.11330,21.78610
rust,small_write_heavy,1000,35,0.0780,12828.09,0.04990,0.07660,0.12180,21.18330
rust,small_write_heavy,1000,36,0.0827,12095.50,0.05040,0.07970,0.11080,25.12020
rust,small_write_heavy,1000,37,0.0783,12773.71,0.04950,0.07370,0.09940,22.11810
rust,small_write_heavy,1000,38,0.0798,12532.21,0.04930,0.07190,0.09910,24.26190
rust,small_write_heavy,1000,39,0.0798,12531.69,0.04880,0.06820,0.09060,26.13450
rust,small_write_heavy,1000,40,0.0819,12208.36,0.04880,0.06790,0.08800,28.23420
rust,small_write_heavy,1000,41,0.0842,11883.05,0.05000,0.07890,0.10960,27.51010
rust,small_write_heavy,1000,42,0.0813,12301.42,0.04920,0.07330,0.10960,25.98160
rust,small_write_heavy,1000,43,0.0798,12526.07,0.04940,0.07760,0.10880,24.34380
rust,small_write_heavy,1000,44,0.0779,12844.03,0.04940,0.07810,0.11330,21.55900
rust,small_write_heavy,1000,45,0.0769,13007.59,0.04950,0.07500,0.10140,21.52620
rust,small_write_heavy,1000,46,0.0766,13050.93,0.04890,0.07650,0.09930,21.51180
rust,small_write_heavy,1000,47,0.0765,13076.17,0.04900,0.07220,0.10330,21.15100
rust,small_write_heavy,1000,48,0.0757,13212.36,0.04880,0.07100,0.09280,22.00450
rust,small_write_heavy,1000,49,0.0799,12517.51,0.04870,0.07030,0.09620,26.09120
rust,small_write_heavy,1000,50,0.0818,12220.34,0.04890,0.07070,0.09830,27.55530
rust,small_write_heavy,1000,51,0.0789,12666.26,0.04970,0.07690,0.10460,23.06240
rust,small_write_heavy,1000,52,0.0790,12661.50,0.04980,0.07850,0.11000,22.95270
rust,small_write_heavy,1000,53,0.0818,12229.48,0.05170,0.08760,0.11860,21.95650
rust,small_write_heavy,1000,54,0.0777,12866.02,0.04990,0.07460,0.11760,21.42590
rust,small_write_heavy,1000,55,0.0783,12771.46,0.04920,0.07890,0.11000,22.50360
rust,small_write_heavy,1000,56,0.0788,12690.36,0.04950,0.07690,0.11400,22.25530
rust,small_write_heavy,1000,57,0.0765,13065.78,0.04910,0.06770,0.08400,21.92010
rust,small_write_heavy,1000,58,0.0799,12514.11,0.04950,0.06690,0.09070,25.40800
rust,small_write_heavy,1000,59,0.0819,12207.51,0.05000,0.06900,0.08430,27.12400
rust,small_write_heavy,1000,60,0.0824,12134.07,0.04930,0.07200,0.10080,26.51520
rust,small_write_heavy,1000,61,0.0829,12059.13,0.05010,0.07500,0.10720,26.36320
rust,small_write_heavy,1000,62,0.0789,12669.57,0.05050,0.07720,0.10740,22.56080
rust,small_write_heavy,1000,63,0.0786,12716.26,0.04960,0.07650,0.10740,22.75640
rust,small_write_heavy,1000,64,0.0774,12920.97,0.04980,0.07710,0.10970,21.32270
rust,small_write_heavy,1000,65,0.0796,12570.20,0.05160,0.08360,0.10770,21.01850
rust,small_write_heavy,1000,66,0.0765,13076.96,0.04890,0.07200,0.09800,21.41110
rust,small_write_heavy,1000,67,0.0770,12986.29,0.04880,0.06680,0.08750,22.38350
rust,small_write_heavy,1000,68,0.0787,12700.49,0.04880,0.06790,0.09150,25.11610
rust,small_write_heavy,1000,69,0.0777,12871.79,0.04820,0.06930,0.08860,24.96590
rust,small_write_heavy,1000,70,0.0774,12919.11,0.04920,0.07590,0.12160,22.33810
rust,small_write_heavy,1000,71,0.0769,13004.85,0.04900,0.07760,0.11860,21.72400
rust,small_write_heavy,1000,72,0.0832,12020.40,0.05260,0.08860,0.12190,22.94930
rust,small_write_heavy,1000,73,0.0859,11635.04,0.05360,0.08850,0.13190,24.38260
rust,small_write_heavy,1000,74,0.0821,12185.83,0.05180,0.08430,0.12200,22.57250
rust,small_write_heavy,1000,75,0.0866,11542.21,0.05520,0.09010,0.12300,23.44890
rust,small_write_heavy,1000,76,0.0886,11288.69,0.05680,0.09220,0.13610,23.60980
rust,small_write_heavy,1000,77,0.0919,10885.50,0.05490,0.09090,0.11020,28.83810
rust,small_write_heavy,1000,78,0.0875,11432.67,0.05560,0.09050,0.11470,23.54800
rust,small_write_heavy,1000,79,0.0861,11617.64,0.05370,0.08200,0.11690,25.54860
rust,small_write_heavy,1000,80,0.0805,12414.73,0.05140,0.07820,0.10430,22.79950
rust,small_write_heavy,1000,81,0.0814,12288.33,0.05160,0.07410,0.09590,22.85770
rust,small_write_heavy,1000,82,0.0812,12313.07,0.05110,0.07520,0.10240,23.07190
rust,small_write_heavy,1000,83,0.0817,12242.00,0.05010,0.07740,0.10710,24.53150
rust,small_write_heavy,1000,84,0.0801,12485.80,0.04940,0.06810,0.09120,25.62760
rust,small_write_heavy,1000,85,0.0815,12266.06,0.04990,0.07050,0.08910,26.64140
rust,small_write_heavy,1000,86,0.0824,12131.83,0.04920,0.06990,0.08650,28.27340
rust,small_write_heavy,1000,87,0.0809,12358.94,0.04960,0.07390,0.09590,25.56260
rust,small_write_heavy,1000,88,0.0805,12424.72,0.05000,0.07510,0.09630,23.82040
rust,small_write_heavy,1000,89,0.0792,12627.25,0.05000,0.07950,0.11190,22.05200
rust,small_write_heavy,1000,90,0.0770,12983.88,0.04930,0.07700,0.11850,20.89900
rust,small_write_heavy,1000,91,0.0782,12791.58,0.04940,0.07660,0.10170,22.31500
rust,small_write_heavy,1000,92,0.0835,11980.47,0.05160,0.08560,0.10920,23.78400
rust,small_write_heavy,1000,93,0.0799,12522.26,0.05070,0.07480,0.10200,22.57350
rust,small_write_heavy,1000,94,0.0754,13266.19,0.04810,0.07120,0.09180,21.63190
rust,small_write_heavy,1000,95,0.0787,12711.21,0.04860,0.06880,0.09520,24.69410
rust,small_write_heavy,1000,96,0.0798,12537.13,0.04980,0.06910,0.09300,25.28160
rust,small_write_heavy,1000,97,0.0800,12502.69,0.04990,0.07250,0.09630,24.49010
rust,small_write_heavy,1000,98,0.0778,12859.12,0.04960,0.07460,0.09820,22.44650
rust,small_write_heavy,1000,99,0.0823,12157.71,0.05010,0.07900,0.11520,25.72890
rust,small_write_heavy,1000,100,0.0898,11138.13,0.05660,0.09330,0.11340,25.91920
python,medium_high_cardinality,10000,1,0.6130,16313.64,0.04470,0.08190,0.11180,88.74080
python,medium_high_cardinality,10000,2,0.6793,14720.97,0.05370,0.08330,0.10980,81.22750
python,medium_high_cardinality,10000,3,0.7279,13737.23,0.05670,0.08260,0.10840,98.75560
python,medium_high_cardinality,10000,4,0.6844,14611.66,0.05260,0.07550,0.10200,107.27550
python,medium_high_cardinality,10000,5,0.6852,14593.55,0.05320,0.07700,0.10380,101.46310
python,medium_high_cardinality,10000,6,0.6663,15009.00,0.05070,0.08580,0.11300,76.30730
python,medium_high_cardinality,10000,7,0.6684,14960.73,0.05310,0.07740,0.10210,89.45300
python,medium_high_cardinality,10000,8,0.9055,11044.09,0.07120,0.11880,0.15900,105.12910
python,medium_high_cardinality,10000,9,0.7022,14241.22,0.05480,0.08020,0.10540,107.25790
python,medium_high_cardinality,10000,10,0.7144,13998.68,0.05690,0.09020,0.12000,79.70190
python,medium_high_cardinality,10000,11,0.7440,13441.18,0.05770,0.09280,0.11950,91.58140
python,medium_high_cardinality,10000,12,0.8416,11882.69,0.06240,0.10650,0.14490,132.21370
python,medium_high_cardinality,10000,13,0.6918,14455.74,0.05550,0.08470,0.11280,84.04790
python,medium_high_cardinality,10000,14,0.6329,15801.47,0.05040,0.07700,0.10110,75.38510
python,medium_high_cardinality,10000,15,0.6030,16584.44,0.04890,0.06750,0.09310,79.25550
python,medium_high_cardinality,10000,16,0.7416,13484.12,0.05820,0.10260,0.15450,76.17240
python,medium_high_cardinality,10000,17,0.7155,13976.22,0.05430,0.09140,0.13500,93.11210
python,medium_high_cardinality,10000,18,0.6110,16366.56,0.04940,0.07230,0.10030,75.80410
python,medium_high_cardinality,10000,19,0.7283,13731.54,0.05730,0.09700,0.14200,82.23360
python,medium_high_cardinality,10000,20,0.6876,14542.56,0.05470,0.08500,0.11760,87.47570
python,medium_high_cardinality,10000,21,0.5980,16723.59,0.04850,0.06770,0.09550,75.87300
python,medium_high_cardinality,10000,22,0.6264,15964.64,0.05060,0.07330,0.10200,79.24200
python,medium_high_cardinality,10000,23,0.6894,14505.30,0.05590,0.08210,0.11180,82.74710
python,medium_high_cardinality,10000,24,0.6035,16569.67,0.04900,0.06810,0.09450,78.47700
python,medium_high_cardinality,10000,25,0.6468,15460.90,0.05250,0.07850,0.10840,74.84400
python,medium_high_cardinality,10000,26,0.6059,16503.21,0.04900,0.07160,0.09730,74.07260
python,medium_high_cardinality,10000,27,0.5975,16735.48,0.04890,0.06690,0.09220,74.81480
python,medium_high_cardinality,10000,28,0.6090,16419.59,0.04980,0.07040,0.09510,73.49830
python,medium_high_cardinality,10000,29,0.5872,17031.18,0.04810,0.06650,0.09330,72.34810
python,medium_high_cardinality,10000,30,0.6423,15569.61,0.05160,0.07460,0.10220,84.55820
python,medium_high_cardinality,10000,31,0.6078,16453.03,0.04950,0.07150,0.09800,72.40200
python,medium_high_cardinality,10000,32,0.6085,16433.28,0.04950,0.06990,0.09780,75.19810
python,medium_high_cardinality,10000,33,0.6127,16322.39,0.05000,0.07120,0.09790,73.76710
python,medium_high_cardinality,10000,34,0.5861,17060.85,0.04760,0.06400,0.09090,76.26040
python,medium_high_cardinality,10000,35,0.6055,16515.60,0.04990,0.07030,0.09450,70.92970
python,medium_high_cardinality,10000,36,0.5998,16671.15,0.04890,0.06850,0.09400,72.44930
python,medium_high_cardinality,10000,37,0.5825,17168.20,0.04780,0.06560,0.09020,69.57190
python,medium_high_cardinality,10000,38,0.6444,15518.52,0.05240,0.07600,0.10570,74.01290
python,medium_high_cardinality,10000,39,0.6138,16291.94,0.04960,0.07150,0.10030,73.99560
python,medium_high_cardinality,10000,40,0.6920,14450.60,0.05550,0.08100,0.10740,93.18140
python,medium_high_cardinality,10000,41,0.6389,15652.12,0.05190,0.07580,0.10440,75.23490
python,medium_high_cardinality,10000,42,0.5998,16673.16,0.04890,0.07030,0.09440,72.37490
python,medium_high_cardinality,10000,43,0.5932,16857.04,0.04790,0.06640,0.09370,76.20500
python,medium_high_cardinality,10000,44,0.6071,16471.49,0.04970,0.07120,0.09900,69.00580
python,medium_high_cardinality,10000,45,0.6018,16615.60,0.04870,0.06820,0.09410,77.49060
python,medium_high_cardinality,10000,46,0.6082,16442.51,0.04980,0.06940,0.09720,72.82710
python,medium_high_cardinality,10000,47,0.5846,17105.92,0.04750,0.06740,0.09590,72.77360
python,medium_high_cardinality,10000,48,0.5788,17276.72,0.04730,0.06690,0.09360,69.49200
python,medium_high_cardinality,10000,49,0.6148,16264.32,0.05000,0.07340,0.09960,68.96680
python,medium_high_cardinality,10000,50,0.5891,16973.87,0.04820,0.06650,0.09240,71.79640
python,medium_high_cardinality,10000,51,0.6124,16330.03,0.04990,0.07000,0.09500,73.72400
python,medium_high_cardinality,10000,52,0.5962,16772.79,0.04880,0.07060,0.09700,69.82900
python,medium_high_cardinality,10000,53,0.5922,16885.25,0.04800,0.06640,0.09800,73.58070
python,medium_high_cardinality,10000,54,0.6232,16046.94,0.05100,0.07410,0.10220,71.79290
python,medium_high_cardinality,10000,55,0.5910,16921.62,0.04800,0.06750,0.09340,74.28970
python,medium_high_cardinality,10000,56,0.5999,16668.78,0.04820,0.06620,0.09450,80.94890
python,medium_high_cardinality,10000,57,0.6882,14531.59,0.05510,0.08310,0.11160,81.21150
python,medium_high_cardinality,10000,58,0.6140,16287.93,0.05020,0.06800,0.09550,78.82550
python,medium_high_cardinality,10000,59,0.6354,15738.43,0.05170,0.07560,0.10120,73.00810
python,medium_high_cardinality,10000,60,0.6319,15824.14,0.05110,0.07330,0.10140,81.67050
python,medium_high_cardinality,10000,61,0.5786,17283.68,0.04750,0.06400,0.08980,72.07630
python,medium_high_cardinality,10000,62,0.6224,16067.08,0.05080,0.07320,0.09860,74.16260
python,medium_high_cardinality,10000,63,0.5979,16724.32,0.04840,0.06690,0.09450,76.78660
python,medium_high_cardinality,10000,64,0.6297,15881.05,0.05080,0.07360,0.10000,81.50790
python,medium_high_cardinality,10000,65,0.6076,16457.89,0.04940,0.07080,0.09880,72.47130
python,medium_high_cardinality,10000,66,0.5881,17005.22,0.04790,0.06560,0.09400,74.30190
python,medium_high_cardinality,10000,67,0.6381,15670.48,0.05180,0.07510,0.10000,74.97120
python,medium_high_cardinality,10000,68,0.7642,13086.36,0.06000,0.09900,0.13210,82.63220
python,medium_high_cardinality,10000,69,0.9130,10953.36,0.07400,0.11440,0.15070,110.57730
python,medium_high_cardinality,10000,70,0.7869,12707.69,0.06220,0.09550,0.12270,105.15320
python,medium_high_cardinality,10000,71,0.6658,15019.31,0.05210,0.07530,0.10730,101.93570
python,medium_high_cardinality,10000,72,0.6706,14912.77,0.05430,0.08370,0.11440,73.50910
python,medium_high_cardinality,10000,73,0.6634,15073.63,0.05260,0.07580,0.10340,95.55860
python,medium_high_cardinality,10000,74,0.6308,15852.37,0.05080,0.07260,0.10160,81.81970
python,medium_high_cardinality,10000,75,0.6114,16354.81,0.04990,0.07070,0.09630,73.14660
python,medium_high_cardinality,10000,76,0.5978,16728.40,0.04880,0.06690,0.09490,74.64460
python,medium_high_cardinality,10000,77,0.6066,16484.44,0.04960,0.06900,0.09580,73.62930
python,medium_high_cardinality,10000,78,0.5976,16733.58,0.04870,0.06950,0.09210,72.08630
python,medium_high_cardinality,10000,79,0.6357,15731.07,0.05080,0.07370,0.10080,87.57200
python,medium_high_cardinality,10000,80,0.6149,16263.15,0.04990,0.07220,0.09720,73.08460
python,medium_high_cardinality,10000,81,0.5958,16783.37,0.04890,0.06610,0.09240,74.06100
python,medium_high_cardinality,10000,82,0.6351,15746.32,0.05120,0.07370,0.09790,81.20200
python,medium_high_cardinality,10000,83,0.6088,16426.70,0.04950,0.07050,0.09840,72.64710
python,medium_high_cardinality,10000,84,0.5949,16810.31,0.04870,0.06660,0.09530,74.69140
python,medium_high_cardinality,10000,85,0.6343,15765.57,0.05180,0.07540,0.10240,73.40000
python,medium_high_cardinality,10000,86,0.6055,16515.28,0.04910,0.06910,0.09700,74.84110
python,medium_high_cardinality,10000,87,0.6317,15829.56,0.05100,0.07130,0.09550,82.81650
python,medium_high_cardinality,10000,88,0.6074,16464.77,0.05000,0.07080,0.09710,68.82220
python,medium_high_cardinality,10000,89,0.6578,15201.20,0.05390,0.07930,0.10390,74.35770
python,medium_high_cardinality,10000,90,0.6375,15687.13,0.05120,0.07240,0.10140,86.03660
python,medium_high_cardinality,10000,91,0.6073,16466.43,0.04920,0.07000,0.09640,73.26970
python,medium_high_cardinality,10000,92,0.5947,16815.60,0.04880,0.06790,0.09300,70.90450
python,medium_high_cardinality,10000,93,0.6154,16250.58,0.05030,0.07140,0.09690,71.23590
python,medium_high_cardinality,10000,94,0.7850,12738.50,0.06180,0.10110,0.12990,74.06450
python,medium_high_cardinality,10000,95,0.6968,14351.30,0.05490,0.08330,0.11350,100.87780
python,medium_high_cardinality,10000,96,0.6554,15258.70,0.05320,0.07690,0.10150,80.03370
python,medium_high_cardinality,10000,97,0.6141,16284.22,0.04990,0.07000,0.09760,75.28830
python,medium_high_cardinality,10000,98,0.5912,16915.87,0.04820,0.06770,0.09430,73.61910
python,medium_high_cardinality,10000,99,0.6254,15989.83,0.05120,0.07430,0.09990,69.81800
python,medium_high_cardinality,10000,100,0.5961,16775.52,0.04870,0.06860,0.09630,70.98830
java,medium_high_cardinality,10000,1,1.0407,9608.84,0.07700,0.14140,0.20810,110.83640
java,medium_high_cardinality,10000,2,1.2169,8217.28,0.08920,0.16090,0.24180,149.51270
java,medium_high_cardinality,10000,3,1.2635,7914.76,0.09950,0.16850,0.24730,139.96320
java,medium_high_cardinality,10000,4,1.0988,9100.87,0.07760,0.14720,0.21170,141.26880
java,medium_high_cardinality,10000,5,1.0713,9334.33,0.07510,0.14260,0.22700,134.13120
java,medium_high_cardinality,10000,6,1.1242,8895.32,0.08000,0.16640,0.24150,132.17590
java,medium_high_cardinality,10000,7,1.0797,9261.87,0.07820,0.14980,0.22820,128.70110
java,medium_high_cardinality,10000,8,1.0308,9701.08,0.07340,0.13550,0.19880,138.67020
java,medium_high_cardinality,10000,9,1.1480,8710.70,0.08450,0.14490,0.25260,145.17750
java,medium_high_cardinality,10000,10,1.0719,9329.12,0.07730,0.14370,0.21190,121.72500
java,medium_high_cardinality,10000,11,1.0725,9324.24,0.07780,0.14110,0.21270,119.25050
java,medium_high_cardinality,10000,12,1.3512,7400.61,0.10600,0.18430,0.26340,138.03530
java,medium_high_cardinality,10000,13,1.5173,6590.71,0.10120,0.23370,0.35920,239.62850
java,medium_high_cardinality,10000,14,1.1012,9081.02,0.08020,0.14270,0.22500,123.45660
java,medium_high_cardinality,10000,15,1.0527,9498.95,0.07880,0.14080,0.20460,117.54060
java,medium_high_cardinality,10000,16,1.0903,9171.83,0.08040,0.14560,0.22110,139.18820
java,medium_high_cardinality,10000,17,1.0727,9322.50,0.07690,0.14160,0.21570,120.37370
java,medium_high_cardinality,10000,18,1.0592,9440.74,0.07910,0.13920,0.20630,126.26640
java,medium_high_cardinality,10000,19,1.1014,9079.43,0.07950,0.14090,0.21010,131.85690
java,medium_high_cardinality,10000,20,1.0326,9684.06,0.07550,0.13640,0.20680,115.17410
java,medium_high_cardinality,10000,21,1.0325,9685.28,0.07490,0.14150,0.20510,114.22990
java,medium_high_cardinality,10000,22,1.1432,8747.19,0.08480,0.16240,0.24040,123.67440
java,medium_high_cardinality,10000,23,1.1147,8971.39,0.07850,0.16400,0.24390,139.09910
java,medium_high_cardinality,10000,24,1.0315,9694.50,0.07460,0.13640,0.19640,122.48810
java,medium_high_cardinality,10000,25,1.0832,9231.59,0.07910,0.14460,0.21540,119.95660
java,medium_high_cardinality,10000,26,1.0850,9217.01,0.08010,0.14110,0.22080,134.89150
java,medium_high_cardinality,10000,27,1.0403,9613.06,0.07550,0.13840,0.21710,122.00230
java,medium_high_cardinality,10000,28,1.0499,9524.90,0.07210,0.13510,0.20530,152.82350
java,medium_high_cardinality,10000,29,1.0480,9542.08,0.07570,0.13660,0.21060,117.84980
java,medium_high_cardinality,10000,30,1.0681,9362.59,0.07890,0.14300,0.19800,118.39660
java,medium_high_cardinality,10000,31,1.0532,9495.09,0.07430,0.13610,0.21480,130.07910
java,medium_high_cardinality,10000,32,1.1672,8567.17,0.09010,0.15070,0.21680,116.96000
java,medium_high_cardinality,10000,33,1.0601,9432.76,0.07570,0.14840,0.22830,143.76490
java,medium_high_cardinality,10000,34,1.0964,9120.80,0.07800,0.15290,0.24170,136.14110
java,medium_high_cardinality,10000,35,1.0256,9750.48,0.07310,0.13200,0.19380,119.31560
java,medium_high_cardinality,10000,36,1.1312,8840.07,0.07900,0.16490,0.26210,115.11520
java,medium_high_cardinality,10000,37,1.2453,8030.43,0.09180,0.16490,0.25070,154.91900
java,medium_high_cardinality,10000,38,1.2515,7990.36,0.08600,0.18760,0.29330,177.76690
java,medium_high_cardinality,10000,39,1.2320,8116.87,0.08360,0.19180,0.30920,160.06710
java,medium_high_cardinality,10000,40,1.1123,8990.47,0.08160,0.15040,0.22050,131.09540
java,medium_high_cardinality,10000,41,1.1594,8625.19,0.08870,0.15720,0.23820,118.26570
java,medium_high_cardinality,10000,42,1.0871,9198.90,0.07720,0.15000,0.23130,135.49480
java,medium_high_cardinality,10000,43,1.1773,8493.96,0.08840,0.15280,0.21930,123.67390
java,medium_high_cardinality,10000,44,1.1103,9006.72,0.08240,0.15140,0.23540,122.21340
java,medium_high_cardinality,10000,45,1.1020,9074.23,0.08030,0.14700,0.20990,125.54780
java,medium_high_cardinality,10000,46,1.0184,9819.18,0.07630,0.15020,0.23950,117.33460
java,medium_high_cardinality,10000,47,1.1117,8994.85,0.07890,0.15780,0.24990,126.24970
java,medium_high_cardinality,10000,48,1.0934,9145.80,0.07900,0.14400,0.21170,131.12190
java,medium_high_cardinality,10000,49,1.1939,8376.22,0.09110,0.15580,0.22090,118.89850
java,medium_high_cardinality,10000,50,1.0787,9270.69,0.07790,0.14470,0.20590,134.62600
java,medium_high_cardinality,10000,51,1.1614,8610.33,0.08210,0.16510,0.23980,141.29380
java,medium_high_cardinality,10000,52,1.0846,9220.29,0.07910,0.14260,0.21390,117.72490
java,medium_high_cardinality,10000,53,1.0413,9603.27,0.07700,0.13720,0.21420,120.71770
java,medium_high_cardinality,10000,54,1.0773,9282.69,0.07790,0.14960,0.22650,124.59140
java,medium_high_cardinality,10000,55,1.2519,7987.62,0.09250,0.17490,0.25480,148.32540
java,medium_high_cardinality,10000,56,1.0574,9457.21,0.07530,0.14610,0.21620,121.81260
java,medium_high_cardinality,10000,57,1.0369,9644.33,0.07440,0.13500,0.19350,128.06520
java,medium_high_cardinality,10000,58,1.0417,9600.15,0.07570,0.13480,0.20520,117.10230
java,medium_high_cardinality,10000,59,1.0451,9568.18,0.07670,0.13970,0.21960,119.57790
java,medium_high_cardinality,10000,60,1.1236,8900.05,0.08290,0.15100,0.21340,141.06140
java,medium_high_cardinality,10000,61,1.1306,8844.64,0.08170,0.15510,0.23110,140.27520
java,medium_high_cardinality,10000,62,1.0531,9495.85,0.07650,0.13830,0.20920,131.65280
java,medium_high_cardinality,10000,63,1.0631,9406.11,0.07560,0.14260,0.21590,124.85040
java,medium_high_cardinality,10000,64,1.0728,9321.75,0.07510,0.14150,0.21400,134.98210
java,medium_high_cardinality,10000,65,1.0704,9341.91,0.07680,0.14320,0.21230,116.69920
java,medium_high_cardinality,10000,66,1.0584,9448.39,0.07490,0.13830,0.20080,125.57780
java,medium_high_cardinality,10000,67,1.1138,8978.63,0.08000,0.13940,0.20200,146.97730
java,medium_high_cardinality,10000,68,1.0336,9675.21,0.07550,0.13810,0.21620,119.26790
java,medium_high_cardinality,10000,69,1.0937,9143.50,0.07790,0.14770,0.22750,128.12820
java,medium_high_cardinality,10000,70,1.1831,8452.26,0.08760,0.14670,0.20570,157.32020
java,medium_high_cardinality,10000,71,1.0828,9235.72,0.07870,0.14560,0.21900,120.05690
java,medium_high_cardinality,10000,72,1.0687,9357.06,0.07640,0.13640,0.20310,130.68990
java,medium_high_cardinality,10000,73,1.0962,9122.43,0.07980,0.14490,0.21960,118.95360
java,medium_high_cardinality,10000,74,1.1006,9086.20,0.07830,0.15080,0.21770,121.63840
java,medium_high_cardinality,10000,75,1.0750,9302.56,0.07660,0.15450,0.22850,119.54680
java,medium_high_cardinality,10000,76,1.0527,9499.57,0.07570,0.14070,0.20580,119.08900
java,medium_high_cardinality,10000,77,1.0517,9508.23,0.07630,0.13800,0.23660,126.92310
java,medium_high_cardinality,10000,78,1.0716,9331.52,0.07690,0.14430,0.22070,121.35450
java,medium_high_cardinality,10000,79,1.0561,9469.21,0.07720,0.14530,0.21530,118.34050
java,medium_high_cardinality,10000,80,1.1876,8420.11,0.08550,0.17320,0.26110,157.87360
java,medium_high_cardinality,10000,81,1.0646,9392.98,0.07640,0.14180,0.22270,119.08460
java,medium_high_cardinality,10000,82,1.0990,9099.10,0.07960,0.14280,0.22000,132.69480
java,medium_high_cardinality,10000,83,1.0941,9140.24,0.07880,0.14280,0.20570,125.73410
java,medium_high_cardinality,10000,84,1.0626,9411.29,0.07400,0.13450,0.19740,137.09410
java,medium_high_cardinality,10000,85,1.1124,8989.42,0.08120,0.15740,0.23670,113.47850
java,medium_high_cardinality,10000,86,1.0547,9481.36,0.07660,0.14050,0.21560,119.28610
java,medium_high_cardinality,10000,87,1.0578,9453.87,0.07400,0.13980,0.19970,137.52250
java,medium_high_cardinality,10000,88,1.0655,9385.11,0.07670,0.13990,0.20350,120.30830
java,medium_high_cardinality,10000,89,1.1366,8798.33,0.08660,0.15280,0.21330,135.80750
java,medium_high_cardinality,10000,90,1.1432,8747.56,0.07950,0.15900,0.25130,151.43070
java,medium_high_cardinality,10000,91,1.1187,8938.66,0.08180,0.14200,0.20740,128.30030
java,medium_high_cardinality,10000,92,1.0434,9584.25,0.07570,0.14220,0.22170,122.42250
java,medium_high_cardinality,10000,93,1.0560,9469.81,0.07530,0.14480,0.21030,126.25990
java,medium_high_cardinality,10000,94,1.0322,9688.18,0.07600,0.13990,0.20450,125.68790
java,medium_high_cardinality,10000,95,1.0877,9193.96,0.07780,0.14210,0.20790,131.39610
java,medium_high_cardinality,10000,96,1.1322,8832.19,0.07870,0.16040,0.23650,130.88720
java,medium_high_cardinality,10000,97,1.0953,9129.52,0.07940,0.14210,0.20780,136.72800
java,medium_high_cardinality,10000,98,1.0748,9304.41,0.07680,0.14350,0.22040,122.48810
java,medium_high_cardinality,10000,99,1.1674,8565.94,0.09110,0.15120,0.21490,125.59810
java,medium_high_cardinality,10000,100,1.0832,9232.27,0.08090,0.15230,0.23910,123.97390
rust,medium_high_cardinality,10000,1,0.5486,18228.50,0.04890,0.07190,0.10210,23.78240
rust,medium_high_cardinality,10000,2,0.4680,21366.22,0.04210,0.05800,0.08250,21.20160
rust,medium_high_cardinality,10000,3,0.4612,21684.22,0.04150,0.05860,0.08540,18.68220
rust,medium_high_cardinality,10000,4,0.4878,20499.04,0.04380,0.06270,0.09100,20.44710
rust,medium_high_cardinality,10000,5,0.4651,21501.99,0.04180,0.05930,0.08790,19.89740
rust,medium_high_cardinality,10000,6,0.5036,19857.10,0.04490,0.06720,0.09430,18.85550
rust,medium_high_cardinality,10000,7,0.4924,20308.40,0.04360,0.06150,0.09020,25.06670
rust,medium_high_cardinality,10000,8,0.5046,19818.25,0.04520,0.06700,0.09720,18.65780
rust,medium_high_cardinality,10000,9,0.4781,20915.58,0.04300,0.05950,0.08780,22.74820
rust,medium_high_cardinality,10000,10,0.5073,19710.41,0.04520,0.06640,0.09540,24.27320
rust,medium_high_cardinality,10000,11,0.4763,20994.11,0.04290,0.05970,0.08550,20.28780
rust,medium_high_cardinality,10000,12,0.5045,19821.06,0.04480,0.06840,0.09950,19.84410
rust,medium_high_cardinality,10000,13,0.4721,21183.27,0.04270,0.05920,0.08590,20.18740
rust,medium_high_cardinality,10000,14,0.5025,19901.97,0.04500,0.06540,0.09680,19.48020
rust,medium_high_cardinality,10000,15,0.5090,19647.42,0.04530,0.06680,0.09740,21.12460
rust,medium_high_cardinality,10000,16,0.5102,19600.96,0.04570,0.06600,0.09450,20.34280
rust,medium_high_cardinality,10000,17,0.4780,20918.51,0.04260,0.06040,0.09410,23.11170
rust,medium_high_cardinality,10000,18,0.5222,19149.20,0.04620,0.06790,0.09590,26.49680
rust,medium_high_cardinality,10000,19,0.4775,20941.62,0.04300,0.05990,0.08480,20.24200
rust,medium_high_cardinality,10000,20,0.5594,17876.41,0.04890,0.08010,0.11580,21.03560
rust,medium_high_cardinality,10000,21,0.5049,19807.72,0.04490,0.06380,0.08990,26.28620
rust,medium_high_cardinality,10000,22,0.4933,20271.05,0.04400,0.06370,0.09130,23.14930
rust,medium_high_cardinality,10000,23,0.4705,21255.16,0.04250,0.05940,0.08350,20.73710
rust,medium_high_cardinality,10000,24,0.5284,18926.02,0.04660,0.07050,0.09830,23.77880
rust,medium_high_cardinality,10000,25,0.4830,20703.89,0.04330,0.06040,0.08610,20.86920
rust,medium_high_cardinality,10000,26,0.4904,20392.39,0.04400,0.06410,0.09030,21.05630
rust,medium_high_cardinality,10000,27,0.4722,21178.83,0.04230,0.05890,0.08390,22.95930
rust,medium_high_cardinality,10000,28,0.5151,19413.38,0.04590,0.06690,0.09530,23.77650
rust,medium_high_cardinality,10000,29,0.4798,20843.29,0.04290,0.06190,0.08860,21.21710
rust,medium_high_cardinality,10000,30,0.5322,18791.65,0.04710,0.06970,0.10210,25.97310
rust,medium_high_cardinality,10000,31,0.4784,20902.64,0.04290,0.06040,0.08610,21.73150
rust,medium_high_cardinality,10000,32,0.4863,20564.22,0.04310,0.06060,0.08770,28.30750
rust,medium_high_cardinality,10000,33,0.4622,21637.80,0.04160,0.05800,0.08440,20.37260
rust,medium_high_cardinality,10000,34,0.5106,19583.26,0.04570,0.06580,0.09740,23.62780
rust,medium_high_cardinality,10000,35,0.4724,21168.88,0.04240,0.05810,0.08410,23.84480
rust,medium_high_cardinality,10000,36,0.5271,18972.60,0.04660,0.06960,0.09610,25.83420
rust,medium_high_cardinality,10000,37,0.4797,20845.18,0.04320,0.05990,0.08810,20.73340
rust,medium_high_cardinality,10000,38,0.4980,20081.70,0.04430,0.06490,0.09220,24.26960
rust,medium_high_cardinality,10000,39,0.5242,19075.24,0.04650,0.06840,0.09750,24.40700
rust,medium_high_cardinality,10000,40,0.5445,18365.39,0.04780,0.07050,0.10110,30.16390
rust,medium_high_cardinality,10000,41,0.4880,20493.22,0.04350,0.06230,0.09080,23.18290
rust,medium_high_cardinality,10000,42,0.4768,20971.14,0.04290,0.05900,0.08790,21.32010
rust,medium_high_cardinality,10000,43,0.4634,21577.90,0.04170,0.05920,0.08460,19.37160
rust,medium_high_cardinality,10000,44,0.5107,19582.22,0.04560,0.06590,0.09410,21.96480
rust,medium_high_cardinality,10000,45,0.4739,21102.51,0.04220,0.05940,0.08480,24.80580
rust,medium_high_cardinality,10000,46,0.5151,19412.10,0.04570,0.06620,0.09550,25.36380
rust,medium_high_cardinality,10000,47,0.4813,20776.09,0.04300,0.06360,0.09260,20.43670
rust,medium_high_cardinality,10000,48,0.5273,18964.53,0.04650,0.06780,0.09760,28.93540
rust,medium_high_cardinality,10000,49,0.4818,20753.95,0.04320,0.06190,0.08910,19.71090
rust,medium_high_cardinality,10000,50,0.5046,19817.68,0.04420,0.06340,0.09180,29.18570
rust,medium_high_cardinality,10000,51,0.4686,21338.77,0.04200,0.06030,0.08810,19.41860
rust,medium_high_cardinality,10000,52,0.4910,20367.62,0.04380,0.06320,0.09100,22.26510
rust,medium_high_cardinality,10000,53,0.4666,21432.92,0.04210,0.05870,0.08440,20.69870
rust,medium_high_cardinality,10000,54,0.5307,18841.43,0.04660,0.06870,0.09740,29.57330
rust,medium_high_cardinality,10000,55,0.4807,20801.68,0.04330,0.06180,0.08810,19.35580
rust,medium_high_cardinality,10000,56,0.4822,20736.53,0.04300,0.05970,0.08730,25.48510
rust,medium_high_cardinality,10000,57,0.4764,20990.79,0.04240,0.06160,0.08700,21.62100
rust,medium_high_cardinality,10000,58,0.5302,18862.01,0.04710,0.06820,0.09710,25.07590
rust,medium_high_cardinality,10000,59,0.5284,18925.91,0.04570,0.07430,0.10470,23.50380
rust,medium_high_cardinality,10000,60,0.5628,17769.82,0.04880,0.07650,0.10720,30.37270
rust,medium_high_cardinality,10000,61,0.4893,20436.17,0.04340,0.06270,0.09430,24.07450
rust,medium_high_cardinality,10000,62,0.4739,21102.67,0.04260,0.05960,0.08530,20.80380
rust,medium_high_cardinality,10000,63,0.4771,20959.32,0.04270,0.06140,0.09050,18.31370
rust,medium_high_cardinality,10000,64,0.5826,17164.68,0.05060,0.08050,0.11870,20.07960
rust,medium_high_cardinality,10000,65,0.7260,13773.62,0.05860,0.09360,0.13620,48.65610
rust,medium_high_cardinality,10000,66,0.4901,20403.91,0.04380,0.06210,0.09020,21.50770
rust,medium_high_cardinality,10000,67,0.5010,19958.33,0.04480,0.06550,0.09590,21.67620
rust,medium_high_cardinality,10000,68,0.4681,21362.59,0.04190,0.05900,0.08490,23.03760
rust,medium_high_cardinality,10000,69,0.5183,19294.32,0.04590,0.06740,0.09670,24.90180
rust,medium_high_cardinality,10000,70,0.4765,20984.50,0.04270,0.06040,0.08700,21.58350
rust,medium_high_cardinality,10000,71,0.4904,20391.68,0.04330,0.06260,0.08840,26.12690
rust,medium_high_cardinality,10000,72,0.4569,21886.27,0.04130,0.05600,0.08160,19.63060
rust,medium_high_cardinality,10000,73,0.5068,19730.37,0.04520,0.06700,0.09510,21.44360
rust,medium_high_cardinality,10000,74,0.4687,21333.99,0.04220,0.05820,0.08500,20.67650
rust,medium_high_cardinality,10000,75,0.5243,19072.45,0.04610,0.06870,0.09490,28.20110
rust,medium_high_cardinality,10000,76,0.4809,20793.66,0.04290,0.06050,0.08850,20.65910
rust,medium_high_cardinality,10000,77,0.5051,19797.60,0.04490,0.06500,0.09410,26.25000
rust,medium_high_cardinality,10000,78,0.4640,21549.49,0.04200,0.05840,0.08310,18.88610
rust,medium_high_cardinality,10000,79,0.5252,19039.27,0.04650,0.07040,0.09910,22.67320
rust,medium_high_cardinality,10000,80,0.5466,18293.44,0.04840,0.07180,0.10260,27.22770
rust,medium_high_cardinality,10000,81,0.5251,19042.31,0.04630,0.06850,0.09690,28.14510
rust,medium_high_cardinality,10000,82,0.4734,21121.87,0.04260,0.05970,0.08670,19.59340
rust,medium_high_cardinality,10000,83,0.4824,20731.71,0.04290,0.06140,0.08990,25.43330
rust,medium_high_cardinality,10000,84,0.5102,19601.53,0.04400,0.07380,0.10170,24.03980
rust,medium_high_cardinality,10000,85,0.5647,17709.81,0.04970,0.07480,0.10780,27.09380
rust,medium_high_cardinality,10000,86,0.5095,19627.80,0.04530,0.06720,0.09530,21.53640
rust,medium_high_cardinality,10000,87,0.5032,19871.81,0.04470,0.06390,0.09570,23.97020
rust,medium_high_cardinality,10000,88,0.4879,20497.84,0.04340,0.06500,0.09340,19.12640
rust,medium_high_cardinality,10000,89,0.5088,19655.56,0.04460,0.06370,0.09170,31.55250
rust,medium_high_cardinality,10000,90,0.4805,20810.13,0.04290,0.06350,0.09250,19.24340
rust,medium_high_cardinality,10000,91,0.4955,20181.02,0.04410,0.06180,0.08990,24.46260
rust,medium_high_cardinality,10000,92,0.4776,20939.18,0.04240,0.06050,0.08830,19.71790
rust,medium_high_cardinality,10000,93,0.4956,20175.54,0.04420,0.06450,0.09260,22.51680
rust,medium_high_cardinality,10000,94,0.4753,21039.44,0.04240,0.06170,0.09060,19.93220
rust,medium_high_cardinality,10000,95,0.5227,19130.91,0.04610,0.06620,0.09280,30.66320
rust,medium_high_cardinality,10000,96,0.4852,20609.51,0.04320,0.06400,0.09380,19.15490
rust,medium_high_cardinality,10000,97,0.4837,20675.22,0.04320,0.05910,0.08580,25.66660
rust,medium_high_cardinality,10000,98,0.4842,20654.20,0.04290,0.06290,0.09090,23.25460
rust,medium_high_cardinality,10000,99,0.5007,19971.18,0.04410,0.06470,0.09440,25.94980
rust,medium_high_cardinality,10000,100,0.5212,19186.05,0.04520,0.07380,0.10660,20.49300
python,medium_hot_keys,10000,1,0.7054,14176.43,0.05610,0.08960,0.12660,79.12550
python,medium_hot_keys,10000,2,0.7228,13835.66,0.05690,0.08800,0.11630,87.12740
python,medium_hot_keys,10000,3,0.6428,15556.18,0.05100,0.07210,0.09900,83.51920
python,medium_hot_keys,10000,4,0.6077,16454.72,0.04870,0.06740,0.09210,76.86190
python,medium_hot_keys,10000,5,0.6320,15821.77,0.05110,0.07440,0.10550,68.10020
python,medium_hot_keys,10000,6,0.6139,16290.43,0.04850,0.07370,0.10420,72.68210
python,medium_hot_keys,10000,7,0.6487,15415.96,0.05220,0.07930,0.10620,75.25430
python,medium_hot_keys,10000,8,0.6107,16374.95,0.04970,0.07200,0.09670,69.96870
python,medium_hot_keys,10000,9,0.5729,17456.25,0.04730,0.06400,0.08610,66.68230
python,medium_hot_keys,10000,10,0.5723,17474.40,0.04680,0.06490,0.09130,68.13300
python,medium_hot_keys,10000,11,0.6134,16303.65,0.04930,0.07070,0.09760,68.04200
python,medium_hot_keys,10000,12,0.7047,14190.55,0.05610,0.08360,0.10950,93.72060
python,medium_hot_keys,10000,13,0.6545,15278.20,0.05300,0.07900,0.10860,76.14740
python,medium_hot_keys,10000,14,0.5838,17129.64,0.04750,0.06650,0.09230,70.87630
python,medium_hot_keys,10000,15,0.5728,17458.78,0.04710,0.06570,0.09180,68.25720
python,medium_hot_keys,10000,16,0.5992,16689.06,0.04900,0.07060,0.09520,68.86930
python,medium_hot_keys,10000,17,0.5883,16997.35,0.04770,0.06610,0.09220,73.39080
python,medium_hot_keys,10000,18,0.6413,15594.43,0.05230,0.07900,0.10470,68.00980
python,medium_hot_keys,10000,19,0.5981,16719.66,0.04880,0.07030,0.09900,69.11310
python,medium_hot_keys,10000,20,0.5846,17105.00,0.04770,0.06620,0.09250,71.99160
python,medium_hot_keys,10000,21,0.5894,16966.88,0.04830,0.07020,0.09560,66.24360
python,medium_hot_keys,10000,22,0.5690,17574.95,0.04660,0.06320,0.09010,71.23450
python,medium_hot_keys,10000,23,0.6285,15910.87,0.05110,0.07430,0.10230,72.17170
python,medium_hot_keys,10000,24,0.5926,16874.14,0.04820,0.06930,0.09500,70.10720
python,medium_hot_keys,10000,25,0.5917,16899.56,0.04800,0.06630,0.09230,76.01370
python,medium_hot_keys,10000,26,0.6188,16161.58,0.05070,0.07490,0.10210,66.65350
python,medium_hot_keys,10000,27,0.5938,16841.92,0.04840,0.06680,0.09340,74.79580
python,medium_hot_keys,10000,28,0.5920,16892.98,0.04770,0.06580,0.09120,80.69630
python,medium_hot_keys,10000,29,0.6453,15495.94,0.05160,0.08380,0.11300,70.03920
python,medium_hot_keys,10000,30,0.6273,15941.72,0.05060,0.07020,0.09750,85.76430
python,medium_hot_keys,10000,31,0.6262,15968.95,0.05120,0.07490,0.10160,70.41340
python,medium_hot_keys,10000,32,0.5875,17019.87,0.04790,0.06790,0.09210,70.53760
python,medium_hot_keys,10000,33,0.5896,16961.66,0.04790,0.06560,0.08980,74.53790
python,medium_hot_keys,10000,34,0.6051,16525.01,0.04930,0.07480,0.10370,64.59380
python,medium_hot_keys,10000,35,0.5927,16870.81,0.04820,0.06650,0.09340,75.17850
python,medium_hot_keys,10000,36,0.6215,16090.19,0.05090,0.07480,0.10320,67.60640
python,medium_hot_keys,10000,37,0.6236,16034.69,0.05070,0.07700,0.10020,71.00850
python,medium_hot_keys,10000,38,0.5904,16939.05,0.04800,0.06630,0.09110,74.55700
python,medium_hot_keys,10000,39,0.6046,16539.05,0.04810,0.07650,0.11320,68.63300
python,medium_hot_keys,10000,40,0.5940,16835.67,0.04810,0.06880,0.09520,74.51510
python,medium_hot_keys,10000,41,0.6341,15769.58,0.05100,0.07270,0.10250,83.03010
python,medium_hot_keys,10000,42,0.6125,16325.79,0.04920,0.07440,0.10680,71.06830
python,medium_hot_keys,10000,43,0.6376,15684.66,0.05140,0.07330,0.10000,83.68130
python,medium_hot_keys,10000,44,0.6033,16574.91,0.04980,0.07060,0.09550,66.90110
python,medium_hot_keys,10000,45,0.5796,17254.19,0.04700,0.06620,0.09120,68.78790
python,medium_hot_keys,10000,46,0.6366,15707.91,0.05170,0.07450,0.09840,79.34850
python,medium_hot_keys,10000,47,0.6476,15441.85,0.05240,0.07810,0.10710,73.84710
python,medium_hot_keys,10000,48,0.6224,16068.02,0.05060,0.07140,0.09880,79.07490
python,medium_hot_keys,10000,49,0.5839,17126.46,0.04750,0.06420,0.08960,74.74510
python,medium_hot_keys,10000,50,0.5971,16747.22,0.04850,0.07320,0.10260,65.51280
python,medium_hot_keys,10000,51,0.6081,16445.60,0.04920,0.06690,0.09140,81.77750
python,medium_hot_keys,10000,52,0.6299,15875.94,0.05160,0.07570,0.10150,69.25830
python,medium_hot_keys,10000,53,0.5863,17054.96,0.04760,0.06810,0.09360,70.70290
python,medium_hot_keys,10000,54,0.5910,16920.24,0.04800,0.06590,0.09050,77.48520
python,medium_hot_keys,10000,55,0.6113,16358.76,0.04940,0.07360,0.10280,70.24210
python,medium_hot_keys,10000,56,0.5901,16946.76,0.04830,0.06590,0.09310,72.48330
python,medium_hot_keys,10000,57,0.6262,15969.00,0.05120,0.07450,0.10360,70.58640
python,medium_hot_keys,10000,58,0.5876,17017.50,0.04780,0.06820,0.09410,69.60510
python,medium_hot_keys,10000,59,0.5928,16867.69,0.04810,0.06660,0.09560,76.43210
python,medium_hot_keys,10000,60,0.6080,16446.67,0.04940,0.07430,0.10110,68.46110
python,medium_hot_keys,10000,61,0.5936,16845.62,0.04830,0.06690,0.09620,73.95810
python,medium_hot_keys,10000,62,0.6049,16533.02,0.04920,0.07080,0.09310,75.17590
python,medium_hot_keys,10000,63,0.6467,15464.30,0.05210,0.08220,0.11270,69.37880
python,medium_hot_keys,10000,64,0.6372,15693.85,0.05080,0.07370,0.10080,88.24170
python,medium_hot_keys,10000,65,0.6328,15803.92,0.05160,0.07490,0.10560,70.07980
python,medium_hot_keys,10000,66,0.5821,17178.41,0.04730,0.06650,0.09200,70.87520
python,medium_hot_keys,10000,67,0.5989,16696.63,0.04840,0.06730,0.09450,80.02460
python,medium_hot_keys,10000,68,0.6127,16320.13,0.04940,0.07230,0.10030,71.57880
python,medium_hot_keys,10000,69,0.5870,17036.03,0.04810,0.06680,0.09330,71.01820
python,medium_hot_keys,10000,70,0.6209,16106.01,0.05080,0.07430,0.09850,68.95570
python,medium_hot_keys,10000,71,0.5941,16833.32,0.04820,0.07200,0.09840,67.99330
python,medium_hot_keys,10000,72,0.6112,16362.15,0.04900,0.06740,0.09560,84.31910
python,medium_hot_keys,10000,73,0.6354,15737.78,0.05200,0.07830,0.10460,65.66480
python,medium_hot_keys,10000,74,0.5978,16727.72,0.04890,0.06860,0.09430,73.32020
python,medium_hot_keys,10000,75,0.6418,15582.20,0.05120,0.07320,0.09830,88.83230
python,medium_hot_keys,10000,76,0.6020,16612.26,0.04860,0.07130,0.09630,70.61430
python,medium_hot_keys,10000,77,0.6463,15473.74,0.05210,0.07520,0.09980,84.05150
python,medium_hot_keys,10000,78,0.6081,16444.00,0.04960,0.07270,0.10150,69.22730
python,medium_hot_keys,10000,79,0.5972,16744.09,0.04790,0.06830,0.09640,74.92560
python,medium_hot_keys,10000,80,0.6533,15306.54,0.05320,0.07720,0.10410,75.75150
python,medium_hot_keys,10000,81,0.6356,15732.38,0.05180,0.07680,0.10210,69.12010
python,medium_hot_keys,10000,82,0.6252,15995.74,0.04920,0.07260,0.09980,69.97970
python,medium_hot_keys,10000,83,0.6158,16239.58,0.04940,0.07000,0.09470,80.18900
python,medium_hot_keys,10000,84,0.5969,16754.51,0.04890,0.07140,0.09790,65.50930
python,medium_hot_keys,10000,85,0.5840,17123.84,0.04760,0.06590,0.09020,73.46910
python,medium_hot_keys,10000,86,0.6261,15971.40,0.05140,0.07550,0.10130,68.45430
python,medium_hot_keys,10000,87,0.5760,17362.08,0.04720,0.06430,0.08980,70.81300
python,medium_hot_keys,10000,88,0.5672,17631.03,0.04640,0.06390,0.09020,68.59160
python,medium_hot_keys,10000,89,0.5956,16788.70,0.04830,0.07190,0.10000,67.19280
python,medium_hot_keys,10000,90,0.5948,16813.48,0.04830,0.06630,0.09050,77.97810
python,medium_hot_keys,10000,91,0.6292,15892.96,0.05150,0.07640,0.10330,69.66440
python,medium_hot_keys,10000,92,0.5871,17033.63,0.04760,0.06730,0.09340,70.71980
python,medium_hot_keys,10000,93,0.5994,16682.90,0.04880,0.06960,0.10020,74.34120
python,medium_hot_keys,10000,94,0.5955,16793.65,0.04850,0.06940,0.09620,68.21970
python,medium_hot_keys,10000,95,0.5766,17343.41,0.04740,0.06570,0.09160,66.92430
python,medium_hot_keys,10000,96,0.6183,16172.31,0.05050,0.07340,0.10140,68.74230
python,medium_hot_keys,10000,97,0.6528,15319.78,0.05310,0.08070,0.10810,71.52490
python,medium_hot_keys,10000,98,0.6452,15499.32,0.05200,0.07500,0.10170,83.51540
python,medium_hot_keys,10000,99,0.6229,16052.95,0.05130,0.07500,0.10020,66.90260
python,medium_hot_keys,10000,100,0.5946,16817.97,0.04810,0.06840,0.09490,73.92020
java,medium_hot_keys,10000,1,1.0884,9187.72,0.07740,0.14960,0.22770,120.53630
java,medium_hot_keys,10000,2,1.1317,8836.52,0.08540,0.14350,0.21270,119.11310
java,medium_hot_keys,10000,3,1.0298,9711.09,0.06930,0.11850,0.18830,172.66070
java,medium_hot_keys,10000,4,1.0162,9840.81,0.07150,0.12630,0.17690,147.78570
java,medium_hot_keys,10000,5,1.0741,9310.25,0.07800,0.13710,0.19710,121.15140
java,medium_hot_keys,10000,6,1.0124,9877.45,0.07230,0.13400,0.20140,115.25330
java,medium_hot_keys,10000,7,1.0746,9305.99,0.07580,0.13440,0.19420,160.68070
java,medium_hot_keys,10000,8,1.1776,8492.16,0.08810,0.14540,0.21170,168.00580
java,medium_hot_keys,10000,9,1.0765,9289.39,0.07950,0.14090,0.20530,117.79020
java,medium_hot_keys,10000,10,1.0726,9322.88,0.07770,0.14710,0.22410,126.60480
java,medium_hot_keys,10000,11,1.0872,9197.81,0.07790,0.15430,0.22700,119.10620
java,medium_hot_keys,10000,12,1.0305,9703.78,0.07280,0.13270,0.20470,138.31920
java,medium_hot_keys,10000,13,1.0399,9616.76,0.07850,0.13590,0.19810,130.78150
java,medium_hot_keys,10000,14,1.0132,9870.06,0.07310,0.13420,0.19560,120.98140
java,medium_hot_keys,10000,15,1.0572,9458.81,0.07380,0.13270,0.18430,151.43030
java,medium_hot_keys,10000,16,1.0029,9971.56,0.07100,0.12880,0.19130,134.04700
java,medium_hot_keys,10000,17,1.0180,9823.36,0.06970,0.12550,0.17390,168.97680
java,medium_hot_keys,10000,18,1.2122,8249.19,0.09270,0.15360,0.20340,155.21850
java,medium_hot_keys,10000,19,1.0532,9495.19,0.07740,0.14510,0.22170,124.26960
java,medium_hot_keys,10000,20,1.0196,9807.62,0.07400,0.13410,0.21200,119.82240
java,medium_hot_keys,10000,21,1.0200,9803.93,0.07170,0.12710,0.18710,145.85610
java,medium_hot_keys,10000,22,1.0167,9836.10,0.07080,0.12840,0.19350,137.53750
java,medium_hot_keys,10000,23,1.0270,9736.89,0.07680,0.13840,0.19430,118.20060
java,medium_hot_keys,10000,24,1.0740,9311.33,0.07910,0.13820,0.21470,122.62240
java,medium_hot_keys,10000,25,1.0920,9157.32,0.08370,0.14290,0.19630,116.19540
java,medium_hot_keys,10000,26,1.0599,9434.80,0.07720,0.13980,0.20100,118.77300
java,medium_hot_keys,10000,27,1.0275,9732.00,0.07480,0.15010,0.22790,117.52260
java,medium_hot_keys,10000,28,1.1286,8860.57,0.08420,0.15360,0.22330,120.96150
java,medium_hot_keys,10000,29,1.0235,9769.98,0.07160,0.12610,0.19000,154.01190
java,medium_hot_keys,10000,30,0.9953,10047.57,0.07200,0.13310,0.19880,119.15310
java,medium_hot_keys,10000,31,1.4691,6806.69,0.11710,0.21130,0.31800,136.15290
java,medium_hot_keys,10000,32,1.2593,7940.72,0.09560,0.17100,0.25340,142.86300
java,medium_hot_keys,10000,33,1.2884,7761.72,0.10090,0.17560,0.24420,139.82020
java,medium_hot_keys,10000,34,1.2638,7912.87,0.09800,0.17500,0.26750,132.51070
java,medium_hot_keys,10000,35,1.2047,8300.91,0.08930,0.16420,0.24150,143.00000
java,medium_hot_keys,10000,36,1.0703,9342.86,0.07820,0.13580,0.19160,121.01090
java,medium_hot_keys,10000,37,1.1605,8617.15,0.08870,0.15120,0.20660,117.63830
java,medium_hot_keys,10000,38,1.0613,9422.00,0.07490,0.13610,0.19970,133.01990
java,medium_hot_keys,10000,39,1.0338,9673.25,0.07380,0.13770,0.20090,139.51610
java,medium_hot_keys,10000,40,1.0643,9395.80,0.07690,0.13650,0.19070,139.80020
java,medium_hot_keys,10000,41,1.1725,8528.94,0.09180,0.16060,0.23120,126.43260
java,medium_hot_keys,10000,42,1.0528,9498.06,0.07640,0.14210,0.22210,133.14480
java,medium_hot_keys,10000,43,1.0307,9702.31,0.07250,0.13580,0.21300,126.05740
java,medium_hot_keys,10000,44,1.0893,9180.44,0.07350,0.13460,0.18790,186.63560
java,medium_hot_keys,10000,45,1.0106,9895.12,0.07020,0.12870,0.19210,153.56180
java,medium_hot_keys,10000,46,1.0376,9637.32,0.07760,0.13750,0.18660,113.55450
java,medium_hot_keys,10000,47,1.1169,8953.23,0.07970,0.15630,0.22280,129.30960
java,medium_hot_keys,10000,48,1.0948,9134.06,0.08240,0.14590,0.21420,112.93150
java,medium_hot_keys,10000,49,1.0848,9218.26,0.07590,0.12910,0.18090,173.00640
java,medium_hot_keys,10000,50,1.0216,9788.65,0.07370,0.13470,0.19290,119.73690
java,medium_hot_keys,10000,51,1.0632,9405.41,0.07530,0.13750,0.20550,146.62170
java,medium_hot_keys,10000,52,1.0284,9723.93,0.07250,0.14170,0.21570,119.85080
java,medium_hot_keys,10000,53,1.0844,9221.80,0.07820,0.14480,0.21400,129.59010
java,medium_hot_keys,10000,54,1.0397,9617.71,0.07380,0.13980,0.21230,124.25850
java,medium_hot_keys,10000,55,0.9952,10048.35,0.06960,0.12790,0.19370,132.30070
java,medium_hot_keys,10000,56,1.0374,9639.32,0.07580,0.13880,0.19770,128.18980
java,medium_hot_keys,10000,57,1.1994,8337.30,0.08510,0.17740,0.25450,143.88050
java,medium_hot_keys,10000,58,1.0613,9422.19,0.07310,0.13020,0.18410,146.39610
java,medium_hot_keys,10000,59,1.0737,9313.38,0.07750,0.13490,0.19390,136.78130
java,medium_hot_keys,10000,60,0.9948,10052.09,0.07450,0.13220,0.19270,111.42570
java,medium_hot_keys,10000,61,1.0435,9583.03,0.07820,0.13500,0.19910,119.58610
java,medium_hot_keys,10000,62,1.0691,9353.39,0.07760,0.13940,0.20330,123.96600
java,medium_hot_keys,10000,63,1.0857,9210.34,0.07860,0.13460,0.19690,145.12250
java,medium_hot_keys,10000,64,1.0708,9338.41,0.07670,0.13350,0.18380,133.83700
java,medium_hot_keys,10000,65,1.0159,9843.42,0.06940,0.12470,0.18580,159.01340
java,medium_hot_keys,10000,66,1.0518,9507.25,0.07740,0.14010,0.19840,121.28670
java,medium_hot_keys,10000,67,1.1532,8671.80,0.08050,0.17540,0.26160,139.28790
java,medium_hot_keys,10000,68,1.0119,9882.54,0.06970,0.12390,0.19530,154.18790
java,medium_hot_keys,10000,69,0.9926,10074.16,0.07100,0.12750,0.18990,114.07210
java,medium_hot_keys,10000,70,1.0681,9362.56,0.07670,0.13530,0.18830,155.79770
java,medium_hot_keys,10000,71,1.0901,9173.08,0.07760,0.15510,0.22040,134.26610
java,medium_hot_keys,10000,72,1.0215,9789.58,0.06910,0.12040,0.17660,174.81400
java,medium_hot_keys,10000,73,1.0025,9974.94,0.07250,0.13290,0.19820,118.99420
java,medium_hot_keys,10000,74,1.0286,9721.86,0.07440,0.13370,0.18970,129.77390
java,medium_hot_keys,10000,75,1.0457,9562.61,0.07720,0.14180,0.21180,118.78900
java,medium_hot_keys,10000,76,1.0704,9342.48,0.07780,0.13480,0.19060,151.69320
java,medium_hot_keys,10000,77,1.1115,8996.84,0.07780,0.16200,0.25210,137.01290
java,medium_hot_keys,10000,78,1.0804,9256.11,0.08210,0.14190,0.20170,120.82760
java,medium_hot_keys,10000,79,1.0588,9444.74,0.06990,0.12200,0.17150,196.56000
java,medium_hot_keys,10000,80,1.0240,9765.96,0.07290,0.13410,0.19760,115.24190
java,medium_hot_keys,10000,81,1.1843,8443.53,0.08050,0.15910,0.22560,172.39760
java,medium_hot_keys,10000,82,1.0305,9703.95,0.07480,0.13870,0.20400,141.81260
java,medium_hot_keys,10000,83,1.0353,9659.31,0.07540,0.13570,0.20890,118.20180
java,medium_hot_keys,10000,84,1.0153,9849.76,0.07080,0.12690,0.17850,164.11960
java,medium_hot_keys,10000,85,1.0932,9147.27,0.07640,0.16190,0.24060,131.29930
java,medium_hot_keys,10000,86,1.0324,9686.16,0.07650,0.13620,0.19170,133.56600
java,medium_hot_keys,10000,87,1.2043,8303.63,0.08930,0.16600,0.24090,135.00320
java,medium_hot_keys,10000,88,1.6395,6099.30,0.12230,0.23000,0.38630,145.96410
java,medium_hot_keys,10000,89,1.0971,9115.23,0.08130,0.14250,0.21640,132.42330
java,medium_hot_keys,10000,90,1.0082,9918.32,0.07220,0.13070,0.18640,138.30560
java,medium_hot_keys,10000,91,1.0257,9749.84,0.07440,0.13270,0.19470,131.43480
java,medium_hot_keys,10000,92,1.0636,9402.20,0.07320,0.13270,0.19500,154.39670
java,medium_hot_keys,10000,93,1.0375,9638.47,0.07370,0.13300,0.18870,121.74350
java,medium_hot_keys,10000,94,1.0099,9902.33,0.07100,0.13010,0.19110,133.36970
java,medium_hot_keys,10000,95,1.0665,9376.28,0.07870,0.13700,0.19090,146.04670
java,medium_hot_keys,10000,96,1.1965,8357.74,0.08600,0.17640,0.25760,146.14140
java,medium_hot_keys,10000,97,1.0429,9588.54,0.07570,0.13210,0.18300,127.61720
java,medium_hot_keys,10000,98,1.0617,9419.09,0.07480,0.13420,0.19900,148.40090
java,medium_hot_keys,10000,99,1.0571,9459.50,0.07420,0.13440,0.19090,144.52890
java,medium_hot_keys,10000,100,1.0534,9493.23,0.07390,0.15050,0.21420,114.14120
rust,medium_hot_keys,10000,1,0.4693,21309.69,0.04110,0.05790,0.08610,33.08720
rust,medium_hot_keys,10000,2,0.4446,22491.63,0.04080,0.05520,0.07710,16.76190
rust,medium_hot_keys,10000,3,0.4641,21545.38,0.04200,0.06010,0.08520,16.78670
rust,medium_hot_keys,10000,4,0.4449,22474.87,0.04050,0.05490,0.07830,17.42070
rust,medium_hot_keys,10000,5,0.4746,21069.54,0.04220,0.06330,0.09510,17.19470
rust,medium_hot_keys,10000,6,0.4928,20293.38,0.04410,0.06340,0.09090,19.98750
rust,medium_hot_keys,10000,7,0.4789,20882.45,0.04280,0.06300,0.09150,17.63670
rust,medium_hot_keys,10000,8,0.4692,21312.62,0.04200,0.05670,0.08130,23.30050
rust,medium_hot_keys,10000,9,0.4690,21321.75,0.04150,0.06270,0.09110,20.43590
rust,medium_hot_keys,10000,10,0.4983,20066.49,0.04460,0.06360,0.09490,22.35960
rust,medium_hot_keys,10000,11,0.4794,20859.56,0.04260,0.06480,0.09170,17.77110
rust,medium_hot_keys,10000,12,0.5081,19680.55,0.04540,0.06560,0.09100,23.60630
rust,medium_hot_keys,10000,13,0.4777,20935.58,0.04250,0.06370,0.09120,17.60090
rust,medium_hot_keys,10000,14,0.4775,20943.33,0.04260,0.06130,0.08740,20.64510
rust,medium_hot_keys,10000,15,0.4577,21848.35,0.04130,0.06000,0.08560,17.09330
rust,medium_hot_keys,10000,16,0.4543,22009.88,0.04120,0.05720,0.08300,17.73820
rust,medium_hot_keys,10000,17,0.4487,22288.92,0.04040,0.05890,0.08140,16.87810
rust,medium_hot_keys,10000,18,0.5082,19677.02,0.04580,0.06570,0.09590,19.75270
rust,medium_hot_keys,10000,19,0.4680,21367.83,0.04170,0.06010,0.08600,22.38030
rust,medium_hot_keys,10000,20,0.4884,20476.69,0.04370,0.06300,0.08710,21.66430
rust,medium_hot_keys,10000,21,0.4498,22230.47,0.04080,0.05710,0.08170,17.34530
rust,medium_hot_keys,10000,22,0.4859,20579.59,0.04410,0.06290,0.08920,18.10580
rust,medium_hot_keys,10000,23,0.4491,22264.32,0.04090,0.05630,0.08250,17.45680
rust,medium_hot_keys,10000,24,0.5051,19796.88,0.04510,0.06680,0.09400,19.33370
rust,medium_hot_keys,10000,25,0.4665,21434.31,0.04210,0.05830,0.08150,21.97150
rust,medium_hot_keys,10000,26,0.4897,20419.00,0.04380,0.06370,0.09010,20.82830
rust,medium_hot_keys,10000,27,0.4549,21984.20,0.04100,0.05680,0.08700,17.94790
rust,medium_hot_keys,10000,28,0.4909,20371.77,0.04410,0.06480,0.09400,17.44030
rust,medium_hot_keys,10000,29,0.4512,22163.00,0.04080,0.05710,0.08130,18.14640
rust,medium_hot_keys,10000,30,0.4920,20323.44,0.04400,0.06580,0.09490,16.71140
rust,medium_hot_keys,10000,31,0.4585,21810.85,0.04170,0.05620,0.07930,21.18010
rust,medium_hot_keys,10000,32,0.4829,20709.51,0.04310,0.06280,0.09040,21.30170
rust,medium_hot_keys,10000,33,0.4766,20980.58,0.04290,0.06140,0.08890,18.99330
rust,medium_hot_keys,10000,34,0.5137,19465.22,0.04600,0.06780,0.09730,19.83600
rust,medium_hot_keys,10000,35,0.4528,22086.70,0.04100,0.05510,0.07890,22.03880
rust,medium_hot_keys,10000,36,0.4824,20730.86,0.04310,0.06330,0.08950,18.24840
rust,medium_hot_keys,10000,37,0.4622,21637.32,0.04150,0.05710,0.08290,21.51770
rust,medium_hot_keys,10000,38,0.4807,20803.74,0.04240,0.06410,0.09270,19.94380
rust,medium_hot_keys,10000,39,0.4583,21818.42,0.04160,0.05670,0.08330,18.56720
rust,medium_hot_keys,10000,40,0.4705,21255.55,0.04200,0.06270,0.08960,16.76490
rust,medium_hot_keys,10000,41,0.4717,21199.39,0.04250,0.05960,0.08450,20.95660
rust,medium_hot_keys,10000,42,0.4610,21692.41,0.04150,0.06020,0.08550,17.43190
rust,medium_hot_keys,10000,43,0.4730,21141.32,0.04260,0.06000,0.08590,18.81540
rust,medium_hot_keys,10000,44,0.4525,22098.39,0.04080,0.05910,0.08380,17.30010
rust,medium_hot_keys,10000,45,0.5094,19632.04,0.04540,0.06740,0.09990,19.66670
rust,medium_hot_keys,10000,46,0.4653,21491.64,0.04160,0.06100,0.08650,19.05640
rust,medium_hot_keys,10000,47,0.4885,20471.74,0.04360,0.06280,0.08980,21.15890
rust,medium_hot_keys,10000,48,0.4536,22044.66,0.04100,0.05850,0.08670,17.01610
rust,medium_hot_keys,10000,49,0.4663,21444.41,0.04190,0.05990,0.08530,19.30590
rust,medium_hot_keys,10000,50,0.4453,22458.82,0.04060,0.05560,0.07950,17.52670
rust,medium_hot_keys,10000,51,0.4964,20145.99,0.04440,0.06440,0.08880,20.14430
rust,medium_hot_keys,10000,52,0.4542,22016.26,0.04130,0.05630,0.08030,18.92010
rust,medium_hot_keys,10000,53,0.5107,19581.65,0.04550,0.06850,0.09840,17.68040
rust,medium_hot_keys,10000,54,0.4933,20273.49,0.04410,0.06360,0.08960,22.55450
rust,medium_hot_keys,10000,55,0.5496,18196.02,0.04890,0.07620,0.10480,20.13830
rust,medium_hot_keys,10000,56,0.4837,20674.09,0.04350,0.06150,0.08900,21.02770
rust,medium_hot_keys,10000,57,0.4986,20056.51,0.04430,0.06390,0.09350,24.38240
rust,medium_hot_keys,10000,58,0.4504,22201.39,0.04090,0.05580,0.08190,17.77450
rust,medium_hot_keys,10000,59,0.4884,20473.69,0.04380,0.06190,0.08860,20.15880
rust,medium_hot_keys,10000,60,0.4514,22153.13,0.04090,0.05690,0.07940,17.82530
rust,medium_hot_keys,10000,61,0.4435,22545.77,0.04030,0.05600,0.08180,17.34330
rust,medium_hot_keys,10000,62,0.4343,23025.82,0.03980,0.05280,0.07740,17.27420
rust,medium_hot_keys,10000,63,0.4789,20879.61,0.04240,0.06340,0.08950,20.78390
rust,medium_hot_keys,10000,64,0.5106,19586.54,0.04570,0.06620,0.09200,21.58580
rust,medium_hot_keys,10000,65,0.4912,20358.89,0.04380,0.06460,0.09070,18.22420
rust,medium_hot_keys,10000,66,0.4575,21859.18,0.04140,0.05660,0.07930,19.77680
rust,medium_hot_keys,10000,67,0.4772,20954.60,0.04230,0.06310,0.09200,18.52220
rust,medium_hot_keys,10000,68,0.4650,21504.73,0.04210,0.05890,0.08390,18.38100
rust,medium_hot_keys,10000,69,0.4595,21762.47,0.04130,0.05990,0.08580,17.13330
rust,medium_hot_keys,10000,70,0.4517,22138.37,0.04100,0.05690,0.08170,17.66690
rust,medium_hot_keys,10000,71,0.4793,20863.89,0.04190,0.06820,0.10220,17.38050
rust,medium_hot_keys,10000,72,0.5416,18462.59,0.04750,0.07280,0.10570,23.29790
rust,medium_hot_keys,10000,73,0.4755,21030.58,0.04300,0.06090,0.08730,18.10810
rust,medium_hot_keys,10000,74,0.4769,20968.26,0.04280,0.06130,0.08680,20.04860
rust,medium_hot_keys,10000,75,0.4548,21989.90,0.04090,0.05950,0.08680,17.54970
rust,medium_hot_keys,10000,76,0.4913,20352.74,0.04350,0.06340,0.09140,20.44980
rust,medium_hot_keys,10000,77,0.4580,21835.42,0.04130,0.05810,0.08350,20.48320
rust,medium_hot_keys,10000,78,0.4881,20489.32,0.04360,0.06260,0.08970,22.71420
rust,medium_hot_keys,10000,79,0.4642,21540.15,0.04150,0.06370,0.08860,17.53600
rust,medium_hot_keys,10000,80,0.5169,19344.26,0.04620,0.06780,0.09550,21.30480
rust,medium_hot_keys,10000,81,0.4601,21733.60,0.04120,0.05860,0.08480,21.51700
rust,medium_hot_keys,10000,82,0.4985,20060.08,0.04410,0.06430,0.09030,26.23380
rust,medium_hot_keys,10000,83,0.4552,21969.95,0.04140,0.05740,0.08400,17.99710
rust,medium_hot_keys,10000,84,0.4683,21352.62,0.04220,0.05970,0.08720,18.21270
rust,medium_hot_keys,10000,85,0.4434,22555.32,0.04050,0.05520,0.07980,17.25620
rust,medium_hot_keys,10000,86,0.5045,19821.14,0.04510,0.06780,0.09780,17.51070
rust,medium_hot_keys,10000,87,0.4645,21528.17,0.04200,0.05830,0.08580,19.06900
rust,medium_hot_keys,10000,88,0.5001,19994.96,0.04480,0.06780,0.09520,18.84110
rust,medium_hot_keys,10000,89,0.4689,21327.74,0.04240,0.05910,0.08620,18.96630
rust,medium_hot_keys,10000,90,0.4711,21228.34,0.04240,0.06130,0.08780,17.24190
rust,medium_hot_keys,10000,91,0.4453,22455.69,0.04080,0.05560,0.08100,17.16710
rust,medium_hot_keys,10000,92,0.4820,20748.08,0.04310,0.06370,0.09030,16.66660
rust,medium_hot_keys,10000,93,0.4800,20835.50,0.04270,0.06510,0.09010,18.57600
rust,medium_hot_keys,10000,94,0.5155,19400.50,0.04550,0.06830,0.09860,21.10080
rust,medium_hot_keys,10000,95,0.5375,18603.25,0.04810,0.07240,0.09940,20.09730
rust,medium_hot_keys,10000,96,0.5014,19945.37,0.04500,0.06480,0.09200,20.12940
rust,medium_hot_keys,10000,97,0.4979,20084.96,0.04480,0.06590,0.09220,17.84920
rust,medium_hot_keys,10000,98,0.5191,19263.54,0.04640,0.06810,0.09810,21.65740
rust,medium_hot_keys,10000,99,0.4621,21641.84,0.04200,0.05760,0.08310,18.79630
rust,medium_hot_keys,10000,100,0.4861,20573.64,0.04370,0.06410,0.08970,17.34690
python,medium_mixed,10000,1,0.8119,12316.49,0.06270,0.10630,0.14450,94.58350
python,medium_mixed,10000,2,0.6872,14550.99,0.05360,0.08030,0.10460,98.07920
python,medium_mixed,10000,3,0.7015,14255.83,0.05570,0.08700,0.11550,77.41220
python,medium_mixed,10000,4,0.6320,15823.30,0.05040,0.07370,0.09950,77.43120
python,medium_mixed,10000,5,0.6091,16417.95,0.04890,0.06850,0.09580,73.82690
python,medium_mixed,10000,6,0.6752,14810.26,0.05380,0.08290,0.11400,72.41580
python,medium_mixed,10000,7,0.6565,15231.52,0.05230,0.08400,0.11140,75.97730
python,medium_mixed,10000,8,0.5971,16747.72,0.04850,0.06740,0.09410,74.22350
python,medium_mixed,10000,9,0.6236,16037.05,0.05120,0.07660,0.10560,64.58800
python,medium_mixed,10000,10,0.6567,15228.51,0.05340,0.07740,0.10350,76.55070
python,medium_mixed,10000,11,0.6153,16252.48,0.05020,0.07060,0.09870,70.40510
python,medium_mixed,10000,12,0.6574,15211.55,0.05240,0.07920,0.10910,79.04460
python,medium_mixed,10000,13,0.6041,16552.55,0.04890,0.07050,0.09670,75.13010
python,medium_mixed,10000,14,0.6412,15596.91,0.05200,0.07600,0.10550,76.45340
python,medium_mixed,10000,15,0.5885,16990.94,0.04800,0.06810,0.09520,68.91060
python,medium_mixed,10000,16,0.5849,17096.04,0.04770,0.06660,0.09120,71.35340
python,medium_mixed,10000,17,0.6041,16553.47,0.04970,0.07080,0.09670,65.36840
python,medium_mixed,10000,18,0.5778,17307.25,0.04760,0.06500,0.08780,69.83080
python,medium_mixed,10000,19,0.6751,14812.05,0.05450,0.08070,0.10790,79.28390
python,medium_mixed,10000,20,0.6285,15911.11,0.05120,0.07330,0.09990,74.97870
python,medium_mixed,10000,21,0.5849,17096.56,0.04820,0.06770,0.09130,68.38340
python,medium_mixed,10000,22,0.6371,15697.05,0.05220,0.07600,0.10280,68.10130
python,medium_mixed,10000,23,0.5940,16836.24,0.04860,0.06930,0.09510,68.80030
python,medium_mixed,10000,24,0.6186,16165.56,0.05060,0.07390,0.09990,72.26180
python,medium_mixed,10000,25,0.6302,15867.64,0.05150,0.07550,0.10170,71.03580
python,medium_mixed,10000,26,0.5966,16761.06,0.04880,0.06750,0.09530,71.07220
python,medium_mixed,10000,27,0.6877,14540.98,0.05550,0.08220,0.11190,85.90470
python,medium_mixed,10000,28,0.6258,15979.80,0.05140,0.07540,0.10080,68.01730
python,medium_mixed,10000,29,0.6019,16614.70,0.04910,0.06860,0.09600,75.27410
python,medium_mixed,10000,30,0.6391,15648.09,0.05230,0.07630,0.10180,72.75080
python,medium_mixed,10000,31,0.5983,16712.94,0.04900,0.07120,0.09730,66.69240
python,medium_mixed,10000,32,0.5920,16892.82,0.04840,0.06600,0.09380,72.67840
python,medium_mixed,10000,33,0.6609,15130.54,0.05440,0.08100,0.10650,71.08180
python,medium_mixed,10000,34,0.5976,16732.25,0.04870,0.06790,0.09380,73.82950
python,medium_mixed,10000,35,0.6097,16402.61,0.04930,0.06760,0.09100,82.25150
python,medium_mixed,10000,36,0.6075,16461.25,0.04950,0.07360,0.09800,69.77820
python,medium_mixed,10000,37,0.6039,16560.20,0.04920,0.07050,0.09590,73.51510
python,medium_mixed,10000,38,0.6099,16395.32,0.04960,0.07230,0.10400,68.23630
python,medium_mixed,10000,39,0.5891,16975.18,0.04820,0.06940,0.09740,65.46100
python,medium_mixed,10000,40,0.6456,15490.42,0.05070,0.07360,0.10300,83.38480
python,medium_mixed,10000,41,0.6256,15985.28,0.05130,0.07520,0.10370,69.37210
python,medium_mixed,10000,42,0.5962,16773.77,0.04870,0.06820,0.09280,71.76060
python,medium_mixed,10000,43,0.6555,15255.19,0.05300,0.07720,0.10560,79.83050
python,medium_mixed,10000,44,0.6620,15104.97,0.05360,0.07810,0.10570,81.49440
python,medium_mixed,10000,45,0.5878,17012.31,0.04820,0.06720,0.09200,71.04870
python,medium_mixed,10000,46,0.5769,17333.69,0.04750,0.06510,0.09180,68.29910
python,medium_mixed,10000,47,0.5812,17204.70,0.04750,0.06750,0.09760,68.87260
python,medium_mixed,10000,48,0.6251,15997.06,0.05050,0.07190,0.09890,80.23720
python,medium_mixed,10000,49,0.6237,16032.76,0.05110,0.07540,0.10260,67.98540
python,medium_mixed,10000,50,0.5912,16913.68,0.04830,0.06590,0.09320,74.39370
python,medium_mixed,10000,51,0.6886,14523.20,0.05460,0.08230,0.11420,90.36990
python,medium_mixed,10000,52,0.6049,16531.20,0.04960,0.07130,0.09810,68.16590
python,medium_mixed,10000,53,0.5892,16973.34,0.04810,0.06660,0.09310,72.24980
python,medium_mixed,10000,54,0.6050,16527.90,0.04980,0.07230,0.10170,66.02980
python,medium_mixed,10000,55,0.5929,16865.93,0.04820,0.06930,0.09640,68.76510
python,medium_mixed,10000,56,0.6587,15180.51,0.05330,0.07670,0.10300,80.42500
python,medium_mixed,10000,57,0.6122,16334.48,0.05040,0.07240,0.09870,68.01860
python,medium_mixed,10000,58,0.5897,16957.96,0.04800,0.06650,0.09280,73.46800
python,medium_mixed,10000,59,0.6346,15756.75,0.05140,0.07390,0.09870,77.41780
python,medium_mixed,10000,60,0.6388,15654.79,0.05190,0.08050,0.10860,69.23020
python,medium_mixed,10000,61,0.6286,15908.92,0.05090,0.07190,0.09750,82.28730
python,medium_mixed,10000,62,0.6224,16066.22,0.05080,0.07280,0.09850,73.72620
python,medium_mixed,10000,63,0.5905,16934.96,0.04790,0.06940,0.09540,69.58280
python,medium_mixed,10000,64,0.6247,16006.41,0.05070,0.07200,0.09740,78.80890
python,medium_mixed,10000,65,0.6789,14729.63,0.05250,0.09250,0.12040,68.20580
python,medium_mixed,10000,66,0.6880,14534.84,0.05520,0.08090,0.11020,90.59810
python,medium_mixed,10000,67,0.8587,11645.53,0.07320,0.10420,0.14110,86.80620
python,medium_mixed,10000,68,0.6098,16398.35,0.04960,0.06860,0.09560,78.37960
python,medium_mixed,10000,69,0.6036,16568.13,0.04910,0.07430,0.09980,68.38210
python,medium_mixed,10000,70,0.5974,16739.00,0.04860,0.06920,0.09530,72.74560
python,medium_mixed,10000,71,0.6033,16575.08,0.04950,0.07050,0.09760,68.81020
python,medium_mixed,10000,72,0.5910,16919.12,0.04790,0.06870,0.09590,69.88590
python,medium_mixed,10000,73,0.6599,15153.67,0.05330,0.07780,0.10640,81.70610
python,medium_mixed,10000,74,0.6136,16298.44,0.05030,0.07230,0.09710,70.42650
python,medium_mixed,10000,75,0.5826,17165.72,0.04780,0.06670,0.09380,69.21850
python,medium_mixed,10000,76,0.6559,15245.21,0.05370,0.08110,0.11590,68.43950
python,medium_mixed,10000,77,0.6719,14882.89,0.05410,0.08110,0.10720,83.53770
python,medium_mixed,10000,78,0.5961,16776.07,0.04860,0.06780,0.09400,72.90630
python,medium_mixed,10000,79,0.6052,16523.65,0.04980,0.07100,0.09860,67.17550
python,medium_mixed,10000,80,0.5794,17258.53,0.04750,0.06560,0.08970,70.10870
python,medium_mixed,10000,81,0.5717,17492.74,0.04680,0.06430,0.08950,67.22930
python,medium_mixed,10000,82,0.5892,16971.00,0.04840,0.07010,0.09330,64.87990
python,medium_mixed,10000,83,0.5980,16722.80,0.04890,0.06490,0.08690,78.73910
python,medium_mixed,10000,84,0.6098,16397.54,0.05080,0.07110,0.09240,66.68000
python,medium_mixed,10000,85,0.5860,17065.37,0.04810,0.06610,0.08890,69.73980
python,medium_mixed,10000,86,0.5971,16748.36,0.04850,0.06710,0.08880,77.13110
python,medium_mixed,10000,87,0.5822,17176.16,0.04800,0.06840,0.09080,63.34980
python,medium_mixed,10000,88,0.5946,16817.04,0.04870,0.06410,0.08600,78.32840
python,medium_mixed,10000,89,0.6084,16436.42,0.05050,0.07190,0.09620,64.99800
python,medium_mixed,10000,90,0.6305,15861.64,0.05070,0.07930,0.09690,68.84950
python,medium_mixed,10000,91,0.7415,13485.45,0.06150,0.08180,0.09660,86.25270
python,medium_mixed,10000,92,0.8059,12408.94,0.06890,0.09490,0.11620,77.90800
python,medium_mixed,10000,93,0.6840,14620.95,0.05600,0.08510,0.10740,73.72250
python,medium_mixed,10000,94,0.6010,16639.90,0.04930,0.06600,0.09210,75.23300
python,medium_mixed,10000,95,0.5753,17380.97,0.04790,0.06270,0.08290,68.08670
python,medium_mixed,10000,96,0.5585,17904.48,0.04640,0.06010,0.08310,67.14510
python,medium_mixed,10000,97,0.5430,18416.25,0.04550,0.05830,0.07760,61.92480
python,medium_mixed,10000,98,0.5801,17239.69,0.04800,0.06520,0.08680,62.97190
python,medium_mixed,10000,99,0.5632,17756.88,0.04680,0.06080,0.08400,65.00700
python,medium_mixed,10000,100,0.6136,16298.05,0.05120,0.07180,0.09140,64.45550
java,medium_mixed,10000,1,1.0281,9726.60,0.07700,0.13110,0.18240,103.91830
java,medium_mixed,10000,2,1.0861,9207.28,0.08400,0.14450,0.20750,116.80300
java,medium_mixed,10000,3,1.0060,9940.65,0.07340,0.13040,0.18630,119.02920
java,medium_mixed,10000,4,1.0506,9518.78,0.07470,0.12340,0.18420,147.24920
java,medium_mixed,10000,5,1.0023,9976.71,0.07050,0.12220,0.18360,128.25840
java,medium_mixed,10000,6,1.0157,9845.80,0.07560,0.13280,0.18710,112.37290
java,medium_mixed,10000,7,1.0514,9510.76,0.07470,0.14820,0.22430,122.54910
java,medium_mixed,10000,8,1.0450,9569.63,0.07460,0.12820,0.18790,131.58300
java,medium_mixed,10000,9,1.0577,9454.24,0.07470,0.13160,0.20190,150.78330
java,medium_mixed,10000,10,1.0452,9567.26,0.07010,0.11980,0.16190,191.24270
java,medium_mixed,10000,11,0.9777,10228.61,0.07200,0.12240,0.16740,116.43980
java,medium_mixed,10000,12,1.0189,9814.97,0.07370,0.13930,0.22290,113.90630
java,medium_mixed,10000,13,1.0885,9186.61,0.07830,0.14700,0.21800,151.80120
java,medium_mixed,10000,14,1.0574,9456.84,0.07730,0.13330,0.18070,121.64800
java,medium_mixed,10000,15,1.0498,9526.06,0.07670,0.13010,0.18270,118.47300
java,medium_mixed,10000,16,1.0034,9965.72,0.07230,0.12830,0.18050,119.27840
java,medium_mixed,10000,17,1.1597,8622.88,0.08920,0.15530,0.21920,118.31540
java,medium_mixed,10000,18,1.0904,9170.65,0.07620,0.12730,0.17780,185.68810
java,medium_mixed,10000,19,1.1103,9006.67,0.08160,0.13360,0.18110,150.13270
java,medium_mixed,10000,20,1.0408,9607.55,0.07520,0.12870,0.19560,129.05070
java,medium_mixed,10000,21,1.0259,9747.07,0.07570,0.12440,0.19570,119.39080
java,medium_mixed,10000,22,1.0551,9477.51,0.07390,0.12340,0.17290,167.44190
java,medium_mixed,10000,23,0.9618,10397.21,0.07010,0.12530,0.18750,110.21390
java,medium_mixed,10000,24,1.0338,9673.52,0.07550,0.12980,0.19220,112.28400
java,medium_mixed,10000,25,1.0232,9773.22,0.07440,0.13450,0.18830,125.57080
java,medium_mixed,10000,26,1.0875,9195.70,0.08140,0.13420,0.18000,166.08270
java,medium_mixed,10000,27,1.0744,9307.53,0.07540,0.14980,0.22860,131.69530
java,medium_mixed,10000,28,1.0819,9242.87,0.07900,0.14420,0.23100,147.13450
java,medium_mixed,10000,29,0.9712,10296.71,0.07210,0.12940,0.19410,114.04220
java,medium_mixed,10000,30,1.0152,9849.96,0.07480,0.12590,0.19020,115.91450
java,medium_mixed,10000,31,0.9966,10033.97,0.06880,0.12660,0.18810,142.47260
java,medium_mixed,10000,32,0.9914,10086.95,0.07100,0.12390,0.18310,131.74420
java,medium_mixed,10000,33,1.0595,9438.42,0.07460,0.14220,0.21450,123.36070
java,medium_mixed,10000,34,0.9832,10171.06,0.07000,0.12230,0.16990,129.86030
java,medium_mixed,10000,35,1.0300,9708.94,0.07560,0.13760,0.20280,111.41090
java,medium_mixed,10000,36,1.0300,9709.07,0.07550,0.13700,0.19700,115.23630
java,medium_mixed,10000,37,1.1288,8858.80,0.08020,0.16950,0.24700,142.20010
java,medium_mixed,10000,38,1.0717,9331.27,0.08260,0.12940,0.17610,123.37900
java,medium_mixed,10000,39,0.9961,10039.21,0.07370,0.12910,0.19350,111.88460
java,medium_mixed,10000,40,1.0213,9791.62,0.07490,0.13040,0.18700,113.94720
java,medium_mixed,10000,41,1.0060,9940.21,0.07630,0.12940,0.18780,116.82470
java,medium_mixed,10000,42,1.0101,9900.17,0.07230,0.13280,0.20170,121.69080
java,medium_mixed,10000,43,1.0590,9442.70,0.07580,0.13130,0.18520,147.89650
java,medium_mixed,10000,44,1.0587,9445.21,0.07910,0.13010,0.17620,152.73120
java,medium_mixed,10000,45,1.0429,9588.79,0.07470,0.12590,0.17730,132.04560
java,medium_mixed,10000,46,1.0374,9639.30,0.07310,0.12370,0.17270,159.64910
java,medium_mixed,10000,47,1.0396,9619.17,0.07680,0.14970,0.23680,119.12250
java,medium_mixed,10000,48,1.0612,9423.26,0.07730,0.14630,0.21250,107.27650
java,medium_mixed,10000,49,1.0250,9756.54,0.07410,0.14120,0.21570,122.62980
java,medium_mixed,10000,50,1.0638,9400.54,0.07650,0.13270,0.18640,145.82190
java,medium_mixed,10000,51,1.0094,9907.31,0.07360,0.12540,0.18690,122.52220
java,medium_mixed,10000,52,1.0112,9888.82,0.07010,0.11810,0.17060,156.32540
java,medium_mixed,10000,53,0.9806,10198.15,0.07150,0.12100,0.16730,120.87340
java,medium_mixed,10000,54,1.2259,8157.44,0.09690,0.16540,0.24570,127.87050
java,medium_mixed,10000,55,1.0772,9283.09,0.07930,0.14950,0.22970,129.35430
java,medium_mixed,10000,56,1.1692,8552.52,0.09180,0.15570,0.23240,118.48130
java,medium_mixed,10000,57,1.2887,7759.92,0.09950,0.17650,0.26100,140.94210
java,medium_mixed,10000,58,1.3226,7560.66,0.09710,0.19240,0.28540,143.81280
java,medium_mixed,10000,59,1.0654,9385.83,0.07740,0.13920,0.20400,120.96170
java,medium_mixed,10000,60,1.0391,9624.00,0.07610,0.13870,0.21000,112.84590
java,medium_mixed,10000,61,1.0734,9315.84,0.07700,0.13520,0.18500,155.64900
java,medium_mixed,10000,62,1.0728,9321.30,0.07780,0.14190,0.20330,128.98720
java,medium_mixed,10000,63,1.0329,9681.76,0.07310,0.13060,0.19440,138.32370
java,medium_mixed,10000,64,1.0136,9865.45,0.07070,0.12590,0.18810,152.81550
java,medium_mixed,10000,65,1.0580,9451.69,0.08010,0.14280,0.21060,113.94610
java,medium_mixed,10000,66,1.1716,8535.37,0.09170,0.14990,0.20870,129.28050
java,medium_mixed,10000,67,1.0493,9529.93,0.07720,0.13760,0.20640,113.18650
java,medium_mixed,10000,68,1.1207,8922.67,0.08150,0.14450,0.21360,140.40270
java,medium_mixed,10000,69,1.1175,8948.87,0.08180,0.16500,0.23480,127.53590
java,medium_mixed,10000,70,1.0716,9332.14,0.07660,0.14330,0.20610,122.42380
java,medium_mixed,10000,71,1.0358,9654.38,0.07090,0.13330,0.19720,167.17370
java,medium_mixed,10000,72,1.0810,9250.65,0.07730,0.14420,0.21120,131.16080
java,medium_mixed,10000,73,1.0681,9362.64,0.07970,0.13690,0.20010,125.58440
java,medium_mixed,10000,74,1.0648,9391.38,0.07410,0.13090,0.18830,145.10430
java,medium_mixed,10000,75,1.0497,9526.18,0.07210,0.12930,0.17960,187.10910
java,medium_mixed,10000,76,1.1466,8721.27,0.08680,0.16280,0.24170,129.34850
java,medium_mixed,10000,77,1.1053,9047.45,0.08040,0.14440,0.22020,126.48740
java,medium_mixed,10000,78,1.1042,9056.39,0.08100,0.14070,0.20270,135.66680
java,medium_mixed,10000,79,1.0765,9289.51,0.07470,0.14540,0.20480,154.07180
java,medium_mixed,10000,80,1.0597,9436.66,0.07590,0.14870,0.23070,126.67590
java,medium_mixed,10000,81,1.0168,9834.50,0.07450,0.13720,0.20320,118.14710
java,medium_mixed,10000,82,1.0311,9698.80,0.07350,0.13790,0.21170,116.08830
java,medium_mixed,10000,83,1.0106,9895.24,0.07060,0.13090,0.18710,137.12750
java,medium_mixed,10000,84,1.0251,9755.36,0.07430,0.13860,0.20640,124.35580
java,medium_mixed,10000,85,1.1787,8484.12,0.08280,0.16250,0.25860,129.67350
java,medium_mixed,10000,86,1.4580,6858.60,0.10980,0.20420,0.30300,165.59580
java,medium_mixed,10000,87,1.0684,9359.93,0.07450,0.13630,0.20650,148.09150
java,medium_mixed,10000,88,1.1519,8681.57,0.08090,0.15890,0.22510,150.16870
java,medium_mixed,10000,89,1.0808,9252.23,0.07670,0.14630,0.21540,124.38760
java,medium_mixed,10000,90,1.0300,9708.75,0.07010,0.13050,0.19300,161.70840
java,medium_mixed,10000,91,1.0249,9756.79,0.07230,0.12940,0.19260,147.75770
java,medium_mixed,10000,92,1.0360,9652.58,0.07410,0.13560,0.19560,139.12440
java,medium_mixed,10000,93,1.0834,9230.50,0.07900,0.14450,0.21660,121.14020
java,medium_mixed,10000,94,1.0443,9576.24,0.07600,0.14690,0.22070,121.07600
java,medium_mixed,10000,95,1.1897,8405.40,0.09330,0.14560,0.19610,143.30850
java,medium_mixed,10000,96,1.0387,9627.53,0.07640,0.13910,0.20100,117.34700
java,medium_mixed,10000,97,1.0687,9356.77,0.07930,0.14160,0.20760,113.11980
java,medium_mixed,10000,98,1.0857,9210.63,0.07420,0.12930,0.18520,190.27110
java,medium_mixed,10000,99,1.0900,9174.47,0.07500,0.13880,0.20860,158.55990
java,medium_mixed,10000,100,1.0949,9133.42,0.08180,0.15670,0.23640,112.52270
rust,medium_mixed,10000,1,0.4907,20380.32,0.04400,0.06280,0.08900,20.62800
rust,medium_mixed,10000,2,0.4461,22414.77,0.04090,0.05620,0.07980,16.80860
rust,medium_mixed,10000,3,0.4572,21874.62,0.04150,0.05790,0.08650,16.82920
rust,medium_mixed,10000,4,0.4430,22573.74,0.04020,0.05550,0.08090,17.05030
rust,medium_mixed,10000,5,0.4817,20758.86,0.04270,0.06580,0.09530,17.48740
rust,medium_mixed,10000,6,0.5014,19945.98,0.04450,0.06400,0.09300,22.00190
rust,medium_mixed,10000,7,0.4764,20991.11,0.04230,0.06190,0.08900,21.12390
rust,medium_mixed,10000,8,0.4495,22245.84,0.04070,0.05560,0.08020,19.29780
rust,medium_mixed,10000,9,0.4709,21237.98,0.04150,0.06330,0.08740,18.68830
rust,medium_mixed,10000,10,0.5260,19009.69,0.04720,0.06990,0.09530,21.56750
rust,medium_mixed,10000,11,0.5412,18478.52,0.04800,0.07200,0.10180,23.79870
rust,medium_mixed,10000,12,0.4654,21488.50,0.04210,0.05680,0.08170,21.06380
rust,medium_mixed,10000,13,0.4684,21350.59,0.04190,0.06050,0.08590,19.99400
rust,medium_mixed,10000,14,0.4508,22180.69,0.04080,0.05510,0.07880,21.19420
rust,medium_mixed,10000,15,0.4708,21242.37,0.04180,0.06220,0.08880,20.11460
rust,medium_mixed,10000,16,0.4795,20856.61,0.04270,0.06060,0.08570,25.24550
rust,medium_mixed,10000,17,0.4665,21435.42,0.04160,0.06240,0.09140,16.97140
rust,medium_mixed,10000,18,0.4789,20882.39,0.04300,0.06170,0.09160,18.90920
rust,medium_mixed,10000,19,0.4649,21508.41,0.04170,0.06100,0.08850,17.31290
rust,medium_mixed,10000,20,0.4825,20724.59,0.04320,0.06350,0.08620,19.84700
rust,medium_mixed,10000,21,0.4538,22036.31,0.04090,0.05860,0.08390,18.16380
rust,medium_mixed,10000,22,0.4626,21615.65,0.04190,0.05810,0.08400,19.12560
rust,medium_mixed,10000,23,0.4428,22581.91,0.04030,0.05620,0.08180,17.44930
rust,medium_mixed,10000,24,0.5094,19631.44,0.04540,0.06770,0.09450,20.07240
rust,medium_mixed,10000,25,0.4653,21490.01,0.04190,0.05930,0.08500,19.46810
rust,medium_mixed,10000,26,0.4771,20959.48,0.04260,0.06250,0.09150,20.52150
rust,medium_mixed,10000,27,0.4484,22302.33,0.04080,0.05730,0.08140,17.67790
rust,medium_mixed,10000,28,0.5067,19737.06,0.04510,0.06860,0.09650,17.34690
rust,medium_mixed,10000,29,0.5023,19910.06,0.04460,0.06420,0.09440,24.26310
rust,medium_mixed,10000,30,0.4756,21024.45,0.04260,0.06060,0.08740,22.14200
rust,medium_mixed,10000,31,0.4473,22356.34,0.04060,0.05620,0.08260,17.18440
rust,medium_mixed,10000,32,0.5777,17310.46,0.05010,0.08630,0.12360,18.15690
rust,medium_mixed,10000,33,0.5103,19596.67,0.04530,0.06610,0.09660,23.72780
rust,medium_mixed,10000,34,0.4955,20183.21,0.04400,0.06430,0.09140,22.88150
rust,medium_mixed,10000,35,0.4522,22111.82,0.04100,0.05750,0.08190,17.79160
rust,medium_mixed,10000,36,0.4929,20286.41,0.04410,0.06540,0.09470,19.65810
rust,medium_mixed,10000,37,0.4524,22102.70,0.04090,0.05660,0.08150,19.02890
rust,medium_mixed,10000,38,0.4989,20044.13,0.04450,0.06790,0.09600,16.92780
rust,medium_mixed,10000,39,0.4701,21274.24,0.04240,0.05870,0.08350,20.90700
rust,medium_mixed,10000,40,0.4902,20400.09,0.04380,0.06570,0.09620,18.18680
rust,medium_mixed,10000,41,0.4549,21983.09,0.04140,0.05700,0.08130,17.85280
rust,medium_mixed,10000,42,0.4668,21420.17,0.04190,0.06090,0.08980,17.55710
rust,medium_mixed,10000,43,0.4516,22145.22,0.04110,0.05780,0.08340,17.80880
rust,medium_mixed,10000,44,0.4807,20802.24,0.04290,0.06440,0.08880,16.96680
rust,medium_mixed,10000,45,0.4696,21294.83,0.04240,0.05970,0.08490,18.55830
rust,medium_mixed,10000,46,0.4817,20761.27,0.04250,0.06540,0.09480,18.69440
rust,medium_mixed,10000,47,0.5036,19857.24,0.04450,0.06500,0.09150,25.81460
rust,medium_mixed,10000,48,0.4715,21207.31,0.04230,0.06170,0.08960,17.60970
rust,medium_mixed,10000,49,0.4526,22094.32,0.04130,0.05660,0.08040,17.46130
rust,medium_mixed,10000,50,0.4621,21640.35,0.04140,0.06100,0.08870,17.30800
rust,medium_mixed,10000,51,0.5065,19744.87,0.04540,0.06640,0.09570,19.98140
rust,medium_mixed,10000,52,0.4772,20953.77,0.04240,0.06150,0.09160,19.67850
rust,medium_mixed,10000,53,0.5030,19881.09,0.04440,0.06380,0.09200,27.94600
rust,medium_mixed,10000,54,0.6086,16431.17,0.05300,0.08650,0.11930,22.81850
rust,medium_mixed,10000,55,0.5431,18413.38,0.04800,0.07280,0.09860,25.20070
rust,medium_mixed,10000,56,0.4808,20796.64,0.04310,0.06290,0.08940,18.66560
rust,medium_mixed,10000,57,0.4554,21958.57,0.04160,0.05740,0.08400,17.73300
rust,medium_mixed,10000,58,0.4656,21476.50,0.04180,0.06040,0.08770,17.09640
rust,medium_mixed,10000,59,0.4524,22103.90,0.04110,0.05650,0.08250,17.32010
rust,medium_mixed,10000,60,0.4666,21432.55,0.04130,0.06220,0.09280,17.07760
rust,medium_mixed,10000,61,0.5204,19216.90,0.04680,0.06910,0.09730,19.43730
rust,medium_mixed,10000,62,0.4976,20095.67,0.04450,0.06610,0.09250,19.89870
rust,medium_mixed,10000,63,0.4761,21002.72,0.04270,0.06000,0.08630,20.08790
rust,medium_mixed,10000,64,0.4633,21584.34,0.04140,0.06020,0.08750,18.33100
rust,medium_mixed,10000,65,0.4556,21948.64,0.04110,0.05590,0.08070,20.14880
rust,medium_mixed,10000,66,0.4576,21852.08,0.04100,0.05960,0.08520,18.38290
rust,medium_mixed,10000,67,0.5099,19612.74,0.04550,0.06670,0.09650,22.09260
rust,medium_mixed,10000,68,0.4671,21410.92,0.04200,0.06150,0.08770,18.39420
rust,medium_mixed,10000,69,0.4889,20453.06,0.04400,0.06280,0.09120,19.86610
rust,medium_mixed,10000,70,0.4554,21959.69,0.04130,0.05920,0.08590,17.12130
rust,medium_mixed,10000,71,0.4897,20422.10,0.04410,0.06380,0.08920,19.40710
rust,medium_mixed,10000,72,0.4499,22224.70,0.04060,0.05560,0.08110,20.95700
rust,medium_mixed,10000,73,0.4683,21353.59,0.04170,0.05860,0.08570,22.20950
rust,medium_mixed,10000,74,0.4468,22379.89,0.04030,0.05490,0.08000,20.88800
rust,medium_mixed,10000,75,0.5353,18680.71,0.04730,0.07400,0.10220,21.90730
rust,medium_mixed,10000,76,0.4971,20117.70,0.04430,0.06580,0.08990,21.28690
rust,medium_mixed,10000,77,0.5231,19117.14,0.04610,0.06940,0.10090,24.78830
rust,medium_mixed,10000,78,0.4980,20081.84,0.04410,0.06500,0.09440,22.55530
rust,medium_mixed,10000,79,0.4717,21198.37,0.04230,0.06120,0.08830,21.21560
rust,medium_mixed,10000,80,0.4459,22425.35,0.04060,0.05590,0.07920,17.07720
rust,medium_mixed,10000,81,0.4675,21388.24,0.04200,0.06050,0.08550,19.91350
rust,medium_mixed,10000,82,0.4403,22712.41,0.04010,0.05500,0.07930,17.60450
rust,medium_mixed,10000,83,0.4987,20050.19,0.04430,0.06740,0.09790,18.92870
rust,medium_mixed,10000,84,0.5050,19801.64,0.04500,0.06580,0.09300,20.31930
rust,medium_mixed,10000,85,0.5417,18459.08,0.04760,0.07500,0.10560,24.35070
rust,medium_mixed,10000,86,0.4707,21243.08,0.04210,0.05950,0.08630,21.92860
rust,medium_mixed,10000,87,0.4452,22461.61,0.04030,0.05490,0.07960,21.33570
rust,medium_mixed,10000,88,0.4410,22675.49,0.04010,0.05480,0.07790,19.12360
rust,medium_mixed,10000,89,0.4807,20802.90,0.04290,0.06480,0.09270,16.67830
rust,medium_mixed,10000,90,0.4666,21432.01,0.04210,0.05730,0.08210,21.70690
rust,medium_mixed,10000,91,0.4862,20566.13,0.04280,0.06420,0.09330,21.19580
rust,medium_mixed,10000,92,0.4921,20322.23,0.04420,0.06290,0.08900,21.78550
rust,medium_mixed,10000,93,0.4725,21164.57,0.04220,0.06190,0.08750,17.44230
rust,medium_mixed,10000,94,0.4605,21714.92,0.04180,0.05720,0.08290,19.35890
rust,medium_mixed,10000,95,0.4751,21048.59,0.04210,0.06270,0.09320,17.09580
rust,medium_mixed,10000,96,0.4955,20181.17,0.04370,0.06310,0.09120,26.13890
rust,medium_mixed,10000,97,0.5399,18523.29,0.04780,0.07380,0.10500,20.74030
rust,medium_mixed,10000,98,0.5094,19630.14,0.04540,0.06610,0.09300,21.84770
rust,medium_mixed,10000,99,0.4787,20890.72,0.04300,0.06200,0.09210,17.75500
rust,medium_mixed,10000,100,0.4529,22077.85,0.04080,0.05490,0.08130,21.88450
python,medium_numeric_incr,10000,1,0.7591,13173.56,0.05960,0.09670,0.13270,79.07190
python,medium_numeric_incr,10000,2,0.6574,15211.85,0.05240,0.07570,0.10520,82.37850
python,medium_numeric_incr,10000,3,0.6497,15390.59,0.05090,0.07190,0.09550,95.94450
python,medium_numeric_incr,10000,4,0.6466,15465.28,0.05210,0.07740,0.10390,68.90620
python,medium_numeric_incr,10000,5,0.6678,14974.88,0.05370,0.07760,0.10780,79.26010
python,medium_numeric_incr,10000,6,0.6737,14843.22,0.05250,0.07720,0.10820,90.56050
python,medium_numeric_incr,10000,7,0.6496,15393.86,0.05300,0.07880,0.10700,66.73570
python,medium_numeric_incr,10000,8,0.6202,16124.73,0.05050,0.07180,0.09880,73.23540
python,medium_numeric_incr,10000,9,0.7026,14233.54,0.05630,0.08620,0.11350,88.53630
python,medium_numeric_incr,10000,10,0.6227,16059.96,0.05020,0.07140,0.10090,79.46570
python,medium_numeric_incr,10000,11,0.6155,16247.74,0.05070,0.07160,0.09810,69.45040
python,medium_numeric_incr,10000,12,0.6497,15391.29,0.05210,0.07740,0.10550,79.68800
python,medium_numeric_incr,10000,13,0.5959,16780.16,0.04880,0.07060,0.09910,66.86350
python,medium_numeric_incr,10000,14,0.5912,16915.02,0.04840,0.06590,0.09300,72.63720
python,medium_numeric_incr,10000,15,0.6210,16103.33,0.05120,0.07470,0.10100,67.02200
python,medium_numeric_incr,10000,16,0.7059,14166.19,0.05580,0.09430,0.11960,71.74000
python,medium_numeric_incr,10000,17,0.7702,12983.81,0.05920,0.09590,0.12320,120.42320
python,medium_numeric_incr,10000,18,0.6538,15296.28,0.05320,0.07780,0.10780,73.63670
python,medium_numeric_incr,10000,19,0.6801,14703.67,0.05440,0.08190,0.11110,85.99250
python,medium_numeric_incr,10000,20,0.5922,16886.97,0.04860,0.06760,0.09370,69.09980
python,medium_numeric_incr,10000,21,0.6246,16010.50,0.05130,0.07450,0.09970,68.50850
python,medium_numeric_incr,10000,22,0.5959,16781.25,0.04870,0.06950,0.09480,69.62950
python,medium_numeric_incr,10000,23,0.5963,16769.65,0.04840,0.06710,0.09310,75.63890
python,medium_numeric_incr,10000,24,0.6171,16204.14,0.05040,0.07560,0.10340,66.17700
python,medium_numeric_incr,10000,25,0.6772,14766.83,0.05450,0.08000,0.11230,82.67460
python,medium_numeric_incr,10000,26,0.6128,16318.75,0.04950,0.06920,0.09730,81.31930
python,medium_numeric_incr,10000,27,0.6071,16470.79,0.04910,0.07340,0.10080,68.88310
python,medium_numeric_incr,10000,28,0.6064,16490.19,0.04920,0.06790,0.09220,79.76120
python,medium_numeric_incr,10000,29,0.6055,16515.27,0.04980,0.07190,0.09470,67.87730
python,medium_numeric_incr,10000,30,0.5874,17024.82,0.04810,0.06700,0.09320,69.79410
python,medium_numeric_incr,10000,31,0.6498,15390.28,0.05240,0.07480,0.10100,83.02180
python,medium_numeric_incr,10000,32,0.6708,14907.35,0.05420,0.07960,0.10930,80.59470
python,medium_numeric_incr,10000,33,0.5995,16679.63,0.04900,0.06940,0.09820,70.85390
python,medium_numeric_incr,10000,34,0.6128,16319.81,0.04960,0.07040,0.09460,80.39310
python,medium_numeric_incr,10000,35,0.6052,16523.61,0.04930,0.07190,0.09650,68.26720
python,medium_numeric_incr,10000,36,0.6076,16457.12,0.04950,0.06920,0.09430,77.61360
python,medium_numeric_incr,10000,37,0.6309,15850.72,0.05200,0.07470,0.09800,69.95540
python,medium_numeric_incr,10000,38,0.6015,16624.73,0.04870,0.06890,0.09520,72.56830
python,medium_numeric_incr,10000,39,0.6258,15978.46,0.05030,0.07030,0.09680,86.81330
python,medium_numeric_incr,10000,40,0.6082,16442.71,0.04960,0.07010,0.09470,70.45690
python,medium_numeric_incr,10000,41,0.6077,16454.85,0.04980,0.07180,0.09940,67.37450
python,medium_numeric_incr,10000,42,0.7008,14268.77,0.05530,0.08250,0.11360,98.74570
python,medium_numeric_incr,10000,43,0.6036,16566.87,0.04950,0.07160,0.09630,69.01120
python,medium_numeric_incr,10000,44,0.5861,17061.67,0.04780,0.06560,0.09070,71.60790
python,medium_numeric_incr,10000,45,0.6517,15345.04,0.05260,0.07730,0.10790,65.07980
python,medium_numeric_incr,10000,46,0.6029,16585.47,0.04950,0.07070,0.09580,68.77380
python,medium_numeric_incr,10000,47,0.6010,16638.88,0.04880,0.06810,0.09810,73.52790
python,medium_numeric_incr,10000,48,0.6009,16640.69,0.04950,0.07000,0.09690,66.28440
python,medium_numeric_incr,10000,49,0.7467,13391.90,0.05960,0.09830,0.14630,70.99140
python,medium_numeric_incr,10000,50,0.7447,13429.06,0.05760,0.09150,0.13600,103.27610
python,medium_numeric_incr,10000,51,0.6802,14701.50,0.05480,0.08380,0.11850,74.06240
python,medium_numeric_incr,10000,52,0.6531,15311.89,0.05230,0.07860,0.10920,74.07380
python,medium_numeric_incr,10000,53,0.6276,15934.71,0.05130,0.07410,0.09880,73.39650
python,medium_numeric_incr,10000,54,0.6139,16288.15,0.05050,0.07110,0.09520,70.68930
python,medium_numeric_incr,10000,55,0.5896,16960.33,0.04810,0.06780,0.09190,70.23170
python,medium_numeric_incr,10000,56,0.6379,15677.48,0.05150,0.07360,0.09920,79.89150
python,medium_numeric_incr,10000,57,0.6395,15636.76,0.05170,0.07910,0.10720,71.45020
python,medium_numeric_incr,10000,58,0.7163,13960.24,0.05780,0.08940,0.12080,86.08440
python,medium_numeric_incr,10000,59,0.6070,16475.82,0.04960,0.06920,0.09420,73.41950
python,medium_numeric_incr,10000,60,0.6124,16330.07,0.05040,0.07270,0.10020,66.22670
python,medium_numeric_incr,10000,61,0.6103,16384.12,0.05010,0.06940,0.09200,74.75250
python,medium_numeric_incr,10000,62,0.6359,15726.12,0.05230,0.07510,0.10110,70.88930
python,medium_numeric_incr,10000,63,0.6011,16635.60,0.04920,0.06970,0.09390,69.11590
python,medium_numeric_incr,10000,64,0.6015,16626.28,0.04930,0.06820,0.09090,73.88040
python,medium_numeric_incr,10000,65,0.6180,16180.30,0.05080,0.07380,0.10300,68.06260
python,medium_numeric_incr,10000,66,0.5996,16677.84,0.04910,0.06940,0.09540,72.73680
python,medium_numeric_incr,10000,67,0.6166,16218.04,0.04970,0.06960,0.09310,80.86130
python,medium_numeric_incr,10000,68,0.5986,16705.55,0.04910,0.07070,0.09770,65.02870
python,medium_numeric_incr,10000,69,0.6145,16274.50,0.04970,0.06950,0.09620,82.21540
python,medium_numeric_incr,10000,70,0.6258,15980.70,0.05140,0.07460,0.10520,67.87620
python,medium_numeric_incr,10000,71,0.5897,16957.01,0.04840,0.06770,0.09370,68.86900
python,medium_numeric_incr,10000,72,0.5870,17036.25,0.04820,0.06660,0.09160,70.21480
python,medium_numeric_incr,10000,73,0.5997,16676.17,0.04920,0.07020,0.09450,68.60050
python,medium_numeric_incr,10000,74,0.5963,16771.28,0.04890,0.06940,0.09510,70.23950
python,medium_numeric_incr,10000,75,0.7099,14087.08,0.05760,0.08770,0.12190,78.38530
python,medium_numeric_incr,10000,76,0.6225,16063.05,0.05060,0.07160,0.09800,76.36040
python,medium_numeric_incr,10000,77,0.5892,16970.91,0.04840,0.06790,0.09570,68.61860
python,medium_numeric_incr,10000,78,0.6225,16064.87,0.05090,0.07390,0.10070,69.94430
python,medium_numeric_incr,10000,79,0.6051,16527.19,0.04970,0.06990,0.09900,69.94320
python,medium_numeric_incr,10000,80,0.6074,16462.32,0.04900,0.06750,0.09460,82.91000
python,medium_numeric_incr,10000,81,0.6100,16393.15,0.04960,0.07230,0.09700,68.88360
python,medium_numeric_incr,10000,82,0.6079,16450.19,0.04950,0.06860,0.09600,76.47600
python,medium_numeric_incr,10000,83,0.6300,15873.89,0.05200,0.07440,0.10240,68.72520
python,medium_numeric_incr,10000,84,0.5956,16790.93,0.04860,0.06950,0.09370,70.56270
python,medium_numeric_incr,10000,85,0.5959,16780.53,0.04870,0.06810,0.09200,73.70030
python,medium_numeric_incr,10000,86,0.6167,16216.15,0.05050,0.07480,0.10120,68.06890
python,medium_numeric_incr,10000,87,0.6110,16367.30,0.04980,0.07110,0.09690,75.64480
python,medium_numeric_incr,10000,88,0.6555,15256.12,0.05230,0.07560,0.10250,87.18880
python,medium_numeric_incr,10000,89,0.6053,16520.83,0.04930,0.07050,0.09600,70.94750
python,medium_numeric_incr,10000,90,0.5883,16998.39,0.04850,0.06640,0.09230,69.43240
python,medium_numeric_incr,10000,91,0.6623,15097.99,0.05460,0.08160,0.11130,70.79350
python,medium_numeric_incr,10000,92,0.6543,15284.24,0.05290,0.07560,0.10270,84.10500
python,medium_numeric_incr,10000,93,0.5857,17073.00,0.04790,0.06640,0.09350,72.51610
python,medium_numeric_incr,10000,94,0.6194,16145.36,0.05100,0.07540,0.10310,65.99640
python,medium_numeric_incr,10000,95,0.5936,16846.85,0.04840,0.06720,0.09260,71.69990
python,medium_numeric_incr,10000,96,0.6069,16476.24,0.04880,0.06820,0.09380,82.90580
python,medium_numeric_incr,10000,97,0.5976,16733.50,0.04880,0.06990,0.09750,69.24130
python,medium_numeric_incr,10000,98,0.5842,17118.75,0.04790,0.06500,0.09050,72.56510
python,medium_numeric_incr,10000,99,0.6415,15588.12,0.05270,0.07710,0.10350,70.57820
python,medium_numeric_incr,10000,100,0.6221,16073.73,0.05050,0.07200,0.09880,75.45640
java,medium_numeric_incr,10000,1,1.1055,9045.85,0.08200,0.15860,0.23720,123.99120
java,medium_numeric_incr,10000,2,1.1016,9078.10,0.07850,0.14520,0.21790,135.90190
java,medium_numeric_incr,10000,3,1.0083,9917.72,0.07290,0.12480,0.17650,125.41180
java,medium_numeric_incr,10000,4,1.0309,9700.71,0.07530,0.12890,0.17990,126.35080
java,medium_numeric_incr,10000,5,1.1359,8803.31,0.08210,0.13190,0.18420,179.28490
java,medium_numeric_incr,10000,6,1.0003,9997.24,0.07370,0.12990,0.17990,115.23770
java,medium_numeric_incr,10000,7,1.2416,8054.36,0.09890,0.16070,0.22790,125.68020
java,medium_numeric_incr,10000,8,1.1468,8719.93,0.08440,0.16330,0.23360,122.46730
java,medium_numeric_incr,10000,9,1.0076,9924.90,0.07260,0.12780,0.19210,120.88920
java,medium_numeric_incr,10000,10,1.0602,9431.91,0.07750,0.15820,0.23170,127.93740
java,medium_numeric_incr,10000,11,0.9944,10056.74,0.07190,0.13380,0.19090,110.89060
java,medium_numeric_incr,10000,12,1.0022,9978.53,0.07060,0.11550,0.15800,159.91210
java,medium_numeric_incr,10000,13,1.0665,9376.87,0.08040,0.13950,0.19040,129.88470
java,medium_numeric_incr,10000,14,1.0087,9914.23,0.07180,0.12210,0.17440,147.35490
java,medium_numeric_incr,10000,15,1.1209,8921.01,0.07710,0.13530,0.18980,173.63630
java,medium_numeric_incr,10000,16,0.9922,10078.62,0.07040,0.11980,0.17260,132.81740
java,medium_numeric_incr,10000,17,0.9862,10140.26,0.07100,0.12250,0.17280,119.50140
java,medium_numeric_incr,10000,18,1.0670,9371.83,0.07380,0.13070,0.17930,153.13220
java,medium_numeric_incr,10000,19,1.0374,9639.70,0.06630,0.11380,0.17040,212.20120
java,medium_numeric_incr,10000,20,1.0212,9792.56,0.07800,0.12460,0.17110,124.55590
java,medium_numeric_incr,10000,21,1.0916,9161.24,0.07460,0.13410,0.20380,180.78700
java,medium_numeric_incr,10000,22,1.0107,9894.59,0.07290,0.12000,0.16370,129.65980
java,medium_numeric_incr,10000,23,1.0796,9262.84,0.07580,0.12120,0.17670,169.62840
java,medium_numeric_incr,10000,24,0.9579,10439.51,0.07020,0.12030,0.16790,108.35070
java,medium_numeric_incr,10000,25,1.0734,9316.06,0.07850,0.14270,0.19860,124.78910
java,medium_numeric_incr,10000,26,1.0376,9637.30,0.06820,0.11380,0.16170,202.36280
java,medium_numeric_incr,10000,27,1.0901,9173.70,0.07530,0.13970,0.19950,173.51150
java,medium_numeric_incr,10000,28,1.0073,9927.21,0.07120,0.13330,0.19340,138.34050
java,medium_numeric_incr,10000,29,1.0424,9593.23,0.07340,0.13410,0.19340,142.40780
java,medium_numeric_incr,10000,30,1.0098,9902.64,0.06730,0.11200,0.16030,198.34790
java,medium_numeric_incr,10000,31,1.0148,9854.21,0.07590,0.12520,0.19360,132.47810
java,medium_numeric_incr,10000,32,1.0546,9482.13,0.07900,0.13570,0.19570,116.79560
java,medium_numeric_incr,10000,33,0.9960,10040.12,0.07120,0.13230,0.20030,128.75470
java,medium_numeric_incr,10000,34,1.0017,9983.30,0.07420,0.13240,0.20830,117.11580
java,medium_numeric_incr,10000,35,1.1657,8578.31,0.08470,0.16370,0.23920,134.65740
java,medium_numeric_incr,10000,36,1.0116,9885.17,0.07330,0.11890,0.17180,138.04480
java,medium_numeric_incr,10000,37,1.0263,9743.77,0.07610,0.13340,0.19130,115.29360
java,medium_numeric_incr,10000,38,0.9756,10250.57,0.06930,0.11960,0.17470,134.34390
java,medium_numeric_incr,10000,39,0.9954,10046.10,0.06890,0.11410,0.15290,170.52870
java,medium_numeric_incr,10000,40,1.0107,9893.68,0.07560,0.13290,0.20360,110.21020
java,medium_numeric_incr,10000,41,1.0725,9324.39,0.07610,0.12250,0.17300,181.84110
java,medium_numeric_incr,10000,42,1.0452,9567.97,0.07640,0.12890,0.20160,127.07340
java,medium_numeric_incr,10000,43,1.0461,9559.39,0.06840,0.11570,0.16190,214.29040
java,medium_numeric_incr,10000,44,1.0439,9579.03,0.07260,0.12250,0.17410,158.23510
java,medium_numeric_incr,10000,45,1.0511,9513.66,0.07500,0.14030,0.21440,133.82130
java,medium_numeric_incr,10000,46,1.1248,8890.14,0.08730,0.13990,0.19480,120.45400
java,medium_numeric_incr,10000,47,1.0364,9649.22,0.07370,0.13650,0.21880,127.40860
java,medium_numeric_incr,10000,48,1.0149,9853.29,0.06670,0.11890,0.17330,195.79810
java,medium_numeric_incr,10000,49,1.0143,9859.49,0.07200,0.12860,0.20250,134.23220
java,medium_numeric_incr,10000,50,1.0036,9963.79,0.07250,0.13020,0.20090,122.29110
java,medium_numeric_incr,10000,51,1.0168,9834.37,0.07190,0.13100,0.20030,146.47270
java,medium_numeric_incr,10000,52,1.0533,9494.32,0.07780,0.13300,0.19490,134.63440
java,medium_numeric_incr,10000,53,0.9752,10254.65,0.07040,0.12130,0.17990,128.83060
java,medium_numeric_incr,10000,54,1.0055,9945.40,0.07000,0.12040,0.17610,150.42980
java,medium_numeric_incr,10000,55,1.1302,8848.04,0.08670,0.14320,0.19900,139.67570
java,medium_numeric_incr,10000,56,1.0493,9530.45,0.07240,0.12950,0.18320,154.71830
java,medium_numeric_incr,10000,57,1.0487,9535.45,0.07060,0.12590,0.17520,176.29900
java,medium_numeric_incr,10000,58,1.0263,9743.76,0.07500,0.13430,0.19760,118.36780
java,medium_numeric_incr,10000,59,0.9967,10032.98,0.07050,0.12200,0.18690,134.05410
java,medium_numeric_incr,10000,60,1.0457,9563.06,0.07410,0.12510,0.16080,157.79710
java,medium_numeric_incr,10000,61,1.0396,9619.41,0.07520,0.12740,0.18290,128.12940
java,medium_numeric_incr,10000,62,1.0317,9692.45,0.07500,0.12240,0.16770,169.13050
java,medium_numeric_incr,10000,63,1.1002,9089.28,0.08500,0.13670,0.19240,140.48960
java,medium_numeric_incr,10000,64,1.1676,8564.31,0.08480,0.17470,0.25460,140.82240
java,medium_numeric_incr,10000,65,1.0955,9127.98,0.08140,0.15090,0.22830,126.58430
java,medium_numeric_incr,10000,66,1.0657,9383.08,0.07770,0.14970,0.22460,130.58660
java,medium_numeric_incr,10000,67,0.9833,10170.05,0.06930,0.12100,0.16540,146.46710
java,medium_numeric_incr,10000,68,1.1744,8515.18,0.09320,0.14970,0.21950,125.83550
java,medium_numeric_incr,10000,69,1.1774,8493.13,0.09120,0.15500,0.21300,130.37730
java,medium_numeric_incr,10000,70,1.2252,8161.66,0.09550,0.16590,0.23870,124.53860
java,medium_numeric_incr,10000,71,1.1024,9070.80,0.08760,0.13940,0.19750,115.08450
java,medium_numeric_incr,10000,72,1.0659,9381.66,0.07750,0.14070,0.20640,118.56520
java,medium_numeric_incr,10000,73,1.1737,8520.09,0.09220,0.15440,0.21640,122.62690
java,medium_numeric_incr,10000,74,1.3165,7596.13,0.10160,0.16850,0.25280,131.73390
java,medium_numeric_incr,10000,75,1.2064,8288.81,0.08730,0.16790,0.24510,148.36800
java,medium_numeric_incr,10000,76,0.9916,10084.47,0.07280,0.12670,0.18070,117.88810
java,medium_numeric_incr,10000,77,1.0410,9605.70,0.07640,0.14030,0.19670,118.95880
java,medium_numeric_incr,10000,78,1.3127,7618.06,0.10150,0.18440,0.26590,134.13100
java,medium_numeric_incr,10000,79,1.2093,8269.18,0.09050,0.14370,0.20520,196.13850
java,medium_numeric_incr,10000,80,1.0632,9405.96,0.07570,0.14140,0.21760,129.04710
java,medium_numeric_incr,10000,81,0.9932,10068.85,0.06990,0.11990,0.17160,141.74110
java,medium_numeric_incr,10000,82,0.9898,10103.18,0.07120,0.12240,0.17060,120.05280
java,medium_numeric_incr,10000,83,0.9860,10142.10,0.06890,0.12270,0.17400,138.47900
java,medium_numeric_incr,10000,84,1.1557,8653.12,0.08360,0.17030,0.24610,136.24690
java,medium_numeric_incr,10000,85,1.0698,9347.22,0.07640,0.15000,0.23960,132.14970
java,medium_numeric_incr,10000,86,1.0333,9678.07,0.07010,0.11810,0.15940,173.68580
java,medium_numeric_incr,10000,87,1.0687,9357.15,0.07650,0.13250,0.17890,158.49720
java,medium_numeric_incr,10000,88,1.0688,9356.58,0.07920,0.13540,0.19720,124.17120
java,medium_numeric_incr,10000,89,0.9853,10149.18,0.07250,0.12590,0.18010,108.58670
java,medium_numeric_incr,10000,90,0.9784,10220.86,0.07200,0.12460,0.18460,107.10500
java,medium_numeric_incr,10000,91,0.9933,10067.94,0.07050,0.12380,0.18350,131.19730
java,medium_numeric_incr,10000,92,1.0389,9625.56,0.07900,0.13080,0.18680,111.93370
java,medium_numeric_incr,10000,93,1.0396,9619.09,0.07450,0.13530,0.20940,129.00400
java,medium_numeric_incr,10000,94,1.0669,9373.18,0.07650,0.13530,0.21730,133.43450
java,medium_numeric_incr,10000,95,1.0197,9806.97,0.06870,0.11660,0.16650,178.61100
java,medium_numeric_incr,10000,96,1.0655,9385.17,0.07560,0.13050,0.18860,156.22420
java,medium_numeric_incr,10000,97,1.0177,9825.70,0.07090,0.13400,0.19910,159.29840
java,medium_numeric_incr,10000,98,1.0429,9589.09,0.07480,0.13990,0.20900,134.06700
java,medium_numeric_incr,10000,99,0.9976,10024.28,0.06920,0.11890,0.17210,152.25170
java,medium_numeric_incr,10000,100,1.0600,9433.81,0.08140,0.13470,0.18680,119.64610
rust,medium_numeric_incr,10000,1,0.4564,21912.55,0.04130,0.05340,0.07210,24.06180
rust,medium_numeric_incr,10000,2,0.4352,22977.39,0.04010,0.05310,0.07150,16.93760
rust,medium_numeric_incr,10000,3,0.4154,24071.29,0.03850,0.04800,0.06240,16.03090
rust,medium_numeric_incr,10000,4,0.4286,23333.69,0.03940,0.05250,0.07170,16.29870
rust,medium_numeric_incr,10000,5,0.4650,21504.03,0.04220,0.06010,0.07770,16.30440
rust,medium_numeric_incr,10000,6,0.5102,19600.31,0.04650,0.06520,0.08230,18.94030
rust,medium_numeric_incr,10000,7,0.4754,21035.27,0.04370,0.05950,0.07850,18.02680
rust,medium_numeric_incr,10000,8,0.4905,20386.29,0.04490,0.06230,0.08220,18.70640
rust,medium_numeric_incr,10000,9,0.4711,21226.71,0.04300,0.06010,0.07790,17.11210
rust,medium_numeric_incr,10000,10,0.4460,22421.13,0.04120,0.05210,0.06820,17.55880
rust,medium_numeric_incr,10000,11,0.4506,22191.60,0.04070,0.05670,0.07520,20.07150
rust,medium_numeric_incr,10000,12,0.4436,22542.95,0.04090,0.05130,0.06490,19.72880
rust,medium_numeric_incr,10000,13,0.4470,22369.46,0.04070,0.05680,0.07610,16.79770
rust,medium_numeric_incr,10000,14,0.4842,20651.26,0.04400,0.06010,0.07740,20.74020
rust,medium_numeric_incr,10000,15,0.4407,22690.76,0.04070,0.05290,0.07230,16.98950
rust,medium_numeric_incr,10000,16,0.4817,20758.33,0.04380,0.06080,0.07950,19.58960
rust,medium_numeric_incr,10000,17,0.4316,23169.49,0.03990,0.05050,0.06610,17.46650
rust,medium_numeric_incr,10000,18,0.5432,18409.83,0.04900,0.07570,0.10060,17.17400
rust,medium_numeric_incr,10000,19,0.5188,19275.84,0.04690,0.06430,0.08450,24.56380
rust,medium_numeric_incr,10000,20,0.4788,20886.82,0.04350,0.05990,0.07780,20.33880
rust,medium_numeric_incr,10000,21,0.4290,23312.33,0.03980,0.04890,0.06270,17.23210
rust,medium_numeric_incr,10000,22,0.4912,20360.37,0.04410,0.06330,0.08230,19.86390
rust,medium_numeric_incr,10000,23,0.4464,22402.97,0.04110,0.05230,0.07020,18.49790
rust,medium_numeric_incr,10000,24,0.4693,21310.16,0.04250,0.06020,0.08090,16.41930
rust,medium_numeric_incr,10000,25,0.4458,22430.93,0.04130,0.05240,0.06900,17.87920
rust,medium_numeric_incr,10000,26,0.4665,21436.11,0.04210,0.06040,0.08070,16.61670
rust,medium_numeric_incr,10000,27,0.4886,20468.18,0.04450,0.06080,0.07850,19.70540
rust,medium_numeric_incr,10000,28,0.4620,21645.57,0.04190,0.05800,0.07750,17.46270
rust,medium_numeric_incr,10000,29,0.5018,19927.00,0.04540,0.06330,0.08190,22.04650
rust,medium_numeric_incr,10000,30,0.5043,19828.41,0.04590,0.06310,0.08320,19.65920
rust,medium_numeric_incr,10000,31,0.4557,21944.35,0.04150,0.05660,0.07400,18.66240
rust,medium_numeric_incr,10000,32,0.4372,22873.29,0.04010,0.05280,0.06890,17.30500
rust,medium_numeric_incr,10000,33,0.4926,20299.38,0.04470,0.06250,0.08320,18.39430
rust,medium_numeric_incr,10000,34,0.4647,21520.66,0.04220,0.05730,0.07620,19.81130
rust,medium_numeric_incr,10000,35,0.4721,21180.29,0.04300,0.05860,0.07710,19.11530
rust,medium_numeric_incr,10000,36,0.4404,22708.75,0.04060,0.05340,0.06940,17.64960
rust,medium_numeric_incr,10000,37,0.4446,22489.94,0.04080,0.05350,0.07010,18.07680
rust,medium_numeric_incr,10000,38,0.4308,23214.36,0.03990,0.05250,0.07030,16.42120
rust,medium_numeric_incr,10000,39,0.4617,21659.48,0.04240,0.05690,0.07470,16.53900
rust,medium_numeric_incr,10000,40,0.4435,22548.48,0.04050,0.05310,0.07190,20.65340
rust,medium_numeric_incr,10000,41,0.4578,21845.58,0.04160,0.05850,0.07450,16.31600
rust,medium_numeric_incr,10000,42,0.4706,21250.10,0.04280,0.05850,0.07670,19.68730
rust,medium_numeric_incr,10000,43,0.4631,21593.80,0.04200,0.05920,0.07740,17.48700
rust,medium_numeric_incr,10000,44,0.4792,20866.32,0.04340,0.05870,0.07710,20.98100
rust,medium_numeric_incr,10000,45,0.4597,21751.66,0.04170,0.05790,0.07630,17.31320
rust,medium_numeric_incr,10000,46,0.4516,22145.71,0.04150,0.05350,0.06880,18.83780
rust,medium_numeric_incr,10000,47,0.4486,22290.11,0.04080,0.05720,0.07860,16.32740
rust,medium_numeric_incr,10000,48,0.4759,21014.86,0.04340,0.05950,0.07800,19.15380
rust,medium_numeric_incr,10000,49,0.4268,23429.90,0.03930,0.04980,0.06420,17.28920
rust,medium_numeric_incr,10000,50,0.4217,23712.57,0.03880,0.05060,0.06760,16.47840
rust,medium_numeric_incr,10000,51,0.4335,23066.24,0.03990,0.05170,0.06800,17.52550
rust,medium_numeric_incr,10000,52,0.5093,19636.60,0.04580,0.06950,0.09300,16.84600
rust,medium_numeric_incr,10000,53,0.5432,18409.88,0.04910,0.07100,0.09060,21.69950
rust,medium_numeric_incr,10000,54,0.4910,20365.09,0.04480,0.06130,0.07940,19.31000
rust,medium_numeric_incr,10000,55,0.4454,22450.88,0.04090,0.05370,0.07280,17.66800
rust,medium_numeric_incr,10000,56,0.4608,21699.39,0.04210,0.05640,0.07310,16.86010
rust,medium_numeric_incr,10000,57,0.4478,22330.80,0.04120,0.05410,0.07380,17.99210
rust,medium_numeric_incr,10000,58,0.4614,21671.08,0.04180,0.05800,0.07570,16.51970
rust,medium_numeric_incr,10000,59,0.4488,22283.44,0.04130,0.05320,0.07010,17.91180
rust,medium_numeric_incr,10000,60,0.4501,22217.75,0.04080,0.05610,0.07180,18.75370
rust,medium_numeric_incr,10000,61,0.4781,20916.92,0.04360,0.05860,0.07450,19.65900
rust,medium_numeric_incr,10000,62,0.4550,21976.29,0.04120,0.05700,0.07550,18.78950
rust,medium_numeric_incr,10000,63,0.4350,22990.10,0.04020,0.05110,0.06630,16.80070
rust,medium_numeric_incr,10000,64,0.4293,23292.29,0.03950,0.05170,0.07020,17.69060
rust,medium_numeric_incr,10000,65,0.4694,21303.15,0.04270,0.05860,0.07550,19.12120
rust,medium_numeric_incr,10000,66,0.4391,22775.70,0.04060,0.05300,0.07120,16.79640
rust,medium_numeric_incr,10000,67,0.4845,20641.77,0.04410,0.06200,0.07960,16.40270
rust,medium_numeric_incr,10000,68,0.4482,22312.13,0.04130,0.05280,0.06900,17.75000
rust,medium_numeric_incr,10000,69,0.4711,21228.81,0.04260,0.06030,0.07860,18.04060
rust,medium_numeric_incr,10000,70,0.4389,22786.19,0.04050,0.05110,0.06470,18.12390
rust,medium_numeric_incr,10000,71,0.4533,22058.81,0.04150,0.05770,0.07920,16.10640
rust,medium_numeric_incr,10000,72,0.4285,23339.09,0.03970,0.04940,0.06100,17.17490
rust,medium_numeric_incr,10000,73,0.4416,22646.97,0.04030,0.05620,0.07510,15.98310
rust,medium_numeric_incr,10000,74,0.4751,21048.41,0.04330,0.05930,0.07650,19.19310
rust,medium_numeric_incr,10000,75,0.4875,20512.22,0.04430,0.06180,0.08210,18.69260
rust,medium_numeric_incr,10000,76,0.5036,19856.85,0.04590,0.06340,0.08440,19.30610
rust,medium_numeric_incr,10000,77,0.4685,21346.44,0.04210,0.06170,0.08330,18.08320
rust,medium_numeric_incr,10000,78,0.5328,18769.35,0.04670,0.06860,0.08940,32.85350
rust,medium_numeric_incr,10000,79,0.4406,22698.15,0.04020,0.05350,0.07130,17.47700
rust,medium_numeric_incr,10000,80,0.4788,20885.62,0.04330,0.06020,0.07970,21.20350
rust,medium_numeric_incr,10000,81,0.4215,23724.47,0.03910,0.04830,0.06000,16.82390
rust,medium_numeric_incr,10000,82,0.4872,20525.37,0.04410,0.06320,0.08310,17.76780
rust,medium_numeric_incr,10000,83,0.4434,22555.27,0.04080,0.05220,0.06750,18.07740
rust,medium_numeric_incr,10000,84,0.4762,20997.68,0.04310,0.06310,0.08360,16.30200
rust,medium_numeric_incr,10000,85,0.4608,21700.66,0.04190,0.05540,0.07560,20.69730
rust,medium_numeric_incr,10000,86,0.4667,21424.78,0.04220,0.06030,0.08110,16.35080
rust,medium_numeric_incr,10000,87,0.4715,21208.56,0.04240,0.05720,0.07590,24.11970
rust,medium_numeric_incr,10000,88,0.4599,21744.89,0.04180,0.05790,0.07680,16.89730
rust,medium_numeric_incr,10000,89,0.4529,22079.27,0.04140,0.05460,0.07130,18.81030
rust,medium_numeric_incr,10000,90,0.4382,22819.56,0.04020,0.05370,0.06960,16.50180
rust,medium_numeric_incr,10000,91,0.4481,22317.00,0.04110,0.05440,0.07630,17.74650
rust,medium_numeric_incr,10000,92,0.4360,22933.74,0.03990,0.05290,0.07160,18.12710
rust,medium_numeric_incr,10000,93,0.5048,19809.94,0.04570,0.06430,0.08470,19.30120
rust,medium_numeric_incr,10000,94,0.4597,21751.49,0.04190,0.05530,0.07630,18.76480
rust,medium_numeric_incr,10000,95,0.4266,23442.09,0.03980,0.05000,0.06710,17.08570
rust,medium_numeric_incr,10000,96,0.4341,23038.47,0.03990,0.05310,0.07090,17.62480
rust,medium_numeric_incr,10000,97,0.5262,19004.79,0.04740,0.06900,0.08630,19.40020
rust,medium_numeric_incr,10000,98,0.5115,19551.74,0.04620,0.06460,0.08480,21.60090
rust,medium_numeric_incr,10000,99,0.4886,20465.76,0.04480,0.06070,0.07650,18.90640
rust,medium_numeric_incr,10000,100,0.4479,22324.13,0.04100,0.05410,0.07300,20.65180
python,medium_read_heavy,10000,1,0.6838,14625.16,0.05480,0.08140,0.10940,73.48800
python,medium_read_heavy,10000,2,0.6857,14584.07,0.05450,0.07780,0.10040,92.57710
python,medium_read_heavy,10000,3,0.6667,14999.52,0.05410,0.07760,0.09930,73.95100
python,medium_read_heavy,10000,4,0.5909,16924.42,0.04830,0.06480,0.08480,68.88540
python,medium_read_heavy,10000,5,0.5974,16738.74,0.04890,0.06470,0.08630,69.04820
python,medium_read_heavy,10000,6,0.6210,16103.82,0.05010,0.06830,0.08720,71.77300
python,medium_read_heavy,10000,7,0.6258,15979.48,0.05030,0.07640,0.10020,71.88480
python,medium_read_heavy,10000,8,0.5829,17155.07,0.04830,0.06190,0.08080,71.09930
python,medium_read_heavy,10000,9,0.5822,17177.10,0.04800,0.06630,0.08390,66.22750
python,medium_read_heavy,10000,10,0.6085,16433.96,0.04990,0.06710,0.08900,74.81190
python,medium_read_heavy,10000,11,0.6257,15982.97,0.05240,0.07200,0.09040,63.75010
python,medium_read_heavy,10000,12,0.7014,14257.26,0.05530,0.07770,0.10250,107.79970
python,medium_read_heavy,10000,13,0.5794,17259.85,0.04810,0.06160,0.08180,71.14460
python,medium_read_heavy,10000,14,0.5929,16866.36,0.04960,0.06970,0.09060,63.00190
python,medium_read_heavy,10000,15,0.5732,17445.18,0.04770,0.06140,0.08180,69.65290
python,medium_read_heavy,10000,16,0.6101,16390.91,0.05050,0.07000,0.09120,69.51260
python,medium_read_heavy,10000,17,0.5683,17597.88,0.04710,0.06150,0.08140,67.83400
python,medium_read_heavy,10000,18,0.5605,17841.44,0.04680,0.06250,0.08310,62.86050
python,medium_read_heavy,10000,19,0.6152,16254.09,0.05100,0.07110,0.08970,65.03280
python,medium_read_heavy,10000,20,0.5901,16946.54,0.04860,0.06560,0.08990,72.90980
python,medium_read_heavy,10000,21,0.5772,17326.19,0.04820,0.06300,0.08300,65.10500
python,medium_read_heavy,10000,22,0.5653,17689.11,0.04680,0.06340,0.08630,63.75410
python,medium_read_heavy,10000,23,0.5881,17002.71,0.04840,0.06390,0.08470,73.52490
python,medium_read_heavy,10000,24,0.5898,16955.98,0.04910,0.06730,0.08710,63.92430
python,medium_read_heavy,10000,25,0.5638,17735.63,0.04690,0.06040,0.08150,66.49410
python,medium_read_heavy,10000,26,0.5814,17200.42,0.04860,0.06610,0.08810,63.14950
python,medium_read_heavy,10000,27,0.5493,18206.36,0.04600,0.06020,0.08070,61.79680
python,medium_read_heavy,10000,28,0.5443,18373.76,0.04560,0.05660,0.07700,64.14160
python,medium_read_heavy,10000,29,0.6112,16362.23,0.05020,0.07540,0.09860,60.74100
python,medium_read_heavy,10000,30,0.6009,16642.67,0.04930,0.06360,0.08380,78.60990
python,medium_read_heavy,10000,31,0.6158,16237.74,0.05100,0.07360,0.09320,65.73400
python,medium_read_heavy,10000,32,0.5788,17276.50,0.04810,0.05990,0.08160,70.90370
python,medium_read_heavy,10000,33,0.5911,16918.24,0.04840,0.06350,0.08400,79.26160
python,medium_read_heavy,10000,34,0.5667,17646.29,0.04680,0.06490,0.08330,63.61110
python,medium_read_heavy,10000,35,0.5736,17434.19,0.04740,0.06190,0.08320,71.03690
python,medium_read_heavy,10000,36,0.5907,16928.35,0.04930,0.07040,0.09020,60.11760
python,medium_read_heavy,10000,37,0.6238,16031.85,0.05140,0.06990,0.08960,78.13330
python,medium_read_heavy,10000,38,0.6632,15078.67,0.05380,0.07660,0.10250,82.74240
python,medium_read_heavy,10000,39,0.5733,17443.46,0.04750,0.06450,0.08430,64.25210
python,medium_read_heavy,10000,40,0.5696,17557.26,0.04750,0.06200,0.08550,66.42970
python,medium_read_heavy,10000,41,0.5919,16895.60,0.04930,0.06990,0.08890,62.77890
python,medium_read_heavy,10000,42,0.5708,17520.44,0.04730,0.06020,0.08530,70.76490
python,medium_read_heavy,10000,43,0.6095,16407.62,0.05070,0.06940,0.09240,66.51800
python,medium_read_heavy,10000,44,0.5683,17595.50,0.04710,0.06250,0.08240,67.85640
python,medium_read_heavy,10000,45,0.5664,17655.69,0.04720,0.06260,0.08460,65.21860
python,medium_read_heavy,10000,46,0.5911,16916.28,0.04890,0.06860,0.08760,65.27490
python,medium_read_heavy,10000,47,0.6397,15632.18,0.05260,0.07270,0.09650,78.41960
python,medium_read_heavy,10000,48,0.5849,17098.23,0.04850,0.06360,0.08490,69.47840
python,medium_read_heavy,10000,49,0.5670,17636.64,0.04710,0.06390,0.08220,65.10000
python,medium_read_heavy,10000,50,0.5949,16808.41,0.04920,0.06430,0.08550,73.78310
python,medium_read_heavy,10000,51,0.5966,16760.46,0.04970,0.06890,0.08920,65.04930
python,medium_read_heavy,10000,52,0.5715,17496.84,0.04740,0.06290,0.08530,66.79670
python,medium_read_heavy,10000,53,0.6130,16313.00,0.05050,0.06850,0.08940,73.21260
python,medium_read_heavy,10000,54,0.5766,17343.80,0.04760,0.06550,0.08690,67.48170
python,medium_read_heavy,10000,55,0.6126,16324.85,0.04990,0.06900,0.09060,79.89070
python,medium_read_heavy,10000,56,0.5690,17574.72,0.04750,0.06250,0.08150,64.11930
python,medium_read_heavy,10000,57,0.5666,17647.79,0.04720,0.06200,0.08350,67.09370
python,medium_read_heavy,10000,58,0.6020,16612.67,0.05060,0.06940,0.09170,61.69630
python,medium_read_heavy,10000,59,0.5670,17637.52,0.04700,0.06130,0.08340,68.21020
python,medium_read_heavy,10000,60,0.6070,16473.41,0.04980,0.06720,0.08680,77.62390
python,medium_read_heavy,10000,61,0.5861,17062.18,0.04820,0.06330,0.08240,72.46150
python,medium_read_heavy,10000,62,0.5722,17477.77,0.04740,0.06420,0.08530,65.01470
python,medium_read_heavy,10000,63,0.5830,17151.37,0.04880,0.06590,0.08310,64.98430
python,medium_read_heavy,10000,64,0.6367,15705.99,0.05260,0.07540,0.09840,69.44420
python,medium_read_heavy,10000,65,0.6397,15631.96,0.05210,0.07180,0.09580,85.40870
python,medium_read_heavy,10000,66,0.5941,16832.31,0.04940,0.06770,0.08670,66.55150
python,medium_read_heavy,10000,67,0.5773,17322.57,0.04790,0.06380,0.08640,68.25930
python,medium_read_heavy,10000,68,0.6150,16260.31,0.05140,0.07190,0.09140,65.21380
python,medium_read_heavy,10000,69,0.5600,17857.06,0.04670,0.05860,0.08130,68.81790
python,medium_read_heavy,10000,70,0.5524,18101.88,0.04620,0.06200,0.08400,60.96140
python,medium_read_heavy,10000,71,0.5629,17766.34,0.04670,0.06160,0.08190,66.68210
python,medium_read_heavy,10000,72,0.5686,17586.14,0.04690,0.06220,0.08470,70.44990
python,medium_read_heavy,10000,73,0.6069,16477.25,0.05030,0.07160,0.09360,66.20780
python,medium_read_heavy,10000,74,0.5858,17070.50,0.04850,0.06190,0.08140,73.68820
python,medium_read_heavy,10000,75,0.6032,16579.21,0.04950,0.06670,0.08780,77.18880
python,medium_read_heavy,10000,76,0.5691,17572.37,0.04700,0.06560,0.08390,62.90240
python,medium_read_heavy,10000,77,0.5801,17239.07,0.04790,0.06220,0.08460,73.03610
python,medium_read_heavy,10000,78,0.5782,17293.82,0.04840,0.06530,0.08600,61.99780
python,medium_read_heavy,10000,79,0.5612,17819.60,0.04660,0.05950,0.08120,68.19940
python,medium_read_heavy,10000,80,0.6074,16464.65,0.05090,0.07130,0.09670,62.36370
python,medium_read_heavy,10000,81,0.5751,17386.97,0.04740,0.06160,0.08160,69.74980
python,medium_read_heavy,10000,82,0.6806,14693.35,0.05530,0.07830,0.10180,86.97050
python,medium_read_heavy,10000,83,0.6051,16527.56,0.05050,0.06860,0.08970,66.48960
python,medium_read_heavy,10000,84,0.5731,17450.21,0.04740,0.06260,0.08370,70.20190
python,medium_read_heavy,10000,85,0.6026,16594.42,0.05000,0.06770,0.08910,68.84570
python,medium_read_heavy,10000,86,0.5718,17488.12,0.04780,0.06380,0.08220,64.34460
python,medium_read_heavy,10000,87,0.5718,17488.23,0.04760,0.06370,0.08340,65.21120
python,medium_read_heavy,10000,88,0.5531,18079.68,0.04620,0.05840,0.07810,65.37570
python,medium_read_heavy,10000,89,0.5516,18128.59,0.04630,0.06070,0.08210,60.26690
python,medium_read_heavy,10000,90,0.6288,15902.85,0.05190,0.07130,0.09000,72.24240
python,medium_read_heavy,10000,91,0.5855,17080.64,0.04870,0.06490,0.08480,69.83690
python,medium_read_heavy,10000,92,0.5428,18424.69,0.04560,0.05600,0.07610,62.86230
python,medium_read_heavy,10000,93,0.5721,17478.86,0.04740,0.06620,0.08750,63.27270
python,medium_read_heavy,10000,94,0.6106,16377.27,0.05060,0.06860,0.08740,72.38600
python,medium_read_heavy,10000,95,0.5927,16872.53,0.04920,0.06830,0.09060,66.79110
python,medium_read_heavy,10000,96,0.5672,17630.44,0.04720,0.06130,0.07990,66.97840
python,medium_read_heavy,10000,97,0.6511,15357.94,0.05350,0.07720,0.09740,75.79020
python,medium_read_heavy,10000,98,0.5752,17384.93,0.04790,0.06230,0.07960,69.27260
python,medium_read_heavy,10000,99,0.5927,16872.74,0.04880,0.06720,0.08810,68.18750
python,medium_read_heavy,10000,100,0.6437,15536.29,0.05340,0.07460,0.09280,72.12450
java,medium_read_heavy,10000,1,1.0410,9605.88,0.07910,0.13410,0.19680,104.56930
java,medium_read_heavy,10000,2,1.1813,8464.97,0.09410,0.13940,0.19310,157.76250
java,medium_read_heavy,10000,3,1.7086,5852.74,0.12020,0.32900,0.60000,137.13440
java,medium_read_heavy,10000,4,1.0893,9179.92,0.07950,0.15290,0.24280,146.55400
java,medium_read_heavy,10000,5,1.0032,9968.37,0.07320,0.13210,0.19980,115.54950
java,medium_read_heavy,10000,6,1.0006,9994.32,0.06970,0.11880,0.16820,155.89390
java,medium_read_heavy,10000,7,0.9889,10112.03,0.06980,0.11650,0.16550,144.28960
java,medium_read_heavy,10000,8,0.9602,10414.42,0.07040,0.12460,0.17810,113.93860
java,medium_read_heavy,10000,9,1.1222,8910.82,0.08560,0.13420,0.17740,174.94830
java,medium_read_heavy,10000,10,1.0421,9595.95,0.07590,0.14350,0.20250,125.41950
java,medium_read_heavy,10000,11,1.2091,8270.87,0.09100,0.16730,0.24260,127.06170
java,medium_read_heavy,10000,12,0.9975,10024.71,0.07090,0.12610,0.19500,135.34180
java,medium_read_heavy,10000,13,0.9998,10002.11,0.07260,0.12970,0.18990,123.94520
java,medium_read_heavy,10000,14,1.0178,9824.82,0.07320,0.13700,0.20620,137.43790
java,medium_read_heavy,10000,15,0.9568,10452.04,0.06970,0.12400,0.19310,119.09370
java,medium_read_heavy,10000,16,1.0152,9850.30,0.07490,0.12470,0.19060,111.55080
java,medium_read_heavy,10000,17,1.0424,9593.18,0.07430,0.13810,0.19340,148.69020
java,medium_read_heavy,10000,18,0.9920,10080.67,0.07210,0.12770,0.19410,115.96360
java,medium_read_heavy,10000,19,1.1320,8834.16,0.08570,0.14040,0.18620,153.41230
java,medium_read_heavy,10000,20,1.0130,9871.40,0.07310,0.12930,0.19070,120.42010
java,medium_read_heavy,10000,21,0.9342,10704.43,0.06910,0.11980,0.17500,110.66790
java,medium_read_heavy,10000,22,1.0039,9961.42,0.07310,0.13580,0.20560,120.24070
java,medium_read_heavy,10000,23,1.0102,9898.76,0.06850,0.11610,0.16530,166.39760
java,medium_read_heavy,10000,24,0.9580,10438.39,0.06890,0.12240,0.17620,120.15550
java,medium_read_heavy,10000,25,0.9693,10316.88,0.07090,0.12190,0.17610,112.85000
java,medium_read_heavy,10000,26,1.0696,9349.06,0.07730,0.14250,0.20180,123.77030
java,medium_read_heavy,10000,27,0.9761,10244.46,0.07210,0.12540,0.17690,108.71490
java,medium_read_heavy,10000,28,1.0487,9535.39,0.07160,0.13440,0.18620,151.17100
java,medium_read_heavy,10000,29,1.4098,7093.08,0.10830,0.21380,0.29980,158.38100
java,medium_read_heavy,10000,30,1.2262,8155.20,0.09400,0.16990,0.26020,144.60510
java,medium_read_heavy,10000,31,1.1949,8368.81,0.09220,0.16150,0.23620,130.87310
java,medium_read_heavy,10000,32,1.2031,8311.54,0.09470,0.15980,0.22460,133.75090
java,medium_read_heavy,10000,33,1.2578,7950.28,0.09250,0.18630,0.26180,146.97310
java,medium_read_heavy,10000,34,0.9676,10334.70,0.06960,0.11740,0.16690,150.91940
java,medium_read_heavy,10000,35,1.0334,9676.57,0.07720,0.13370,0.19540,115.16980
java,medium_read_heavy,10000,36,0.9911,10089.82,0.07030,0.12170,0.18060,129.41250
java,medium_read_heavy,10000,37,1.0410,9605.90,0.06880,0.11360,0.16270,205.13630
java,medium_read_heavy,10000,38,1.0745,9307.06,0.07230,0.12200,0.17180,210.33340
java,medium_read_heavy,10000,39,1.1061,9040.92,0.07890,0.13760,0.19870,155.36740
java,medium_read_heavy,10000,40,0.9816,10187.10,0.07000,0.12120,0.17460,141.16150
java,medium_read_heavy,10000,41,0.9734,10273.62,0.07000,0.11940,0.17700,135.91820
java,medium_read_heavy,10000,42,1.0188,9815.30,0.07340,0.12630,0.18720,139.29920
java,medium_read_heavy,10000,43,0.9813,10190.53,0.06900,0.11610,0.17010,152.16920
java,medium_read_heavy,10000,44,1.0317,9692.30,0.07250,0.12570,0.16950,159.91810
java,medium_read_heavy,10000,45,1.0128,9873.81,0.07150,0.12900,0.18500,136.64740
java,medium_read_heavy,10000,46,1.0367,9645.96,0.07100,0.12540,0.16570,174.38630
java,medium_read_heavy,10000,47,1.0092,9909.04,0.07480,0.13940,0.21400,116.89750
java,medium_read_heavy,10000,48,1.0600,9433.97,0.07600,0.15570,0.22540,138.91770
java,medium_read_heavy,10000,49,1.0753,9299.84,0.08060,0.13380,0.19570,122.69100
java,medium_read_heavy,10000,50,1.0305,9704.44,0.07010,0.11910,0.15790,194.10490
java,medium_read_heavy,10000,51,0.9767,10238.49,0.07260,0.12830,0.18190,112.09530
java,medium_read_heavy,10000,52,0.9923,10077.34,0.07260,0.13230,0.20320,122.18720
java,medium_read_heavy,10000,53,1.0253,9753.43,0.07430,0.14360,0.20990,127.88950
java,medium_read_heavy,10000,54,1.0552,9476.47,0.07960,0.12940,0.17940,139.85140
java,medium_read_heavy,10000,55,1.0077,9923.55,0.07320,0.13270,0.20640,116.29530
java,medium_read_heavy,10000,56,0.9986,10013.54,0.07050,0.12590,0.18150,129.58540
java,medium_read_heavy,10000,57,1.0091,9909.59,0.07120,0.12700,0.18390,126.45550
java,medium_read_heavy,10000,58,0.9871,10130.58,0.07100,0.12360,0.17330,119.70720
java,medium_read_heavy,10000,59,1.0907,9168.07,0.07790,0.12320,0.16360,198.12570
java,medium_read_heavy,10000,60,1.0474,9547.43,0.07630,0.12750,0.17510,141.19640
java,medium_read_heavy,10000,61,0.9955,10044.81,0.07020,0.11980,0.17530,149.02340
java,medium_read_heavy,10000,62,1.0157,9845.70,0.07590,0.12630,0.18060,104.79800
java,medium_read_heavy,10000,63,1.0595,9438.55,0.08260,0.13310,0.19420,127.20540
java,medium_read_heavy,10000,64,1.0358,9654.12,0.07510,0.13120,0.18110,126.62730
java,medium_read_heavy,10000,65,1.0089,9911.40,0.07270,0.12000,0.16460,160.49420
java,medium_read_heavy,10000,66,1.0469,9551.57,0.07750,0.13060,0.18150,113.90140
java,medium_read_heavy,10000,67,1.0493,9530.59,0.07360,0.12230,0.17360,178.21140
java,medium_read_heavy,10000,68,0.9907,10094.31,0.06970,0.11810,0.16870,144.48400
java,medium_read_heavy,10000,69,1.0886,9186.19,0.08500,0.14130,0.21560,115.69340
java,medium_read_heavy,10000,70,1.3288,7525.43,0.10290,0.18990,0.25610,141.20790
java,medium_read_heavy,10000,71,1.0294,9714.25,0.07480,0.13790,0.20430,135.16570
java,medium_read_heavy,10000,72,0.9863,10139.01,0.07230,0.13040,0.21260,118.90240
java,medium_read_heavy,10000,73,1.0112,9889.33,0.07510,0.12950,0.17690,108.96230
java,medium_read_heavy,10000,74,1.0162,9840.78,0.07530,0.13390,0.20270,115.70220
java,medium_read_heavy,10000,75,1.0210,9794.38,0.07560,0.13510,0.19620,127.01910
java,medium_read_heavy,10000,76,1.0547,9481.61,0.07720,0.14210,0.19710,117.85270
java,medium_read_heavy,10000,77,0.9711,10297.38,0.06890,0.11860,0.16610,130.41850
java,medium_read_heavy,10000,78,0.9881,10120.48,0.07040,0.12160,0.17060,127.11970
java,medium_read_heavy,10000,79,1.0376,9637.18,0.07580,0.12820,0.18040,135.13860
java,medium_read_heavy,10000,80,1.0211,9793.61,0.07420,0.13400,0.20410,128.11140
java,medium_read_heavy,10000,81,1.0511,9513.95,0.07550,0.12110,0.17090,154.46700
java,medium_read_heavy,10000,82,1.0208,9796.50,0.07240,0.12320,0.17090,141.89310
java,medium_read_heavy,10000,83,1.0563,9467.31,0.08080,0.13390,0.18530,123.73150
java,medium_read_heavy,10000,84,0.9963,10037.57,0.07530,0.12660,0.18040,114.51410
java,medium_read_heavy,10000,85,0.9477,10552.38,0.07050,0.12280,0.18600,112.42780
java,medium_read_heavy,10000,86,0.9562,10458.36,0.06910,0.11590,0.16820,125.08300
java,medium_read_heavy,10000,87,1.0046,9954.55,0.07460,0.12080,0.17090,128.38760
java,medium_read_heavy,10000,88,1.0409,9606.77,0.07150,0.11990,0.17710,174.06620
java,medium_read_heavy,10000,89,0.9803,10201.04,0.07330,0.12490,0.18680,111.45890
java,medium_read_heavy,10000,90,1.0393,9621.83,0.07610,0.14940,0.22590,120.46920
java,medium_read_heavy,10000,91,1.0811,9250.12,0.08450,0.13550,0.20040,117.26180
java,medium_read_heavy,10000,92,1.0289,9719.02,0.07150,0.11960,0.15980,169.87890
java,medium_read_heavy,10000,93,1.0472,9549.20,0.07300,0.12170,0.16990,166.67800
java,medium_read_heavy,10000,94,0.9880,10121.36,0.06880,0.11860,0.17550,149.50370
java,medium_read_heavy,10000,95,1.0181,9822.19,0.07420,0.12330,0.17390,137.32820
java,medium_read_heavy,10000,96,1.0363,9650.03,0.07720,0.13440,0.19490,110.93200
java,medium_read_heavy,10000,97,1.0224,9780.66,0.07000,0.12330,0.17750,166.61770
java,medium_read_heavy,10000,98,0.9876,10125.07,0.06900,0.11940,0.16350,169.54080
java,medium_read_heavy,10000,99,0.9755,10251.07,0.07120,0.12320,0.17610,120.14900
java,medium_read_heavy,10000,100,1.0622,9414.33,0.07580,0.13020,0.18920,161.02250
rust,medium_read_heavy,10000,1,0.4989,20044.79,0.04320,0.06160,0.09430,34.85340
rust,medium_read_heavy,10000,2,0.4295,23285.14,0.03960,0.05250,0.07060,16.45220
rust,medium_read_heavy,10000,3,0.4564,21908.88,0.04140,0.05760,0.07530,16.10120
rust,medium_read_heavy,10000,4,0.4338,23052.02,0.03980,0.05080,0.06620,17.77390
rust,medium_read_heavy,10000,5,0.4541,22023.88,0.04090,0.05910,0.07870,16.37270
rust,medium_read_heavy,10000,6,0.4463,22404.87,0.04090,0.05230,0.06590,19.80130
rust,medium_read_heavy,10000,7,0.4482,22309.84,0.04060,0.05800,0.07850,16.29510
rust,medium_read_heavy,10000,8,0.4607,21705.27,0.04190,0.05610,0.07050,19.84990
rust,medium_read_heavy,10000,9,0.4316,23168.32,0.03980,0.05250,0.07010,16.05720
rust,medium_read_heavy,10000,10,0.4472,22360.38,0.04090,0.05480,0.07410,17.34830
rust,medium_read_heavy,10000,11,0.4190,23865.97,0.03900,0.04870,0.06330,16.61310
rust,medium_read_heavy,10000,12,0.4696,21293.39,0.04240,0.05960,0.08040,17.95330
rust,medium_read_heavy,10000,13,0.4339,23048.37,0.04010,0.05070,0.06540,17.88800
rust,medium_read_heavy,10000,14,0.4625,21623.32,0.04140,0.06120,0.08140,16.39380
rust,medium_read_heavy,10000,15,0.4842,20653.09,0.04400,0.06060,0.07800,20.06550
rust,medium_read_heavy,10000,16,0.4764,20989.11,0.04250,0.06310,0.08420,17.33950
rust,medium_read_heavy,10000,17,0.4533,22060.51,0.04140,0.05460,0.07320,17.91580
rust,medium_read_heavy,10000,18,0.4400,22727.44,0.04020,0.05510,0.07580,16.47950
rust,medium_read_heavy,10000,19,0.4434,22551.99,0.04070,0.05430,0.07340,17.12210
rust,medium_read_heavy,10000,20,0.4243,23568.71,0.03930,0.05050,0.06930,16.34110
rust,medium_read_heavy,10000,21,0.5012,19952.76,0.04450,0.06580,0.08560,23.40530
rust,medium_read_heavy,10000,22,0.4901,20402.31,0.04470,0.06080,0.07780,19.75360
rust,medium_read_heavy,10000,23,0.4852,20612.14,0.04380,0.06230,0.08330,19.45900
rust,medium_read_heavy,10000,24,0.4348,22996.84,0.04020,0.05210,0.07060,17.07510
rust,medium_read_heavy,10000,25,0.4676,21383.78,0.04250,0.05800,0.07930,18.67090
rust,medium_read_heavy,10000,26,0.4507,22185.49,0.04110,0.05560,0.07550,18.15280
rust,medium_read_heavy,10000,27,0.4907,20379.28,0.04440,0.06290,0.08410,17.31070
rust,medium_read_heavy,10000,28,0.4588,21798.12,0.04210,0.05620,0.07490,18.38830
rust,medium_read_heavy,10000,29,0.4583,21818.10,0.04200,0.05710,0.07570,16.56210
rust,medium_read_heavy,10000,30,0.4471,22368.75,0.04100,0.05470,0.07540,17.00670
rust,medium_read_heavy,10000,31,0.5027,19893.45,0.04500,0.06510,0.08680,18.63390
rust,medium_read_heavy,10000,32,0.4583,21819.20,0.04160,0.05600,0.07570,18.42780
rust,medium_read_heavy,10000,33,0.4518,22131.81,0.04080,0.05720,0.07560,17.27870
rust,medium_read_heavy,10000,34,0.4445,22498.54,0.04080,0.05240,0.07170,17.83590
rust,medium_read_heavy,10000,35,0.4386,22802.35,0.04020,0.05470,0.07350,16.15740
rust,medium_read_heavy,10000,36,0.4293,23295.68,0.03970,0.04950,0.06520,17.14360
rust,medium_read_heavy,10000,37,0.4304,23232.59,0.03950,0.05270,0.07210,17.04670
rust,medium_read_heavy,10000,38,0.4615,21667.17,0.04190,0.05590,0.07380,20.19510
rust,medium_read_heavy,10000,39,0.4329,23100.13,0.03980,0.05270,0.07050,16.97850
rust,medium_read_heavy,10000,40,0.4757,21021.85,0.04300,0.06110,0.07910,16.56130
rust,medium_read_heavy,10000,41,0.4758,21018.37,0.04300,0.05960,0.07850,20.22390
rust,medium_read_heavy,10000,42,0.4696,21294.77,0.04260,0.05960,0.08000,16.68530
rust,medium_read_heavy,10000,43,0.4366,22904.79,0.04030,0.05070,0.06740,17.25970
rust,medium_read_heavy,10000,44,0.5082,19676.87,0.04520,0.06930,0.09160,18.88260
rust,medium_read_heavy,10000,45,0.4923,20314.80,0.04470,0.06110,0.08030,21.52610
rust,medium_read_heavy,10000,46,0.4570,21883.26,0.04170,0.05650,0.07660,16.61730
rust,medium_read_heavy,10000,47,0.4310,23199.41,0.03980,0.05050,0.06800,16.96310
rust,medium_read_heavy,10000,48,0.4400,22728.99,0.03990,0.05610,0.07630,15.86870
rust,medium_read_heavy,10000,49,0.4420,22623.52,0.04060,0.05310,0.07100,17.32310
rust,medium_read_heavy,10000,50,0.4210,23754.19,0.03860,0.05010,0.06880,16.84530
rust,medium_read_heavy,10000,51,0.4896,20425.23,0.04420,0.06370,0.08490,18.01950
rust,medium_read_heavy,10000,52,0.4368,22891.63,0.03990,0.05110,0.06770,17.88980
rust,medium_read_heavy,10000,53,0.4758,21016.03,0.04290,0.06170,0.08160,18.95440
rust,medium_read_heavy,10000,54,0.4278,23376.55,0.03950,0.04980,0.06410,17.30840
rust,medium_read_heavy,10000,55,0.4626,21616.57,0.04180,0.06010,0.08030,15.93970
rust,medium_read_heavy,10000,56,0.4413,22660.40,0.04020,0.05310,0.07160,17.45170
rust,medium_read_heavy,10000,57,0.4494,22253.35,0.04060,0.05770,0.07800,16.08750
rust,medium_read_heavy,10000,58,0.4780,20920.86,0.04320,0.06030,0.08100,19.78780
rust,medium_read_heavy,10000,59,0.4437,22539.16,0.04030,0.05590,0.07470,16.93960
rust,medium_read_heavy,10000,60,0.4627,21613.78,0.04190,0.05710,0.07570,20.88120
rust,medium_read_heavy,10000,61,0.4561,21924.97,0.04060,0.05580,0.07390,16.76070
rust,medium_read_heavy,10000,62,0.4660,21460.42,0.04220,0.05810,0.07840,19.02160
rust,medium_read_heavy,10000,63,0.4353,22973.10,0.03970,0.05230,0.07210,18.86560
rust,medium_read_heavy,10000,64,0.4620,21645.68,0.04210,0.05680,0.07650,18.23630
rust,medium_read_heavy,10000,65,0.4326,23116.75,0.03980,0.05260,0.07230,16.27640
rust,medium_read_heavy,10000,66,0.4882,20482.67,0.04410,0.06430,0.08260,16.75130
rust,medium_read_heavy,10000,67,0.5070,19722.54,0.04560,0.06480,0.08720,21.21100
rust,medium_read_heavy,10000,68,0.4548,21987.90,0.04140,0.05520,0.07300,19.31050
rust,medium_read_heavy,10000,69,0.4305,23227.31,0.03970,0.05250,0.06970,16.45010
rust,medium_read_heavy,10000,70,0.4627,21612.76,0.04180,0.05810,0.07440,18.52480
rust,medium_read_heavy,10000,71,0.4630,21600.08,0.04210,0.05700,0.07650,19.22280
rust,medium_read_heavy,10000,72,0.4471,22364.50,0.04080,0.05580,0.07250,16.94700
rust,medium_read_heavy,10000,73,0.4330,23092.50,0.03960,0.05150,0.06910,17.83640
rust,medium_read_heavy,10000,74,0.4444,22500.23,0.04030,0.05580,0.07620,17.80390
rust,medium_read_heavy,10000,75,0.4308,23211.98,0.03990,0.04940,0.06320,17.05330
rust,medium_read_heavy,10000,76,0.4344,23021.73,0.03960,0.05330,0.07130,19.72650
rust,medium_read_heavy,10000,77,0.4805,20813.57,0.04380,0.05990,0.07950,17.65930
rust,medium_read_heavy,10000,78,0.4433,22556.94,0.04070,0.05380,0.07330,17.23510
rust,medium_read_heavy,10000,79,0.4894,20434.31,0.04430,0.06190,0.08080,19.13740
rust,medium_read_heavy,10000,80,0.4664,21441.88,0.04250,0.05760,0.07640,19.43600
rust,medium_read_heavy,10000,81,0.4554,21960.34,0.04170,0.05710,0.07780,16.75090
rust,medium_read_heavy,10000,82,0.4222,23688.20,0.03910,0.04950,0.06740,16.75730
rust,medium_read_heavy,10000,83,0.4659,21465.54,0.04190,0.06120,0.08110,16.23550
rust,medium_read_heavy,10000,84,0.4619,21648.29,0.04220,0.05580,0.07300,19.70050
rust,medium_read_heavy,10000,85,0.5181,19299.59,0.04590,0.07190,0.09690,16.38530
rust,medium_read_heavy,10000,86,0.5063,19751.51,0.04550,0.06330,0.08270,23.98600
rust,medium_read_heavy,10000,87,0.4615,21667.51,0.04190,0.05880,0.08040,16.73980
rust,medium_read_heavy,10000,88,0.4369,22889.03,0.04030,0.05200,0.07100,17.87390
rust,medium_read_heavy,10000,89,0.4835,20681.15,0.04320,0.06630,0.08870,16.29680
rust,medium_read_heavy,10000,90,0.5026,19896.49,0.04510,0.06390,0.08630,22.98390
rust,medium_read_heavy,10000,91,0.4459,22426.46,0.04050,0.05580,0.07650,17.00530
rust,medium_read_heavy,10000,92,0.4514,22153.76,0.04120,0.05580,0.07790,18.46680
rust,medium_read_heavy,10000,93,0.4228,23651.88,0.03870,0.05030,0.06690,16.84960
rust,medium_read_heavy,10000,94,0.4733,21126.55,0.04250,0.05970,0.07960,22.33210
rust,medium_read_heavy,10000,95,0.4407,22692.20,0.04010,0.05330,0.07290,16.87000
rust,medium_read_heavy,10000,96,0.4917,20338.40,0.04390,0.06330,0.08390,21.40550
rust,medium_read_heavy,10000,97,0.4445,22497.14,0.04060,0.05310,0.07390,17.90550
rust,medium_read_heavy,10000,98,0.4643,21537.76,0.04220,0.05910,0.08040,16.47230
rust,medium_read_heavy,10000,99,0.4356,22957.32,0.03980,0.05200,0.07110,17.74900
rust,medium_read_heavy,10000,100,0.4554,21959.33,0.04090,0.05850,0.07840,16.32090
python,medium_ttl_expiration,10000,1,0.7412,13491.51,0.06000,0.09080,0.12100,72.89300
python,medium_ttl_expiration,10000,2,0.6715,14892.93,0.05450,0.07720,0.10110,77.15980
python,medium_ttl_expiration,10000,3,0.6202,16122.97,0.05070,0.06860,0.09130,74.30420
python,medium_ttl_expiration,10000,4,0.6168,16213.52,0.05090,0.06920,0.08820,68.15410
python,medium_ttl_expiration,10000,5,0.6015,16626.48,0.04930,0.06520,0.08700,71.52600
python,medium_ttl_expiration,10000,6,0.6555,15256.02,0.05340,0.07840,0.11140,64.72400
python,medium_ttl_expiration,10000,7,0.6522,15332.24,0.05380,0.07340,0.09650,74.63020
python,medium_ttl_expiration,10000,8,0.5868,17042.75,0.04860,0.06580,0.08710,65.07920
python,medium_ttl_expiration,10000,9,0.5785,17286.05,0.04780,0.05970,0.07850,73.68560
python,medium_ttl_expiration,10000,10,0.5970,16751.00,0.04910,0.06960,0.09100,66.40560
python,medium_ttl_expiration,10000,11,0.5990,16694.52,0.04960,0.06300,0.08640,70.46640
python,medium_ttl_expiration,10000,12,0.6438,15532.36,0.05320,0.07550,0.09790,68.70660
python,medium_ttl_expiration,10000,13,0.5698,17549.28,0.04730,0.06290,0.08530,66.38860
python,medium_ttl_expiration,10000,14,0.5803,17233.35,0.04780,0.06130,0.08340,75.34490
python,medium_ttl_expiration,10000,15,0.5906,16930.59,0.04880,0.07050,0.08910,62.69970
python,medium_ttl_expiration,10000,16,0.5824,17169.40,0.04870,0.06120,0.07880,70.53090
python,medium_ttl_expiration,10000,17,0.6072,16470.24,0.05070,0.07010,0.09060,64.04740
python,medium_ttl_expiration,10000,18,0.5619,17796.88,0.04670,0.06070,0.08000,66.12400
python,medium_ttl_expiration,10000,19,0.6097,16402.76,0.04970,0.06730,0.08590,80.47810
python,medium_ttl_expiration,10000,20,0.5865,17050.92,0.04820,0.06690,0.08490,63.95350
python,medium_ttl_expiration,10000,21,0.5900,16950.37,0.04880,0.06430,0.08440,73.15200
python,medium_ttl_expiration,10000,22,0.5826,17164.57,0.04890,0.06720,0.08660,61.67800
python,medium_ttl_expiration,10000,23,0.5617,17803.06,0.04690,0.05900,0.07880,68.28350
python,medium_ttl_expiration,10000,24,0.6168,16212.85,0.05130,0.07060,0.08920,69.34240
python,medium_ttl_expiration,10000,25,0.5729,17456.44,0.04780,0.06260,0.08080,67.47840
python,medium_ttl_expiration,10000,26,0.5866,17047.60,0.04820,0.06560,0.08610,71.57370
python,medium_ttl_expiration,10000,27,0.6080,16446.91,0.05050,0.07070,0.09090,63.18400
python,medium_ttl_expiration,10000,28,0.5939,16839.18,0.04940,0.06440,0.08490,72.36770
python,medium_ttl_expiration,10000,29,0.5814,17199.01,0.04830,0.06390,0.08140,68.90040
python,medium_ttl_expiration,10000,30,0.5740,17422.66,0.04760,0.06340,0.08350,65.82730
python,medium_ttl_expiration,10000,31,0.6109,16368.50,0.05030,0.06880,0.09160,73.08420
python,medium_ttl_expiration,10000,32,0.5947,16814.35,0.04960,0.06580,0.08600,67.87330
python,medium_ttl_expiration,10000,33,0.5741,17418.59,0.04790,0.06230,0.08630,65.52140
python,medium_ttl_expiration,10000,34,0.6195,16142.16,0.05160,0.06940,0.08810,68.45050
python,medium_ttl_expiration,10000,35,0.5886,16988.22,0.04880,0.06640,0.08820,67.58330
python,medium_ttl_expiration,10000,36,0.6048,16533.66,0.05030,0.06930,0.09590,66.19710
python,medium_ttl_expiration,10000,37,0.6306,15857.13,0.05220,0.07210,0.09440,72.04160
python,medium_ttl_expiration,10000,38,0.5749,17394.85,0.04770,0.06220,0.08250,68.06060
python,medium_ttl_expiration,10000,39,0.5599,17859.41,0.04680,0.05890,0.07920,64.37050
python,medium_ttl_expiration,10000,40,0.7014,14256.92,0.05770,0.08440,0.11220,73.87110
python,medium_ttl_expiration,10000,41,0.5970,16750.23,0.04960,0.06410,0.08400,74.47030
python,medium_ttl_expiration,10000,42,0.6246,16010.75,0.05200,0.07260,0.09220,67.67590
python,medium_ttl_expiration,10000,43,0.5779,17304.99,0.04790,0.06380,0.08200,66.63200
python,medium_ttl_expiration,10000,44,0.6272,15945.04,0.05180,0.07300,0.09050,75.10370
python,medium_ttl_expiration,10000,45,0.9417,10619.37,0.06060,0.09220,0.12720,280.44380
python,medium_ttl_expiration,10000,46,0.6202,16123.84,0.05190,0.06840,0.09510,71.19430
python,medium_ttl_expiration,10000,47,0.5935,16848.57,0.04890,0.06590,0.09170,70.28820
python,medium_ttl_expiration,10000,48,0.7533,13274.52,0.06150,0.10260,0.15120,64.34310
python,medium_ttl_expiration,10000,49,0.8207,12184.45,0.06410,0.10220,0.15240,104.38540
python,medium_ttl_expiration,10000,50,0.8286,12067.99,0.06390,0.10650,0.16050,105.97940
python,medium_ttl_expiration,10000,51,0.7256,13781.99,0.05730,0.09380,0.13190,86.13140
python,medium_ttl_expiration,10000,52,0.6803,14698.60,0.05350,0.08130,0.11200,93.46960
python,medium_ttl_expiration,10000,53,0.6689,14949.02,0.05370,0.08970,0.12690,66.66540
python,medium_ttl_expiration,10000,54,0.7601,13156.53,0.05940,0.10050,0.14640,83.38950
python,medium_ttl_expiration,10000,55,0.6836,14628.48,0.05600,0.07970,0.10900,84.16470
python,medium_ttl_expiration,10000,56,0.7271,13752.43,0.05790,0.09830,0.14530,71.26850
python,medium_ttl_expiration,10000,57,0.7633,13100.81,0.05940,0.10000,0.14630,93.01660
python,medium_ttl_expiration,10000,58,0.6323,15815.66,0.05080,0.08030,0.11630,71.69500
python,medium_ttl_expiration,10000,59,0.6750,14815.76,0.05320,0.08340,0.11570,82.09530
python,medium_ttl_expiration,10000,60,0.8349,11978.11,0.06590,0.11740,0.16730,82.63980
python,medium_ttl_expiration,10000,61,0.6787,14733.35,0.05380,0.07930,0.10840,96.47110
python,medium_ttl_expiration,10000,62,0.5922,16887.03,0.04870,0.06680,0.09150,69.94590
python,medium_ttl_expiration,10000,63,0.6416,15586.27,0.05330,0.07790,0.10580,65.11210
python,medium_ttl_expiration,10000,64,0.5988,16701.37,0.04900,0.06870,0.09460,71.65730
python,medium_ttl_expiration,10000,65,0.5848,17101.22,0.04810,0.06570,0.09180,70.04900
python,medium_ttl_expiration,10000,66,0.6057,16510.94,0.04980,0.07100,0.09550,68.63330
python,medium_ttl_expiration,10000,67,0.5914,16910.41,0.04870,0.06740,0.09300,69.52000
python,medium_ttl_expiration,10000,68,0.6373,15691.24,0.05240,0.07560,0.10230,70.70970
python,medium_ttl_expiration,10000,69,0.6065,16488.39,0.04930,0.07010,0.09810,69.93920
python,medium_ttl_expiration,10000,70,0.6159,16236.99,0.05070,0.07220,0.10150,68.65580
python,medium_ttl_expiration,10000,71,0.6950,14388.29,0.05600,0.08450,0.11460,82.86070
python,medium_ttl_expiration,10000,72,0.6081,16445.09,0.04980,0.07030,0.10030,71.90890
python,medium_ttl_expiration,10000,73,0.7157,13971.92,0.05650,0.09610,0.14260,72.82250
python,medium_ttl_expiration,10000,74,0.7818,12790.83,0.06230,0.10920,0.15440,70.24950
python,medium_ttl_expiration,10000,75,0.7227,13837.21,0.05590,0.09470,0.13380,90.31250
python,medium_ttl_expiration,10000,76,0.6899,14494.77,0.05430,0.09060,0.13420,79.85370
python,medium_ttl_expiration,10000,77,0.5938,16840.63,0.04870,0.06640,0.09290,71.69520
python,medium_ttl_expiration,10000,78,0.6120,16340.69,0.05000,0.07280,0.10020,69.34240
python,medium_ttl_expiration,10000,79,0.5886,16989.81,0.04820,0.06680,0.09220,70.90780
python,medium_ttl_expiration,10000,80,0.5811,17209.33,0.04770,0.06670,0.09170,68.50940
python,medium_ttl_expiration,10000,81,0.5942,16827.94,0.04790,0.07330,0.10540,67.26790
python,medium_ttl_expiration,10000,82,0.7463,13398.93,0.05910,0.09430,0.11970,92.83670
python,medium_ttl_expiration,10000,83,0.6290,15897.57,0.05130,0.07450,0.10110,74.46850
python,medium_ttl_expiration,10000,84,0.5845,17107.70,0.04790,0.06720,0.09370,69.24660
python,medium_ttl_expiration,10000,85,0.6092,16416.01,0.04910,0.06890,0.09320,82.67150
python,medium_ttl_expiration,10000,86,0.6548,15271.86,0.05300,0.08480,0.11700,69.30450
python,medium_ttl_expiration,10000,87,0.6451,15500.81,0.05250,0.07390,0.10050,82.32200
python,medium_ttl_expiration,10000,88,0.6505,15373.53,0.05270,0.07690,0.10520,78.78540
python,medium_ttl_expiration,10000,89,0.6084,16437.65,0.04980,0.07070,0.09910,69.11990
python,medium_ttl_expiration,10000,90,0.5943,16826.05,0.04890,0.06840,0.09470,67.41190
python,medium_ttl_expiration,10000,91,0.6452,15498.95,0.05290,0.07740,0.10730,69.27840
python,medium_ttl_expiration,10000,92,0.5913,16911.65,0.04860,0.06600,0.09030,72.12060
python,medium_ttl_expiration,10000,93,0.5839,17125.01,0.04780,0.06640,0.09300,69.96670
python,medium_ttl_expiration,10000,94,0.6059,16504.38,0.05000,0.07290,0.09880,64.16180
python,medium_ttl_expiration,10000,95,0.5978,16727.52,0.04910,0.06810,0.09320,72.16790
python,medium_ttl_expiration,10000,96,0.6794,14718.98,0.05630,0.08460,0.11640,67.17470
python,medium_ttl_expiration,10000,97,0.6380,15673.77,0.05110,0.07200,0.09890,88.70400
python,medium_ttl_expiration,10000,98,0.5849,17097.96,0.04810,0.06560,0.09330,69.11630
python,medium_ttl_expiration,10000,99,0.6095,16406.78,0.05000,0.07260,0.09890,68.72740
python,medium_ttl_expiration,10000,100,0.5820,17181.62,0.04780,0.06610,0.09170,69.10560
java,medium_ttl_expiration,10000,1,0.9932,10068.73,0.07430,0.12860,0.18530,104.98820
java,medium_ttl_expiration,10000,2,1.1299,8850.40,0.08560,0.14870,0.20350,118.70850
java,medium_ttl_expiration,10000,3,1.0063,9937.84,0.07480,0.13330,0.19070,115.36220
java,medium_ttl_expiration,10000,4,1.0194,9810.10,0.07470,0.14270,0.21160,118.44910
java,medium_ttl_expiration,10000,5,1.0523,9502.59,0.07700,0.14790,0.21010,118.11500
java,medium_ttl_expiration,10000,6,1.0781,9275.27,0.07660,0.14420,0.20530,124.42270
java,medium_ttl_expiration,10000,7,1.0280,9727.27,0.07280,0.13170,0.19990,124.14280
java,medium_ttl_expiration,10000,8,1.0404,9611.44,0.07700,0.13970,0.20080,128.44050
java,medium_ttl_expiration,10000,9,1.1693,8552.00,0.08960,0.15160,0.21790,124.50550
java,medium_ttl_expiration,10000,10,1.0411,9605.31,0.07240,0.13160,0.19730,149.88890
java,medium_ttl_expiration,10000,11,1.0036,9964.41,0.07340,0.13450,0.20040,115.32830
java,medium_ttl_expiration,10000,12,1.2015,8322.58,0.09330,0.15650,0.21490,122.18850
java,medium_ttl_expiration,10000,13,1.0740,9310.59,0.07420,0.14440,0.20790,152.13300
java,medium_ttl_expiration,10000,14,1.0652,9388.29,0.07760,0.14860,0.20990,129.85760
java,medium_ttl_expiration,10000,15,1.1025,9070.09,0.08080,0.13750,0.20410,135.35920
java,medium_ttl_expiration,10000,16,1.0894,9179.76,0.07240,0.13540,0.20310,181.85120
java,medium_ttl_expiration,10000,17,1.0399,9616.34,0.07440,0.14230,0.22520,118.62620
java,medium_ttl_expiration,10000,18,1.0660,9380.68,0.07710,0.13730,0.19090,123.27370
java,medium_ttl_expiration,10000,19,1.1098,9010.95,0.08100,0.15720,0.23400,126.66610
java,medium_ttl_expiration,10000,20,1.0455,9564.35,0.07520,0.13920,0.20410,133.56090
java,medium_ttl_expiration,10000,21,1.0411,9604.86,0.07530,0.13880,0.20470,122.90670
java,medium_ttl_expiration,10000,22,1.1045,9054.01,0.08170,0.15830,0.23080,121.94640
java,medium_ttl_expiration,10000,23,1.1279,8866.13,0.08220,0.16070,0.23640,119.50760
java,medium_ttl_expiration,10000,24,1.2056,8294.89,0.09230,0.18230,0.26680,117.56040
java,medium_ttl_expiration,10000,25,1.1387,8781.75,0.08030,0.18110,0.29140,120.42590
java,medium_ttl_expiration,10000,26,1.0902,9172.51,0.07820,0.14940,0.22440,128.22010
java,medium_ttl_expiration,10000,27,1.1541,8664.61,0.08070,0.16640,0.24530,161.06800
java,medium_ttl_expiration,10000,28,1.1937,8377.32,0.08670,0.18540,0.27480,133.31250
java,medium_ttl_expiration,10000,29,1.1327,8828.84,0.07990,0.16690,0.26440,124.72730
java,medium_ttl_expiration,10000,30,1.0951,9131.75,0.07820,0.16640,0.25460,127.83220
java,medium_ttl_expiration,10000,31,1.3958,7164.35,0.10420,0.21080,0.31620,153.52050
java,medium_ttl_expiration,10000,32,1.0592,9440.82,0.07640,0.14090,0.21360,125.07340
java,medium_ttl_expiration,10000,33,1.0691,9353.90,0.07710,0.13490,0.18460,142.87140
java,medium_ttl_expiration,10000,34,1.1614,8610.04,0.08680,0.16330,0.23790,124.03520
java,medium_ttl_expiration,10000,35,1.2490,8006.30,0.09090,0.18380,0.27590,149.29200
java,medium_ttl_expiration,10000,36,1.1186,8940.08,0.07800,0.15350,0.23880,136.38750
java,medium_ttl_expiration,10000,37,1.0111,9890.08,0.07490,0.13730,0.19350,115.40300
java,medium_ttl_expiration,10000,38,1.0719,9329.50,0.07600,0.15890,0.24680,113.07840
java,medium_ttl_expiration,10000,39,1.0859,9208.67,0.07720,0.16920,0.25880,122.37590
java,medium_ttl_expiration,10000,40,1.4256,7014.49,0.11070,0.20190,0.33930,151.38700
java,medium_ttl_expiration,10000,41,1.2443,8036.41,0.08820,0.17370,0.25690,170.67520
java,medium_ttl_expiration,10000,42,1.0673,9369.24,0.07470,0.14450,0.23280,134.85780
java,medium_ttl_expiration,10000,43,1.0421,9596.09,0.07620,0.14170,0.19800,113.15470
java,medium_ttl_expiration,10000,44,1.1253,8886.35,0.08330,0.15420,0.22660,123.59060
java,medium_ttl_expiration,10000,45,1.1751,8509.93,0.08170,0.16740,0.26600,148.42660
java,medium_ttl_expiration,10000,46,1.0426,9591.82,0.07190,0.13110,0.19220,139.89090
java,medium_ttl_expiration,10000,47,1.0794,9264.27,0.07040,0.12240,0.18260,210.85780
java,medium_ttl_expiration,10000,48,1.0877,9194.01,0.08030,0.13910,0.20520,124.25800
java,medium_ttl_expiration,10000,49,1.2346,8099.49,0.09380,0.16820,0.25190,138.03120
java,medium_ttl_expiration,10000,50,1.3881,7203.95,0.09630,0.22700,0.37710,147.42150
java,medium_ttl_expiration,10000,51,1.1037,9060.22,0.08130,0.16040,0.24400,120.72380
java,medium_ttl_expiration,10000,52,1.1902,8401.74,0.08690,0.17610,0.27180,119.71230
java,medium_ttl_expiration,10000,53,1.6117,6204.82,0.11620,0.23930,0.46750,154.76850
java,medium_ttl_expiration,10000,54,1.4322,6982.43,0.08960,0.21600,0.37720,274.70700
java,medium_ttl_expiration,10000,55,1.0356,9656.32,0.07250,0.13340,0.18990,146.96880
java,medium_ttl_expiration,10000,56,1.1842,8444.25,0.08790,0.16920,0.26600,114.90250
java,medium_ttl_expiration,10000,57,1.3441,7439.78,0.09000,0.21430,0.36510,173.24520
java,medium_ttl_expiration,10000,58,1.3748,7273.65,0.10120,0.20880,0.36310,143.11310
java,medium_ttl_expiration,10000,59,1.2054,8296.04,0.08450,0.18140,0.29860,140.60840
java,medium_ttl_expiration,10000,60,1.1398,8773.46,0.08240,0.14950,0.22100,148.44160
java,medium_ttl_expiration,10000,61,1.1592,8626.45,0.08620,0.16400,0.25080,131.57700
java,medium_ttl_expiration,10000,62,1.1802,8473.14,0.07910,0.17850,0.30060,139.77020
java,medium_ttl_expiration,10000,63,1.2243,8168.10,0.08700,0.18100,0.28360,147.02760
java,medium_ttl_expiration,10000,64,1.2474,8016.87,0.08970,0.18040,0.27910,154.36890
java,medium_ttl_expiration,10000,65,1.2229,8177.50,0.08550,0.17840,0.30010,145.01230
java,medium_ttl_expiration,10000,66,1.0506,9518.02,0.07020,0.12370,0.18620,194.86090
java,medium_ttl_expiration,10000,67,1.1489,8703.94,0.08870,0.14730,0.20270,117.93900
java,medium_ttl_expiration,10000,68,1.0955,9128.27,0.06990,0.12830,0.20720,211.86510
java,medium_ttl_expiration,10000,69,1.0196,9808.05,0.07080,0.13010,0.19530,153.63460
java,medium_ttl_expiration,10000,70,1.1491,8702.41,0.08110,0.16840,0.26920,131.82750
java,medium_ttl_expiration,10000,71,1.0981,9106.77,0.08280,0.14110,0.22190,125.13000
java,medium_ttl_expiration,10000,72,1.1481,8709.85,0.08570,0.15740,0.22610,148.12120
java,medium_ttl_expiration,10000,73,1.0995,9094.72,0.08080,0.15440,0.23320,128.61190
java,medium_ttl_expiration,10000,74,1.0224,9781.32,0.07410,0.13480,0.19800,118.69700
java,medium_ttl_expiration,10000,75,1.0239,9767.01,0.07310,0.13080,0.20170,140.34770
java,medium_ttl_expiration,10000,76,1.0426,9591.72,0.07250,0.12860,0.18670,165.30690
java,medium_ttl_expiration,10000,77,1.1035,9061.90,0.08130,0.15790,0.22870,126.43950
java,medium_ttl_expiration,10000,78,1.0165,9837.31,0.07480,0.13800,0.20290,115.84630
java,medium_ttl_expiration,10000,79,1.1197,8931.23,0.08720,0.14210,0.20260,135.91980
java,medium_ttl_expiration,10000,80,1.0682,9361.91,0.07620,0.14630,0.22050,122.57730
java,medium_ttl_expiration,10000,81,0.9964,10036.05,0.07290,0.13440,0.20510,112.73090
java,medium_ttl_expiration,10000,82,1.0515,9510.13,0.07410,0.13340,0.19130,142.41440
java,medium_ttl_expiration,10000,83,1.0468,9553.00,0.07920,0.13380,0.19300,137.13330
java,medium_ttl_expiration,10000,84,1.1130,8984.62,0.08050,0.14650,0.21130,121.03410
java,medium_ttl_expiration,10000,85,1.0901,9173.24,0.07420,0.13240,0.19730,183.23030
java,medium_ttl_expiration,10000,86,1.1493,8700.86,0.08930,0.15550,0.21750,129.88270
java,medium_ttl_expiration,10000,87,1.1389,8780.33,0.08030,0.17160,0.24140,147.65300
java,medium_ttl_expiration,10000,88,1.0445,9573.96,0.07400,0.13740,0.20750,128.91610
java,medium_ttl_expiration,10000,89,1.0385,9629.69,0.07390,0.13620,0.20090,135.99220
java,medium_ttl_expiration,10000,90,1.1014,9079.62,0.07910,0.15200,0.21600,121.47870
java,medium_ttl_expiration,10000,91,1.0860,9208.02,0.07770,0.14170,0.20920,134.52080
java,medium_ttl_expiration,10000,92,1.1050,9049.79,0.07430,0.13440,0.19480,187.77000
java,medium_ttl_expiration,10000,93,1.0714,9333.36,0.08280,0.14050,0.20140,116.04070
java,medium_ttl_expiration,10000,94,1.0914,9162.82,0.07840,0.13790,0.20700,145.73170
java,medium_ttl_expiration,10000,95,1.0890,9182.71,0.07800,0.13750,0.20360,152.52260
java,medium_ttl_expiration,10000,96,1.1508,8689.91,0.08360,0.14290,0.19800,159.75340
java,medium_ttl_expiration,10000,97,1.0114,9887.13,0.07590,0.13770,0.20270,111.82670
java,medium_ttl_expiration,10000,98,1.0920,9157.44,0.07730,0.15270,0.23710,132.79030
java,medium_ttl_expiration,10000,99,1.0239,9766.55,0.07480,0.13960,0.20280,112.31430
java,medium_ttl_expiration,10000,100,1.1226,8907.84,0.08580,0.15000,0.22290,132.55750
rust,medium_ttl_expiration,10000,1,0.4889,20452.66,0.04390,0.06200,0.08910,20.65580
rust,medium_ttl_expiration,10000,2,0.4708,21238.40,0.04200,0.06190,0.08680,17.69850
rust,medium_ttl_expiration,10000,3,0.4569,21887.27,0.04140,0.05680,0.08290,18.23730
rust,medium_ttl_expiration,10000,4,0.4565,21903.43,0.04110,0.05980,0.08550,16.88490
rust,medium_ttl_expiration,10000,5,0.4612,21684.48,0.04180,0.05910,0.08310,17.74490
rust,medium_ttl_expiration,10000,6,0.4517,22140.17,0.04060,0.05850,0.08560,17.14850
rust,medium_ttl_expiration,10000,7,0.5119,19535.06,0.04580,0.06740,0.09490,20.78410
rust,medium_ttl_expiration,10000,8,0.4740,21097.37,0.04270,0.06010,0.08560,19.84660
rust,medium_ttl_expiration,10000,9,0.4990,20038.77,0.04460,0.06370,0.08890,22.58490
rust,medium_ttl_expiration,10000,10,0.4568,21889.25,0.04130,0.05800,0.08120,17.57330
rust,medium_ttl_expiration,10000,11,0.4916,20343.36,0.04420,0.06380,0.08820,18.64460
rust,medium_ttl_expiration,10000,12,0.4723,21173.64,0.04220,0.06230,0.08480,20.30840
rust,medium_ttl_expiration,10000,13,0.5299,18870.79,0.04700,0.07040,0.09990,24.68350
rust,medium_ttl_expiration,10000,14,0.4652,21494.06,0.04180,0.05740,0.08410,21.60290
rust,medium_ttl_expiration,10000,15,0.5267,18985.35,0.04660,0.07040,0.09980,23.07050
rust,medium_ttl_expiration,10000,16,0.4821,20742.71,0.04340,0.06130,0.08430,20.05210
rust,medium_ttl_expiration,10000,17,0.4561,21923.88,0.04140,0.05660,0.07850,21.33130
rust,medium_ttl_expiration,10000,18,0.4432,22563.02,0.04050,0.05460,0.07810,18.47170
rust,medium_ttl_expiration,10000,19,0.5127,19506.11,0.04570,0.06910,0.09540,16.86190
rust,medium_ttl_expiration,10000,20,0.4855,20597.06,0.04360,0.06110,0.08470,22.97580
rust,medium_ttl_expiration,10000,21,0.5058,19772.51,0.04530,0.06590,0.09300,20.66250
rust,medium_ttl_expiration,10000,22,0.4634,21578.26,0.04190,0.05590,0.07870,21.96910
rust,medium_ttl_expiration,10000,23,0.4758,21016.16,0.04270,0.06090,0.08480,20.58770
rust,medium_ttl_expiration,10000,24,0.4496,22239.76,0.04120,0.05540,0.07730,18.14440
rust,medium_ttl_expiration,10000,25,0.4949,20205.13,0.04410,0.06610,0.09210,18.65870
rust,medium_ttl_expiration,10000,26,0.4855,20596.51,0.04360,0.06260,0.08570,20.25630
rust,medium_ttl_expiration,10000,27,0.4749,21059.21,0.04270,0.06170,0.08790,17.88410
rust,medium_ttl_expiration,10000,28,0.4511,22169.49,0.04090,0.05490,0.07870,21.26260
rust,medium_ttl_expiration,10000,29,0.4821,20743.85,0.04280,0.06480,0.08950,17.36010
rust,medium_ttl_expiration,10000,30,0.4985,20059.40,0.04440,0.06300,0.09050,24.85940
rust,medium_ttl_expiration,10000,31,0.4877,20503.56,0.04340,0.06470,0.09490,17.47550
rust,medium_ttl_expiration,10000,32,0.4689,21324.34,0.04230,0.05850,0.08340,19.63540
rust,medium_ttl_expiration,10000,33,0.4761,21002.90,0.04220,0.06350,0.09060,19.70460
rust,medium_ttl_expiration,10000,34,0.5272,18966.62,0.04710,0.06990,0.09610,24.86630
rust,medium_ttl_expiration,10000,35,0.5081,19679.91,0.04540,0.06760,0.09070,19.87510
rust,medium_ttl_expiration,10000,36,0.4658,21466.97,0.04210,0.05860,0.08480,18.59580
rust,medium_ttl_expiration,10000,37,0.4635,21573.79,0.04190,0.06070,0.08480,16.79680
rust,medium_ttl_expiration,10000,38,0.4547,21992.20,0.04130,0.05730,0.08160,18.01730
rust,medium_ttl_expiration,10000,39,0.4674,21395.12,0.04180,0.06220,0.08900,17.45340
rust,medium_ttl_expiration,10000,40,0.5087,19656.75,0.04530,0.06670,0.09610,19.63740
rust,medium_ttl_expiration,10000,41,0.4771,20961.08,0.04230,0.06200,0.08570,21.65730
rust,medium_ttl_expiration,10000,42,0.5149,19419.96,0.04600,0.06820,0.09130,21.30480
rust,medium_ttl_expiration,10000,43,0.4743,21085.52,0.04260,0.06120,0.08480,19.05570
rust,medium_ttl_expiration,10000,44,0.4596,21757.11,0.04150,0.05730,0.08220,21.71080
rust,medium_ttl_expiration,10000,45,0.4623,21632.53,0.04140,0.05970,0.08530,20.15680
rust,medium_ttl_expiration,10000,46,0.4635,21577.28,0.04170,0.05810,0.08310,20.41800
rust,medium_ttl_expiration,10000,47,0.4532,22065.13,0.04070,0.05750,0.08400,20.20050
rust,medium_ttl_expiration,10000,48,0.5371,18619.24,0.04750,0.07270,0.10000,24.96270
rust,medium_ttl_expiration,10000,49,0.4859,20580.10,0.04380,0.06240,0.08950,19.53800
rust,medium_ttl_expiration,10000,50,0.4840,20659.93,0.04280,0.06060,0.08500,25.59970
rust,medium_ttl_expiration,10000,51,0.4570,21879.83,0.04110,0.05830,0.08780,17.66400
rust,medium_ttl_expiration,10000,52,0.4958,20169.59,0.04440,0.06460,0.09040,19.99380
rust,medium_ttl_expiration,10000,53,0.4638,21561.56,0.04200,0.05890,0.08520,18.05830
rust,medium_ttl_expiration,10000,54,0.4877,20503.69,0.04300,0.06930,0.09650,17.72340
rust,medium_ttl_expiration,10000,55,0.5090,19646.76,0.04480,0.06840,0.09870,24.30180
rust,medium_ttl_expiration,10000,56,0.5613,17814.45,0.04990,0.07530,0.09900,24.35980
rust,medium_ttl_expiration,10000,57,0.4883,20479.75,0.04380,0.06440,0.08980,18.48720
rust,medium_ttl_expiration,10000,58,0.4956,20176.68,0.04380,0.06370,0.08870,25.46930
rust,medium_ttl_expiration,10000,59,0.4580,21834.48,0.04140,0.05930,0.08560,16.90000
rust,medium_ttl_expiration,10000,60,0.4861,20569.96,0.04350,0.06310,0.08880,19.72760
rust,medium_ttl_expiration,10000,61,0.4546,21995.18,0.04120,0.05900,0.08220,17.22270
rust,medium_ttl_expiration,10000,62,0.4905,20387.74,0.04390,0.06330,0.09190,20.09250
rust,medium_ttl_expiration,10000,63,0.4542,22014.81,0.04100,0.05680,0.08230,19.17400
rust,medium_ttl_expiration,10000,64,0.4951,20197.24,0.04440,0.06440,0.09090,19.27860
rust,medium_ttl_expiration,10000,65,0.4500,22223.40,0.04090,0.05550,0.07820,18.30210
rust,medium_ttl_expiration,10000,66,0.5044,19824.24,0.04480,0.06570,0.09050,23.59970
rust,medium_ttl_expiration,10000,67,0.4618,21655.83,0.04180,0.05760,0.08250,18.91590
rust,medium_ttl_expiration,10000,68,0.5068,19732.35,0.04550,0.06640,0.09300,21.15960
rust,medium_ttl_expiration,10000,69,0.4587,21800.11,0.04150,0.05560,0.07900,21.56850
rust,medium_ttl_expiration,10000,70,0.4959,20164.61,0.04400,0.06540,0.09530,20.85860
rust,medium_ttl_expiration,10000,71,0.4539,22033.60,0.04130,0.05640,0.08100,18.01230
rust,medium_ttl_expiration,10000,72,0.4916,20340.38,0.04410,0.06570,0.09460,16.50580
rust,medium_ttl_expiration,10000,73,0.4589,21790.75,0.04160,0.05730,0.08240,18.22820
rust,medium_ttl_expiration,10000,74,0.4893,20436.20,0.04390,0.06560,0.09340,16.61670
rust,medium_ttl_expiration,10000,75,0.4659,21463.32,0.04190,0.05760,0.08260,22.10400
rust,medium_ttl_expiration,10000,76,0.5008,19969.95,0.04420,0.06770,0.09750,19.87400
rust,medium_ttl_expiration,10000,77,0.5179,19307.95,0.04670,0.06840,0.09490,20.09980
rust,medium_ttl_expiration,10000,78,0.4915,20346.74,0.04410,0.06410,0.09170,19.26760
rust,medium_ttl_expiration,10000,79,0.4497,22235.64,0.04090,0.05580,0.08200,17.92420
rust,medium_ttl_expiration,10000,80,0.4886,20464.87,0.04360,0.06610,0.09240,16.69540
rust,medium_ttl_expiration,10000,81,0.4832,20693.31,0.04340,0.06140,0.08770,20.44860
rust,medium_ttl_expiration,10000,82,0.4933,20269.70,0.04370,0.06430,0.09210,21.20290
rust,medium_ttl_expiration,10000,83,0.4645,21526.42,0.04200,0.05810,0.08650,19.15810
rust,medium_ttl_expiration,10000,84,0.4726,21160.21,0.04250,0.06110,0.08870,16.77660
rust,medium_ttl_expiration,10000,85,0.4564,21911.47,0.04150,0.05730,0.08270,17.75650
rust,medium_ttl_expiration,10000,86,0.4784,20903.87,0.04260,0.06390,0.09110,16.94580
rust,medium_ttl_expiration,10000,87,0.5009,19962.81,0.04500,0.06470,0.09220,20.28850
rust,medium_ttl_expiration,10000,88,0.4738,21105.25,0.04230,0.06100,0.08690,20.29670
rust,medium_ttl_expiration,10000,89,0.4542,22015.67,0.04120,0.05620,0.07980,17.80650
rust,medium_ttl_expiration,10000,90,0.4571,21879.22,0.04080,0.05950,0.08630,16.52700
rust,medium_ttl_expiration,10000,91,0.4862,20567.53,0.04360,0.06270,0.08760,21.39990
rust,medium_ttl_expiration,10000,92,0.4632,21591.05,0.04160,0.06050,0.09090,17.74430
rust,medium_ttl_expiration,10000,93,0.5289,18908.34,0.04710,0.06990,0.09740,19.28190
rust,medium_ttl_expiration,10000,94,0.4688,21332.37,0.04220,0.05860,0.08670,18.78570
rust,medium_ttl_expiration,10000,95,0.4449,22475.01,0.04040,0.05590,0.08120,17.05340
rust,medium_ttl_expiration,10000,96,0.4408,22683.77,0.04010,0.05560,0.07820,17.20950
rust,medium_ttl_expiration,10000,97,0.5122,19522.16,0.04570,0.06750,0.09370,21.72820
rust,medium_ttl_expiration,10000,98,0.4617,21657.58,0.04160,0.05870,0.08450,18.58960
rust,medium_ttl_expiration,10000,99,0.4925,20304.21,0.04420,0.06390,0.09270,18.28030
rust,medium_ttl_expiration,10000,100,0.4498,22231.15,0.04070,0.05430,0.08050,20.75630
python,medium_write_heavy,10000,1,0.8017,12474.16,0.06140,0.10580,0.14300,100.50600
python,medium_write_heavy,10000,2,0.6805,14694.58,0.05430,0.08040,0.10880,82.96120
python,medium_write_heavy,10000,3,0.6616,15115.36,0.05240,0.07770,0.10770,79.27990
python,medium_write_heavy,10000,4,0.6757,14800.10,0.05470,0.07990,0.11080,76.22170
python,medium_write_heavy,10000,5,0.6768,14775.49,0.05420,0.08150,0.10880,77.06000
python,medium_write_heavy,10000,6,0.6628,15087.27,0.05150,0.08400,0.12030,73.86400
python,medium_write_heavy,10000,7,0.6920,14450.20,0.05500,0.08990,0.12240,76.91290
python,medium_write_heavy,10000,8,0.6572,15216.31,0.05350,0.07780,0.10610,74.80010
python,medium_write_heavy,10000,9,0.6058,16507.02,0.04910,0.06960,0.09850,74.03270
python,medium_write_heavy,10000,10,0.5894,16965.38,0.04830,0.06770,0.09450,69.24840
python,medium_write_heavy,10000,11,0.6486,15418.45,0.05250,0.07960,0.11390,69.54220
python,medium_write_heavy,10000,12,0.6429,15554.84,0.05140,0.07450,0.10180,82.88070
python,medium_write_heavy,10000,13,0.6144,16277.32,0.04950,0.07110,0.09870,78.76220
python,medium_write_heavy,10000,14,0.6330,15799.00,0.05160,0.07690,0.11070,69.17290
python,medium_write_heavy,10000,15,0.6072,16468.03,0.04960,0.07010,0.09580,73.72240
python,medium_write_heavy,10000,16,0.6363,15715.72,0.05090,0.07400,0.10180,84.29160
python,medium_write_heavy,10000,17,0.6710,14903.08,0.05400,0.08110,0.11090,80.46720
python,medium_write_heavy,10000,18,0.6211,16101.17,0.05020,0.07240,0.10040,79.18520
python,medium_write_heavy,10000,19,0.6557,15250.76,0.05290,0.07750,0.11290,79.15020
python,medium_write_heavy,10000,20,0.6789,14729.85,0.05540,0.08450,0.11710,72.83010
python,medium_write_heavy,10000,21,0.6220,16075.91,0.05040,0.07250,0.10100,79.05730
python,medium_write_heavy,10000,22,0.6325,15811.29,0.05160,0.07640,0.10630,71.82250
python,medium_write_heavy,10000,23,0.5875,17022.34,0.04810,0.06700,0.09390,70.99260
python,medium_write_heavy,10000,24,0.5977,16731.38,0.04880,0.06940,0.09870,70.64440
python,medium_write_heavy,10000,25,0.6441,15525.41,0.05240,0.07640,0.10800,73.71710
python,medium_write_heavy,10000,26,0.6120,16340.66,0.04940,0.06880,0.09710,76.71130
python,medium_write_heavy,10000,27,0.6462,15476.03,0.05220,0.07590,0.10710,78.74200
python,medium_write_heavy,10000,28,0.6120,16339.18,0.05020,0.07260,0.09830,67.09700
python,medium_write_heavy,10000,29,0.5998,16671.40,0.04850,0.06830,0.09620,74.86620
python,medium_write_heavy,10000,30,0.6454,15493.65,0.05280,0.07870,0.11420,66.29170
python,medium_write_heavy,10000,31,0.6103,16386.39,0.04990,0.07270,0.09880,69.95270
python,medium_write_heavy,10000,32,0.6059,16504.81,0.04920,0.07030,0.09870,75.33080
python,medium_write_heavy,10000,33,0.6416,15585.54,0.05260,0.07850,0.10650,69.56430
python,medium_write_heavy,10000,34,0.6066,16485.35,0.04950,0.06910,0.09610,75.07640
python,medium_write_heavy,10000,35,0.6025,16598.72,0.04910,0.06980,0.09820,73.41160
python,medium_write_heavy,10000,36,0.6199,16132.12,0.05030,0.07340,0.10340,69.83750
python,medium_write_heavy,10000,37,0.6815,14673.27,0.05540,0.08200,0.10810,84.82330
python,medium_write_heavy,10000,38,0.6991,14304.70,0.05590,0.08520,0.11920,81.47850
python,medium_write_heavy,10000,39,0.6277,15930.31,0.05130,0.07430,0.10170,72.03550
python,medium_write_heavy,10000,40,0.5983,16715.23,0.04870,0.06880,0.09840,74.74270
python,medium_write_heavy,10000,41,0.6415,15588.88,0.05270,0.07750,0.10410,70.11460
python,medium_write_heavy,10000,42,0.6082,16441.15,0.04950,0.07160,0.10060,71.55830
python,medium_write_heavy,10000,43,0.6063,16494.46,0.04930,0.06940,0.09870,75.03700
python,medium_write_heavy,10000,44,0.6383,15665.82,0.05210,0.07820,0.10580,72.91320
python,medium_write_heavy,10000,45,0.6019,16615.20,0.04910,0.06750,0.09760,75.34710
python,medium_write_heavy,10000,46,0.5952,16799.90,0.04800,0.06740,0.09810,73.88560
python,medium_write_heavy,10000,47,0.6032,16579.43,0.04960,0.07140,0.09930,67.65260
python,medium_write_heavy,10000,48,0.6029,16586.07,0.04910,0.06860,0.09580,75.28380
python,medium_write_heavy,10000,49,0.6480,15433.17,0.05310,0.07820,0.10430,69.39000
python,medium_write_heavy,10000,50,0.6106,16377.36,0.04970,0.07230,0.09820,71.98170
python,medium_write_heavy,10000,51,0.6393,15641.51,0.05150,0.07350,0.09850,85.53790
python,medium_write_heavy,10000,52,0.6207,16110.47,0.05070,0.07230,0.09930,72.64280
python,medium_write_heavy,10000,53,0.6483,15424.40,0.05250,0.07890,0.10650,74.36210
python,medium_write_heavy,10000,54,0.6544,15281.02,0.05240,0.07580,0.10080,90.74960
python,medium_write_heavy,10000,55,0.6328,15801.81,0.05170,0.07660,0.10180,70.67780
python,medium_write_heavy,10000,56,0.6166,16218.23,0.05000,0.06900,0.09570,77.92820
python,medium_write_heavy,10000,57,0.6528,15319.19,0.05290,0.07800,0.10850,75.41590
python,medium_write_heavy,10000,58,0.6081,16443.41,0.04970,0.07120,0.09640,68.42920
python,medium_write_heavy,10000,59,0.6072,16469.76,0.04930,0.06870,0.09790,74.89720
python,medium_write_heavy,10000,60,0.6253,15993.54,0.05120,0.07480,0.10490,69.14920
python,medium_write_heavy,10000,61,0.6017,16619.83,0.04910,0.07140,0.09840,69.39880
python,medium_write_heavy,10000,62,0.6082,16441.24,0.04930,0.06810,0.09640,76.18980
python,medium_write_heavy,10000,63,0.6228,16055.54,0.05120,0.07680,0.10670,67.01630
python,medium_write_heavy,10000,64,0.6096,16404.31,0.04950,0.07040,0.09840,76.19250
python,medium_write_heavy,10000,65,0.6512,15356.37,0.05280,0.07750,0.10630,78.47870
python,medium_write_heavy,10000,66,0.5962,16771.53,0.04880,0.06700,0.09700,72.56210
python,medium_write_heavy,10000,67,0.5987,16702.93,0.04870,0.06810,0.09680,73.04030
python,medium_write_heavy,10000,68,0.6457,15488.03,0.05300,0.07790,0.10580,71.77830
python,medium_write_heavy,10000,69,0.6354,15737.23,0.05030,0.07770,0.10640,74.75280
python,medium_write_heavy,10000,70,0.7394,13525.09,0.05850,0.08780,0.11640,103.77870
python,medium_write_heavy,10000,71,0.6378,15679.23,0.05190,0.07770,0.10360,72.09830
python,medium_write_heavy,10000,72,0.5988,16700.75,0.04880,0.07140,0.09520,69.12580
python,medium_write_heavy,10000,73,0.6133,16305.16,0.04980,0.07030,0.09970,77.01120
python,medium_write_heavy,10000,74,0.6886,14523.23,0.05290,0.09100,0.12450,69.72570
python,medium_write_heavy,10000,75,0.8803,11359.31,0.06830,0.11060,0.14780,105.08920
python,medium_write_heavy,10000,76,0.6440,15527.66,0.05180,0.07270,0.10100,85.44950
python,medium_write_heavy,10000,77,0.6488,15412.10,0.05250,0.07730,0.10390,76.90260
python,medium_write_heavy,10000,78,0.6172,16201.09,0.05030,0.07370,0.10250,68.99110
python,medium_write_heavy,10000,79,0.6144,16277.00,0.04990,0.06930,0.09910,76.82320
python,medium_write_heavy,10000,80,0.6449,15505.11,0.05290,0.07840,0.10650,70.62930
python,medium_write_heavy,10000,81,0.6225,16063.07,0.04950,0.07320,0.10460,73.83290
python,medium_write_heavy,10000,82,0.6355,15735.27,0.05110,0.07090,0.10360,81.96100
python,medium_write_heavy,10000,83,0.6148,16264.32,0.05050,0.07380,0.10290,67.26640
python,medium_write_heavy,10000,84,0.6013,16630.24,0.04860,0.07050,0.09570,73.96300
python,medium_write_heavy,10000,85,0.6215,16090.44,0.05000,0.07040,0.09920,80.96950
python,medium_write_heavy,10000,86,0.6987,14312.86,0.05670,0.08720,0.11780,76.42120
python,medium_write_heavy,10000,87,0.6223,16070.36,0.05050,0.07130,0.09890,78.65770
python,medium_write_heavy,10000,88,0.6469,15458.88,0.05180,0.07520,0.10150,84.50510
python,medium_write_heavy,10000,89,0.6040,16555.62,0.04940,0.07140,0.09700,70.79540
python,medium_write_heavy,10000,90,0.5912,16915.24,0.04810,0.06770,0.09610,72.71590
python,medium_write_heavy,10000,91,0.6599,15153.63,0.05420,0.08210,0.11290,68.87640
python,medium_write_heavy,10000,92,0.6392,15644.31,0.05140,0.07680,0.10610,77.85050
python,medium_write_heavy,10000,93,0.6042,16551.89,0.04930,0.06820,0.09390,74.54900
python,medium_write_heavy,10000,94,0.6355,15734.52,0.05190,0.07810,0.10700,72.13690
python,medium_write_heavy,10000,95,0.6084,16436.88,0.04920,0.06890,0.09790,74.03940
python,medium_write_heavy,10000,96,0.6235,16037.23,0.04980,0.07040,0.09630,86.14750
python,medium_write_heavy,10000,97,0.6282,15919.07,0.05110,0.07650,0.10810,68.50780
python,medium_write_heavy,10000,98,0.6157,16242.65,0.04990,0.07100,0.09980,77.16230
python,medium_write_heavy,10000,99,0.6476,15441.45,0.05290,0.07900,0.10790,71.99390
python,medium_write_heavy,10000,100,0.6106,16377.33,0.04950,0.07130,0.09780,72.84230
java,medium_write_heavy,10000,1,1.0912,9164.63,0.08070,0.15350,0.21870,110.85000
java,medium_write_heavy,10000,2,1.1789,8482.43,0.08250,0.17430,0.25550,147.76850
java,medium_write_heavy,10000,3,1.0652,9388.31,0.07500,0.13950,0.19370,144.32360
java,medium_write_heavy,10000,4,1.1393,8777.10,0.08190,0.16210,0.24410,131.09620
java,medium_write_heavy,10000,5,1.0464,9556.82,0.07600,0.14650,0.22670,121.46860
java,medium_write_heavy,10000,6,1.0648,9391.69,0.07410,0.13620,0.19280,145.37480
java,medium_write_heavy,10000,7,1.0513,9512.06,0.07860,0.14700,0.22000,116.28730
java,medium_write_heavy,10000,8,1.0852,9215.05,0.07620,0.14260,0.22130,147.66420
java,medium_write_heavy,10000,9,1.0263,9743.63,0.07660,0.13970,0.20090,121.01960
java,medium_write_heavy,10000,10,1.0904,9170.92,0.07740,0.14660,0.22710,122.60700
java,medium_write_heavy,10000,11,1.2274,8147.17,0.09260,0.16060,0.23430,164.86800
java,medium_write_heavy,10000,12,1.1141,8975.88,0.08330,0.15030,0.22780,136.49580
java,medium_write_heavy,10000,13,1.1013,9080.17,0.08040,0.14370,0.20870,127.97330
java,medium_write_heavy,10000,14,1.0255,9750.93,0.07610,0.14100,0.22740,113.77350
java,medium_write_heavy,10000,15,1.1010,9082.27,0.07990,0.14880,0.22150,116.46910
java,medium_write_heavy,10000,16,1.0909,9166.44,0.07660,0.13660,0.22200,149.78600
java,medium_write_heavy,10000,17,1.0997,9093.02,0.07430,0.14200,0.21440,186.25230
java,medium_write_heavy,10000,18,1.0457,9563.05,0.07520,0.13930,0.20720,133.34710
java,medium_write_heavy,10000,19,1.0796,9262.36,0.07750,0.14630,0.22420,120.75150
java,medium_write_heavy,10000,20,1.0356,9656.42,0.07620,0.14090,0.20320,118.56170
java,medium_write_heavy,10000,21,1.2216,8185.72,0.09020,0.17110,0.24670,137.05850
java,medium_write_heavy,10000,22,1.1921,8388.31,0.09130,0.15730,0.22260,122.87290
java,medium_write_heavy,10000,23,1.0342,9669.29,0.07290,0.14120,0.20580,127.15640
java,medium_write_heavy,10000,24,1.0667,9374.47,0.07930,0.14250,0.20480,110.34930
java,medium_write_heavy,10000,25,1.0805,9255.31,0.07690,0.14070,0.21330,141.29180
java,medium_write_heavy,10000,26,1.2071,8284.50,0.09270,0.15950,0.22420,138.65350
java,medium_write_heavy,10000,27,1.2691,7879.57,0.09720,0.17980,0.27160,145.95670
java,medium_write_heavy,10000,28,1.3219,7564.59,0.10250,0.18700,0.26890,142.76230
java,medium_write_heavy,10000,29,1.3124,7619.34,0.10050,0.18950,0.26560,145.43530
java,medium_write_heavy,10000,30,1.4226,7029.60,0.10580,0.21120,0.30650,169.83030
java,medium_write_heavy,10000,31,1.2233,8174.37,0.08630,0.18380,0.25930,157.20300
java,medium_write_heavy,10000,32,1.1461,8724.88,0.08040,0.13980,0.20300,183.62330
java,medium_write_heavy,10000,33,1.0261,9746.10,0.07210,0.13100,0.19210,155.46960
java,medium_write_heavy,10000,34,1.1104,9005.76,0.08070,0.15040,0.22230,115.96220
java,medium_write_heavy,10000,35,1.1164,8957.23,0.07820,0.15380,0.23340,154.68500
java,medium_write_heavy,10000,36,1.0555,9473.86,0.07450,0.13580,0.20790,133.68330
java,medium_write_heavy,10000,37,1.0762,9291.75,0.07200,0.13090,0.19440,185.28630
java,medium_write_heavy,10000,38,1.0525,9501.50,0.07340,0.13560,0.20290,141.32530
java,medium_write_heavy,10000,39,1.1353,8808.02,0.08740,0.15850,0.22120,121.01990
java,medium_write_heavy,10000,40,1.2033,8310.37,0.09080,0.16170,0.26180,130.73890
java,medium_write_heavy,10000,41,1.0810,9251.11,0.07180,0.12940,0.20560,186.01190
java,medium_write_heavy,10000,42,1.0220,9784.83,0.07220,0.13520,0.19520,132.11770
java,medium_write_heavy,10000,43,1.1448,8735.18,0.08500,0.16510,0.24480,117.99330
java,medium_write_heavy,10000,44,1.1114,8998.01,0.07960,0.16120,0.25540,120.67190
java,medium_write_heavy,10000,45,1.0924,9154.31,0.07850,0.14630,0.21190,129.49840
java,medium_write_heavy,10000,46,1.0246,9759.46,0.07550,0.13920,0.22080,123.26930
java,medium_write_heavy,10000,47,1.0933,9146.44,0.07800,0.15510,0.24950,121.47340
java,medium_write_heavy,10000,48,1.1192,8935.08,0.08410,0.14260,0.20840,149.85440
java,medium_write_heavy,10000,49,1.2190,8203.25,0.08940,0.17580,0.26260,131.81750
java,medium_write_heavy,10000,50,1.0361,9651.58,0.07400,0.13110,0.18890,151.21780
java,medium_write_heavy,10000,51,1.0882,9189.31,0.07880,0.14670,0.21280,117.05270
java,medium_write_heavy,10000,52,1.0962,9122.29,0.07610,0.13940,0.20000,163.74980
java,medium_write_heavy,10000,53,1.1339,8818.92,0.08400,0.15940,0.24510,125.15570
java,medium_write_heavy,10000,54,1.1054,9046.10,0.07850,0.15090,0.23260,127.89350
java,medium_write_heavy,10000,55,1.0323,9686.92,0.07450,0.14130,0.21600,115.41000
java,medium_write_heavy,10000,56,1.0907,9168.08,0.07440,0.13890,0.19640,159.24890
java,medium_write_heavy,10000,57,1.1168,8954.03,0.08250,0.15140,0.23180,119.75140
java,medium_write_heavy,10000,58,1.1565,8646.55,0.09000,0.15420,0.23090,132.85410
java,medium_write_heavy,10000,59,1.1155,8964.81,0.07790,0.15400,0.23310,142.81240
java,medium_write_heavy,10000,60,1.0810,9250.69,0.07510,0.14310,0.19990,136.51650
java,medium_write_heavy,10000,61,1.0978,9108.93,0.07730,0.14040,0.20520,158.59880
java,medium_write_heavy,10000,62,1.0523,9502.80,0.07580,0.14200,0.23170,136.29940
java,medium_write_heavy,10000,63,1.0832,9232.19,0.07600,0.14280,0.20770,144.08430
java,medium_write_heavy,10000,64,1.0294,9714.40,0.07300,0.12970,0.19360,154.25060
java,medium_write_heavy,10000,65,1.0304,9705.31,0.07400,0.14290,0.21750,119.33400
java,medium_write_heavy,10000,66,1.0800,9258.95,0.07990,0.15880,0.24480,134.28700
java,medium_write_heavy,10000,67,1.1359,8803.96,0.08700,0.15600,0.22750,120.52790
java,medium_write_heavy,10000,68,1.5060,6640.02,0.11890,0.19920,0.28840,131.53170
java,medium_write_heavy,10000,69,1.1657,8578.44,0.08580,0.14730,0.23420,161.84760
java,medium_write_heavy,10000,70,1.1783,8486.45,0.08110,0.17110,0.25270,155.18140
java,medium_write_heavy,10000,71,1.0597,9436.83,0.07540,0.14040,0.20300,119.23500
java,medium_write_heavy,10000,72,1.0437,9581.28,0.07530,0.13850,0.20480,132.90290
java,medium_write_heavy,10000,73,1.0905,9170.48,0.07970,0.14180,0.20870,125.70300
java,medium_write_heavy,10000,74,1.0791,9266.63,0.07250,0.13350,0.20070,177.11690
java,medium_write_heavy,10000,75,1.0266,9741.06,0.07130,0.13000,0.19230,166.25830
java,medium_write_heavy,10000,76,1.0627,9410.33,0.07710,0.14180,0.21610,119.27420
java,medium_write_heavy,10000,77,1.1434,8745.82,0.09000,0.15750,0.21940,115.40740
java,medium_write_heavy,10000,78,1.1777,8491.34,0.08540,0.17630,0.27410,142.85380
java,medium_write_heavy,10000,79,1.0753,9299.67,0.07830,0.15000,0.23090,138.47930
java,medium_write_heavy,10000,80,1.0719,9329.23,0.07810,0.14850,0.22990,126.70490
java,medium_write_heavy,10000,81,1.0850,9216.26,0.07740,0.14930,0.23130,131.06790
java,medium_write_heavy,10000,82,1.1178,8946.13,0.08170,0.15260,0.22750,124.82380
java,medium_write_heavy,10000,83,1.0332,9679.10,0.07290,0.13200,0.19800,158.21420
java,medium_write_heavy,10000,84,1.1465,8722.13,0.08780,0.15690,0.23840,118.93350
java,medium_write_heavy,10000,85,1.1115,8997.20,0.07990,0.14470,0.20580,136.81380
java,medium_write_heavy,10000,86,1.0601,9433.19,0.07320,0.13410,0.20590,145.78020
java,medium_write_heavy,10000,87,1.2141,8236.62,0.08900,0.14810,0.20770,177.31880
java,medium_write_heavy,10000,88,1.1089,9017.87,0.07850,0.15340,0.23210,138.26570
java,medium_write_heavy,10000,89,1.0731,9318.98,0.07690,0.15190,0.23420,120.36400
java,medium_write_heavy,10000,90,1.1324,8831.04,0.08270,0.15370,0.21130,126.41210
java,medium_write_heavy,10000,91,1.0822,9240.55,0.07480,0.13670,0.20330,169.78900
java,medium_write_heavy,10000,92,1.0957,9126.71,0.07710,0.14970,0.22890,156.68770
java,medium_write_heavy,10000,93,1.0866,9202.61,0.07940,0.14160,0.20020,130.66650
java,medium_write_heavy,10000,94,1.1460,8726.33,0.08050,0.16500,0.24680,157.27920
java,medium_write_heavy,10000,95,1.1340,8818.20,0.08650,0.15240,0.21400,130.12310
java,medium_write_heavy,10000,96,1.2760,7836.92,0.09530,0.18730,0.26880,148.65330
java,medium_write_heavy,10000,97,1.1984,8344.19,0.08230,0.18590,0.27440,149.93150
java,medium_write_heavy,10000,98,1.1728,8526.59,0.08240,0.14640,0.21670,185.48620
java,medium_write_heavy,10000,99,1.0401,9614.81,0.07480,0.13790,0.20020,126.38230
java,medium_write_heavy,10000,100,1.2404,8062.07,0.09380,0.16100,0.23440,171.72350
rust,medium_write_heavy,10000,1,0.5834,17139.62,0.05080,0.08360,0.11270,28.97500
rust,medium_write_heavy,10000,2,0.4732,21132.62,0.04270,0.06070,0.08840,20.14210
rust,medium_write_heavy,10000,3,0.5295,18886.07,0.04690,0.07200,0.10050,21.65250
rust,medium_write_heavy,10000,4,0.4676,21384.25,0.04210,0.05980,0.08610,18.83490
rust,medium_write_heavy,10000,5,0.5171,19337.76,0.04550,0.07210,0.11020,19.93800
rust,medium_write_heavy,10000,6,0.4830,20704.76,0.04310,0.06100,0.08640,22.91840
rust,medium_write_heavy,10000,7,0.5051,19797.57,0.04540,0.06540,0.09260,21.47010
rust,medium_write_heavy,10000,8,0.4685,21344.86,0.04220,0.06090,0.09120,18.59200
rust,medium_write_heavy,10000,9,0.4839,20664.97,0.04350,0.06170,0.08930,21.05860
rust,medium_write_heavy,10000,10,0.4564,21909.55,0.04130,0.05640,0.08310,21.40080
rust,medium_write_heavy,10000,11,0.5269,18980.32,0.04670,0.06970,0.09940,25.72480
rust,medium_write_heavy,10000,12,0.5358,18662.35,0.04760,0.07410,0.10730,20.07070
rust,medium_write_heavy,10000,13,0.5476,18260.70,0.04870,0.07350,0.10250,22.69100
rust,medium_write_heavy,10000,14,0.4776,20938.34,0.04300,0.06170,0.09190,18.82480
rust,medium_write_heavy,10000,15,0.5067,19734.40,0.04560,0.06720,0.09460,19.51290
rust,medium_write_heavy,10000,16,0.4729,21146.48,0.04250,0.06170,0.09270,19.05130
rust,medium_write_heavy,10000,17,0.5053,19790.76,0.04530,0.06610,0.09590,19.85330
rust,medium_write_heavy,10000,18,0.4684,21347.34,0.04220,0.06010,0.08810,19.23870
rust,medium_write_heavy,10000,19,0.5065,19742.69,0.04480,0.06590,0.09560,26.50500
rust,medium_write_heavy,10000,20,0.4671,21410.22,0.04200,0.06000,0.08780,18.76260
rust,medium_write_heavy,10000,21,0.5046,19819.30,0.04500,0.06750,0.09590,19.98440
rust,medium_write_heavy,10000,22,0.4690,21322.44,0.04220,0.05880,0.08690,22.12530
rust,medium_write_heavy,10000,23,0.5217,19169.00,0.04630,0.06790,0.10170,22.89750
rust,medium_write_heavy,10000,24,0.4748,21061.61,0.04290,0.06050,0.08730,19.87030
rust,medium_write_heavy,10000,25,0.4993,20029.61,0.04420,0.06350,0.09390,25.97800
rust,medium_write_heavy,10000,26,0.4597,21755.40,0.04150,0.05890,0.08750,18.48280
rust,medium_write_heavy,10000,27,0.5016,19937.51,0.04500,0.06590,0.09530,19.30250
rust,medium_write_heavy,10000,28,0.4649,21509.71,0.04190,0.05880,0.08760,19.71340
rust,medium_write_heavy,10000,29,0.5073,19712.23,0.04510,0.06680,0.09620,22.85990
rust,medium_write_heavy,10000,30,0.4728,21151.53,0.04260,0.06020,0.08800,18.30370
rust,medium_write_heavy,10000,31,0.5109,19571.47,0.04540,0.06740,0.10140,21.79800
rust,medium_write_heavy,10000,32,0.4678,21377.11,0.04210,0.05880,0.08520,21.31790
rust,medium_write_heavy,10000,33,0.5503,18172.68,0.04840,0.07500,0.10950,21.70710
rust,medium_write_heavy,10000,34,0.4964,20147.00,0.04450,0.06370,0.09010,20.53350
rust,medium_write_heavy,10000,35,0.5163,19368.80,0.04640,0.06760,0.09210,20.68130
rust,medium_write_heavy,10000,36,0.4679,21371.86,0.04260,0.05960,0.08290,17.57510
rust,medium_write_heavy,10000,37,0.4904,20391.62,0.04430,0.06200,0.08540,19.62150
rust,medium_write_heavy,10000,38,0.4559,21934.01,0.04160,0.05730,0.08190,17.13460
rust,medium_write_heavy,10000,39,0.4885,20471.41,0.04420,0.06200,0.08650,18.52770
rust,medium_write_heavy,10000,40,0.4588,21794.38,0.04150,0.05540,0.07840,21.37840
rust,medium_write_heavy,10000,41,0.5016,19937.87,0.04480,0.06340,0.08750,25.26280
rust,medium_write_heavy,10000,42,0.4546,21997.99,0.04140,0.05530,0.07870,18.38530
rust,medium_write_heavy,10000,43,0.4949,20207.65,0.04450,0.06340,0.09070,20.07720
rust,medium_write_heavy,10000,44,0.4564,21910.60,0.04160,0.05650,0.07750,17.60430
rust,medium_write_heavy,10000,45,0.5066,19738.21,0.04540,0.06860,0.09330,17.13320
rust,medium_write_heavy,10000,46,0.5876,17017.19,0.05430,0.07430,0.09740,20.98330
rust,medium_write_heavy,10000,47,0.6562,15239.32,0.06020,0.08610,0.10960,23.39560
rust,medium_write_heavy,10000,48,0.6230,16050.19,0.05740,0.08000,0.10580,20.45910
rust,medium_write_heavy,10000,49,0.4842,20654.53,0.04390,0.05900,0.07770,22.49040
rust,medium_write_heavy,10000,50,0.5026,19898.17,0.04480,0.06880,0.08940,16.84200
rust,medium_write_heavy,10000,51,0.4710,21231.31,0.04270,0.05650,0.07450,19.47400
rust,medium_write_heavy,10000,52,0.4708,21238.76,0.04260,0.06010,0.08200,16.84360
rust,medium_write_heavy,10000,53,0.4799,20837.39,0.04350,0.05940,0.08210,21.40660
rust,medium_write_heavy,10000,54,0.5186,19284.14,0.04680,0.06630,0.08810,19.08460
rust,medium_write_heavy,10000,55,0.4742,21087.43,0.04310,0.05830,0.08230,18.59050
rust,medium_write_heavy,10000,56,0.4478,22330.88,0.04110,0.05400,0.07200,16.94420
rust,medium_write_heavy,10000,57,0.4534,22053.97,0.04160,0.05490,0.08010,19.22940
rust,medium_write_heavy,10000,58,0.4462,22412.26,0.04080,0.05560,0.07520,16.91410
rust,medium_write_heavy,10000,59,0.4927,20296.13,0.04490,0.06190,0.08550,18.99530
rust,medium_write_heavy,10000,60,0.4579,21839.63,0.04190,0.05610,0.07830,17.24850
rust,medium_write_heavy,10000,61,0.4745,21073.21,0.04310,0.05900,0.08190,20.78740
rust,medium_write_heavy,10000,62,0.4515,22148.27,0.04120,0.05590,0.07490,19.72290
rust,medium_write_heavy,10000,63,0.4554,21957.59,0.04160,0.05440,0.07370,19.48920
rust,medium_write_heavy,10000,64,0.4389,22781.67,0.04020,0.05340,0.07240,16.78800
rust,medium_write_heavy,10000,65,0.4893,20436.49,0.04440,0.06020,0.08120,21.78240
rust,medium_write_heavy,10000,66,0.4620,21643.78,0.04230,0.05590,0.07950,18.20010
rust,medium_write_heavy,10000,67,0.4777,20932.51,0.04340,0.06000,0.07940,19.46370
rust,medium_write_heavy,10000,68,0.4422,22614.42,0.04070,0.05270,0.07490,17.32580
rust,medium_write_heavy,10000,69,0.4823,20734.61,0.04360,0.06180,0.08590,16.33600
rust,medium_write_heavy,10000,70,0.4687,21335.11,0.04270,0.05610,0.07770,20.50380
rust,medium_write_heavy,10000,71,0.5357,18666.14,0.04850,0.07270,0.09620,17.06620
rust,medium_write_heavy,10000,72,0.4605,21713.53,0.04220,0.05410,0.07650,18.92030
rust,medium_write_heavy,10000,73,0.4747,21065.56,0.04290,0.05980,0.08370,16.99260
rust,medium_write_heavy,10000,74,0.4389,22785.30,0.04070,0.05050,0.06610,18.15900
rust,medium_write_heavy,10000,75,0.5014,19945.94,0.04420,0.06910,0.09440,16.55580
rust,medium_write_heavy,10000,76,0.5260,19011.40,0.04740,0.06750,0.09090,22.77260
rust,medium_write_heavy,10000,77,0.4823,20736.11,0.04360,0.06090,0.08370,18.50150
rust,medium_write_heavy,10000,78,0.4610,21692.43,0.04200,0.05690,0.07770,17.84240
rust,medium_write_heavy,10000,79,0.4636,21569.96,0.04180,0.05980,0.08240,17.00850
rust,medium_write_heavy,10000,80,0.4667,21426.22,0.04250,0.05620,0.07740,20.68110
rust,medium_write_heavy,10000,81,0.4490,22272.61,0.04090,0.05600,0.07700,17.06380
rust,medium_write_heavy,10000,82,0.5028,19889.44,0.04560,0.06330,0.08740,19.30730
rust,medium_write_heavy,10000,83,0.4514,22153.59,0.04150,0.05440,0.07340,18.13010
rust,medium_write_heavy,10000,84,0.4538,22034.31,0.04160,0.05500,0.07880,17.46910
rust,medium_write_heavy,10000,85,0.4429,22576.21,0.04030,0.05310,0.07230,20.18580
rust,medium_write_heavy,10000,86,0.4643,21539.39,0.04240,0.05680,0.07840,19.16270
rust,medium_write_heavy,10000,87,0.4433,22560.29,0.04090,0.05320,0.07300,17.05260
rust,medium_write_heavy,10000,88,0.4548,21988.44,0.04160,0.05500,0.07330,18.86980
rust,medium_write_heavy,10000,89,0.4444,22500.51,0.04100,0.05300,0.07520,17.02210
rust,medium_write_heavy,10000,90,0.4725,21164.07,0.04320,0.05840,0.07780,16.71590
rust,medium_write_heavy,10000,91,0.5070,19722.69,0.04510,0.07030,0.09250,18.23440
rust,medium_write_heavy,10000,92,0.6892,14510.57,0.06230,0.09560,0.12230,20.61420
rust,medium_write_heavy,10000,93,0.5816,17193.96,0.05190,0.07850,0.10160,22.18470
rust,medium_write_heavy,10000,94,0.5538,18055.77,0.04950,0.07040,0.09450,21.98500
rust,medium_write_heavy,10000,95,0.5488,18222.46,0.04960,0.07140,0.09490,20.80720
rust,medium_write_heavy,10000,96,0.5599,17861.62,0.05020,0.07420,0.09790,21.13770
rust,medium_write_heavy,10000,97,0.5974,16738.10,0.05300,0.07900,0.10720,26.23300
rust,medium_write_heavy,10000,98,0.5542,18042.85,0.05010,0.07070,0.09400,22.01060
rust,medium_write_heavy,10000,99,0.5484,18236.16,0.04950,0.07020,0.09720,21.69070
rust,medium_write_heavy,10000,100,0.5565,17969.01,0.05000,0.07260,0.09960,21.83600
python,large_high_cardinality,100000,1,6.2248,16064.82,0.04010,0.12320,0.17140,89.10770
python,large_high_cardinality,100000,2,6.0881,16425.56,0.04050,0.11310,0.15310,132.66820
python,large_high_cardinality,100000,3,5.7671,17339.85,0.03910,0.10800,0.14450,139.75060
python,large_high_cardinality,100000,4,6.0252,16597.01,0.03950,0.11290,0.15080,119.18110
python,large_high_cardinality,100000,5,6.1071,16374.36,0.04110,0.11150,0.14940,72.89410
python,large_high_cardinality,100000,6,5.9166,16901.46,0.03950,0.10910,0.14560,70.11370
python,large_high_cardinality,100000,7,6.3604,15722.36,0.04620,0.11260,0.15090,62.64680
python,large_high_cardinality,100000,8,8.4713,11804.63,0.06600,0.15980,0.21390,189.55010
python,large_high_cardinality,100000,9,6.7229,14874.51,0.06050,0.09650,0.12960,139.88790
python,large_high_cardinality,100000,10,5.4647,18299.36,0.05050,0.07230,0.10120,77.15650
python,large_high_cardinality,100000,11,5.2365,19096.58,0.04870,0.06770,0.09600,78.29120
python,large_high_cardinality,100000,12,5.4977,18189.32,0.04970,0.07760,0.11070,78.89230
python,large_high_cardinality,100000,13,5.1962,19245.01,0.04820,0.06750,0.09560,78.12840
python,large_high_cardinality,100000,14,5.2209,19153.75,0.04830,0.06810,0.09640,77.02910
python,large_high_cardinality,100000,15,5.1443,19439.11,0.04780,0.06670,0.09460,77.60160
python,large_high_cardinality,100000,16,5.2420,19076.82,0.04860,0.06830,0.09700,76.35010
python,large_high_cardinality,100000,17,5.1642,19363.94,0.04790,0.06680,0.09470,77.95740
python,large_high_cardinality,100000,18,5.3526,18682.66,0.04940,0.07090,0.09990,77.71270
python,large_high_cardinality,100000,19,5.2471,19058.27,0.04870,0.06790,0.09630,84.80930
python,large_high_cardinality,100000,20,5.4857,18229.23,0.05060,0.07320,0.10300,83.55490
python,large_high_cardinality,100000,21,6.9222,14446.27,0.05890,0.11080,0.14950,78.61550
python,large_high_cardinality,100000,22,5.2866,18915.72,0.04870,0.06880,0.09860,104.07940
python,large_high_cardinality,100000,23,5.2113,19189.11,0.04830,0.06780,0.09600,79.69040
python,large_high_cardinality,100000,24,5.1996,19232.35,0.04820,0.06690,0.09480,92.35860
python,large_high_cardinality,100000,25,5.2557,19027.01,0.04860,0.06850,0.09490,88.78630
python,large_high_cardinality,100000,26,5.2001,19230.45,0.04820,0.06750,0.09490,86.38430
python,large_high_cardinality,100000,27,5.1582,19386.73,0.04790,0.06620,0.09410,81.83750
python,large_high_cardinality,100000,28,5.1828,19294.74,0.04810,0.06710,0.09510,78.02110
python,large_high_cardinality,100000,29,5.3084,18838.02,0.04870,0.07050,0.09820,84.55420
python,large_high_cardinality,100000,30,5.1966,19243.37,0.04830,0.06740,0.09570,75.18620
python,large_high_cardinality,100000,31,5.2517,19041.28,0.04860,0.06850,0.09650,75.22030
python,large_high_cardinality,100000,32,5.1536,19403.86,0.04790,0.06640,0.09440,77.88700
python,large_high_cardinality,100000,33,5.2450,19065.78,0.04860,0.06840,0.09630,81.62450
python,large_high_cardinality,100000,34,5.1715,19336.88,0.04790,0.06730,0.09530,74.50680
python,large_high_cardinality,100000,35,5.2313,19115.57,0.04840,0.06840,0.09600,76.43750
python,large_high_cardinality,100000,36,5.1361,19469.90,0.04780,0.06630,0.09410,75.25890
python,large_high_cardinality,100000,37,5.2579,19018.97,0.04870,0.06850,0.09760,78.72930
python,large_high_cardinality,100000,38,5.2299,19120.99,0.04830,0.06910,0.09710,74.26860
python,large_high_cardinality,100000,39,5.4348,18399.94,0.04990,0.07310,0.10160,87.31050
python,large_high_cardinality,100000,40,5.1654,19359.63,0.04790,0.06680,0.09500,83.67190
python,large_high_cardinality,100000,41,5.3696,18623.39,0.04960,0.07120,0.10070,73.38880
python,large_high_cardinality,100000,42,5.1712,19337.99,0.04790,0.06650,0.09530,81.09880
python,large_high_cardinality,100000,43,5.2270,19131.34,0.04840,0.06830,0.09670,77.92630
python,large_high_cardinality,100000,44,5.1547,19399.67,0.04790,0.06640,0.09380,79.00520
python,large_high_cardinality,100000,45,5.2633,18999.43,0.04880,0.06860,0.09600,77.25660
python,large_high_cardinality,100000,46,5.1404,19453.60,0.04780,0.06620,0.09420,75.14210
python,large_high_cardinality,100000,47,5.2676,18984.14,0.04870,0.06910,0.09730,79.41700
python,large_high_cardinality,100000,48,5.1991,19234.28,0.04820,0.06730,0.09600,76.33370
python,large_high_cardinality,100000,49,5.3569,18667.40,0.04940,0.07130,0.09950,74.75140
python,large_high_cardinality,100000,50,5.2280,19127.94,0.04830,0.06780,0.09650,91.83090
python,large_high_cardinality,100000,51,5.2440,19069.46,0.04850,0.06810,0.09730,78.03540
python,large_high_cardinality,100000,52,5.2251,19138.44,0.04840,0.06800,0.09710,76.48590
python,large_high_cardinality,100000,53,5.1605,19378.05,0.04790,0.06660,0.09470,79.77220
python,large_high_cardinality,100000,54,5.1344,19476.34,0.04770,0.06620,0.09400,74.87780
python,large_high_cardinality,100000,55,5.2497,19048.86,0.04850,0.06840,0.09770,77.24050
python,large_high_cardinality,100000,56,5.1620,19372.46,0.04790,0.06680,0.09480,76.65160
python,large_high_cardinality,100000,57,5.6854,17588.77,0.05150,0.08270,0.11200,75.91130
python,large_high_cardinality,100000,58,5.1819,19297.83,0.04810,0.06690,0.09450,82.41540
python,large_high_cardinality,100000,59,5.2402,19083.31,0.04840,0.06840,0.09790,78.88270
python,large_high_cardinality,100000,60,5.1644,19363.43,0.04790,0.06730,0.09460,76.51720
python,large_high_cardinality,100000,61,5.2488,19051.93,0.04860,0.06870,0.09690,72.27220
python,large_high_cardinality,100000,62,5.5065,18160.41,0.04930,0.07700,0.10650,78.34400
python,large_high_cardinality,100000,63,5.5690,17956.41,0.05020,0.08170,0.10810,77.23910
python,large_high_cardinality,100000,64,5.2121,19186.12,0.04820,0.06770,0.09700,82.96510
python,large_high_cardinality,100000,65,5.2487,19052.26,0.04850,0.06850,0.09800,77.32020
python,large_high_cardinality,100000,66,5.1686,19347.54,0.04800,0.06660,0.09540,77.85560
python,large_high_cardinality,100000,67,5.1997,19231.78,0.04820,0.06740,0.09570,74.57250
python,large_high_cardinality,100000,68,5.9521,16800.77,0.05040,0.09520,0.11860,73.35080
python,large_high_cardinality,100000,69,6.1063,16376.62,0.05660,0.08130,0.10860,94.88940
python,large_high_cardinality,100000,70,6.4844,15421.69,0.05930,0.08790,0.10840,93.85180
python,large_high_cardinality,100000,71,6.5917,15170.59,0.06180,0.08580,0.10260,77.53320
python,large_high_cardinality,100000,72,6.9888,14308.64,0.06390,0.09730,0.13840,81.76960
python,large_high_cardinality,100000,73,5.9792,16724.55,0.05290,0.08920,0.12690,108.95010
python,large_high_cardinality,100000,74,5.1788,19309.50,0.04810,0.06680,0.09530,78.95630
python,large_high_cardinality,100000,75,5.2337,19106.81,0.04840,0.06820,0.09630,76.18460
python,large_high_cardinality,100000,76,5.1488,19422.18,0.04780,0.06640,0.09420,78.46180
python,large_high_cardinality,100000,77,5.2498,19048.33,0.04850,0.06890,0.09730,75.49170
python,large_high_cardinality,100000,78,5.1776,19313.93,0.04810,0.06680,0.09520,76.76830
python,large_high_cardinality,100000,79,5.2329,19109.95,0.04850,0.06820,0.09670,77.97020
python,large_high_cardinality,100000,80,5.1610,19376.08,0.04790,0.06650,0.09440,77.15430
python,large_high_cardinality,100000,81,5.2259,19135.34,0.04840,0.06810,0.09660,76.90570
python,large_high_cardinality,100000,82,5.1394,19457.41,0.04780,0.06610,0.09350,77.26980
python,large_high_cardinality,100000,83,5.5383,18056.24,0.05110,0.07590,0.10380,75.54660
python,large_high_cardinality,100000,84,5.1490,19421.20,0.04780,0.06670,0.09460,72.60860
python,large_high_cardinality,100000,85,5.3199,18797.51,0.04920,0.07030,0.09920,76.55980
python,large_high_cardinality,100000,86,5.1651,19360.78,0.04790,0.06660,0.09440,75.14010
python,large_high_cardinality,100000,87,5.2457,19063.05,0.04850,0.06870,0.09750,74.69150
python,large_high_cardinality,100000,88,5.1541,19401.98,0.04780,0.06650,0.09540,78.63420
python,large_high_cardinality,100000,89,5.4592,18317.76,0.05010,0.07310,0.10140,77.05130
python,large_high_cardinality,100000,90,5.1634,19367.26,0.04790,0.06660,0.09480,73.89280
python,large_high_cardinality,100000,91,5.2617,19005.32,0.04870,0.06890,0.09640,77.14650
python,large_high_cardinality,100000,92,5.1402,19454.34,0.04780,0.06610,0.09440,76.41710
python,large_high_cardinality,100000,93,5.2200,19157.18,0.04840,0.06820,0.09660,76.14190
python,large_high_cardinality,100000,94,5.1630,19368.60,0.04800,0.06630,0.09450,75.82820
python,large_high_cardinality,100000,95,5.2488,19051.91,0.04860,0.06900,0.09690,76.88230
python,large_high_cardinality,100000,96,5.2694,18977.48,0.04880,0.06910,0.09740,79.67300
python,large_high_cardinality,100000,97,5.3658,18636.47,0.04940,0.07120,0.10010,79.99780
python,large_high_cardinality,100000,98,5.1237,19517.22,0.04770,0.06580,0.09360,74.80800
python,large_high_cardinality,100000,99,5.2286,19125.54,0.04840,0.06800,0.09640,77.73030
python,large_high_cardinality,100000,100,5.1531,19405.80,0.04790,0.06660,0.09480,72.68960
java,large_high_cardinality,100000,1,6.3201,15822.55,0.05540,0.09570,0.13740,123.20140
java,large_high_cardinality,100000,2,6.1583,16238.12,0.05430,0.09120,0.13130,108.32620
java,large_high_cardinality,100000,3,6.8338,14633.25,0.05970,0.10220,0.15270,122.91310
java,large_high_cardinality,100000,4,7.1257,14033.74,0.06360,0.10860,0.15050,113.35360
java,large_high_cardinality,100000,5,6.4560,15489.56,0.05450,0.10700,0.15420,137.77580
java,large_high_cardinality,100000,6,6.2930,15890.69,0.05460,0.09840,0.14030,110.67870
java,large_high_cardinality,100000,7,6.3542,15737.64,0.05630,0.09320,0.13270,109.73950
java,large_high_cardinality,100000,8,6.1355,16298.69,0.05390,0.09150,0.13150,112.37290
java,large_high_cardinality,100000,9,6.2368,16033.94,0.05520,0.09080,0.13000,111.59590
java,large_high_cardinality,100000,10,6.1852,16167.69,0.05460,0.09160,0.13060,109.30940
java,large_high_cardinality,100000,11,6.3243,15812.02,0.05460,0.10100,0.14140,109.02890
java,large_high_cardinality,100000,12,6.2231,16069.12,0.05490,0.09090,0.13020,109.17420
java,large_high_cardinality,100000,13,6.1424,16280.27,0.05390,0.09190,0.13100,110.69250
java,large_high_cardinality,100000,14,6.3283,15802.14,0.05530,0.09590,0.13930,108.71050
java,large_high_cardinality,100000,15,6.8970,14499.06,0.06130,0.10100,0.14100,113.54400
java,large_high_cardinality,100000,16,6.4411,15525.23,0.05430,0.10270,0.15960,161.76510
java,large_high_cardinality,100000,17,6.3157,15833.52,0.05520,0.09580,0.13800,107.44370
java,large_high_cardinality,100000,18,6.1692,16209.53,0.05450,0.09080,0.13150,107.91540
java,large_high_cardinality,100000,19,6.3788,15676.94,0.05500,0.09980,0.13770,109.63910
java,large_high_cardinality,100000,20,6.2491,16002.36,0.05480,0.09350,0.13210,113.42560
java,large_high_cardinality,100000,21,6.1465,16269.31,0.05440,0.08950,0.12940,112.46190
java,large_high_cardinality,100000,22,6.2576,15980.59,0.05550,0.09100,0.13070,110.78550
java,large_high_cardinality,100000,23,6.2992,15874.96,0.05510,0.09170,0.13070,117.16820
java,large_high_cardinality,100000,24,6.5758,15207.28,0.05950,0.09250,0.12370,98.53610
java,large_high_cardinality,100000,25,6.0754,16459.79,0.05420,0.08670,0.12040,110.67180
java,large_high_cardinality,100000,26,6.7455,14824.65,0.06090,0.09750,0.13910,106.05410
java,large_high_cardinality,100000,27,6.2206,16075.74,0.05500,0.09200,0.13160,109.30050
java,large_high_cardinality,100000,28,6.1460,16270.83,0.05400,0.09130,0.13170,111.01160
java,large_high_cardinality,100000,29,6.3970,15632.42,0.05500,0.10040,0.14300,115.34620
java,large_high_cardinality,100000,30,6.2655,15960.49,0.05530,0.09270,0.13240,109.30670
java,large_high_cardinality,100000,31,6.1330,16305.14,0.05380,0.09210,0.13280,109.99950
java,large_high_cardinality,100000,32,6.3414,15769.29,0.05540,0.09610,0.13660,113.98590
java,large_high_cardinality,100000,33,6.1465,16269.41,0.05440,0.09040,0.12860,109.06070
java,large_high_cardinality,100000,34,6.3783,15678.22,0.05500,0.10010,0.14200,113.85270
java,large_high_cardinality,100000,35,6.2383,16030.12,0.05510,0.09180,0.13070,109.98500
java,large_high_cardinality,100000,36,6.1632,16225.40,0.05460,0.08950,0.13000,109.04030
java,large_high_cardinality,100000,37,6.2595,15975.79,0.05470,0.09580,0.13670,110.50600
java,large_high_cardinality,100000,38,6.1308,16310.96,0.05390,0.09110,0.13030,110.31870
java,large_high_cardinality,100000,39,6.2852,15910.51,0.05400,0.10020,0.14210,112.11810
java,large_high_cardinality,100000,40,6.2921,15893.04,0.05490,0.09510,0.13550,116.15550
java,large_high_cardinality,100000,41,6.1788,16184.47,0.05450,0.09080,0.13050,111.08010
java,large_high_cardinality,100000,42,6.2805,15922.21,0.05550,0.09220,0.13070,114.33830
java,large_high_cardinality,100000,43,6.2200,16077.29,0.05450,0.09150,0.13140,110.89090
java,large_high_cardinality,100000,44,6.5475,15272.95,0.05500,0.10560,0.15810,151.60140
java,large_high_cardinality,100000,45,6.2682,15953.43,0.05500,0.09450,0.13470,113.59700
java,large_high_cardinality,100000,46,6.1525,16253.43,0.05420,0.09050,0.13060,112.86070
java,large_high_cardinality,100000,47,6.2145,16091.27,0.05470,0.09180,0.13150,109.54000
java,large_high_cardinality,100000,48,6.2260,16061.63,0.05500,0.09070,0.12940,114.53890
java,large_high_cardinality,100000,49,6.2850,15910.84,0.05440,0.09580,0.14380,116.66640
java,large_high_cardinality,100000,50,6.2460,16010.18,0.05540,0.09050,0.13120,111.54360
java,large_high_cardinality,100000,51,6.1383,16291.28,0.05400,0.09110,0.12960,109.75120
java,large_high_cardinality,100000,52,6.2534,15991.25,0.05530,0.09190,0.13170,110.51130
java,large_high_cardinality,100000,53,6.4686,15459.19,0.05690,0.09650,0.13670,119.58710
java,large_high_cardinality,100000,54,6.2946,15886.52,0.05470,0.09470,0.14000,131.31270
java,large_high_cardinality,100000,55,6.2370,16033.33,0.05520,0.09140,0.12900,109.34770
java,large_high_cardinality,100000,56,6.1671,16215.13,0.05400,0.09360,0.13340,109.16200
java,large_high_cardinality,100000,57,6.2120,16097.99,0.05490,0.09190,0.13110,111.81620
java,large_high_cardinality,100000,58,6.1318,16308.51,0.05410,0.09010,0.12870,111.95580
java,large_high_cardinality,100000,59,6.3270,15805.24,0.05460,0.09670,0.14510,129.01320
java,large_high_cardinality,100000,60,6.3165,15831.53,0.05560,0.09390,0.13570,108.43530
java,large_high_cardinality,100000,61,6.4473,15510.32,0.05660,0.09580,0.13430,109.37530
java,large_high_cardinality,100000,62,6.2995,15874.27,0.05510,0.09270,0.13880,124.09700
java,large_high_cardinality,100000,63,7.0616,14161.09,0.05920,0.11770,0.16220,108.71940
java,large_high_cardinality,100000,64,6.7032,14918.23,0.05950,0.09900,0.13710,110.17840
java,large_high_cardinality,100000,65,6.2385,16029.52,0.05520,0.09090,0.13140,108.41680
java,large_high_cardinality,100000,66,6.1902,16154.47,0.05450,0.09180,0.13050,108.43010
java,large_high_cardinality,100000,67,6.3024,15866.93,0.05490,0.09710,0.13560,107.40440
java,large_high_cardinality,100000,68,6.3056,15859.03,0.05550,0.09380,0.13310,109.62460
java,large_high_cardinality,100000,69,6.1296,16314.15,0.05400,0.09070,0.13000,114.31350
java,large_high_cardinality,100000,70,6.2152,16089.56,0.05480,0.09050,0.12880,129.47320
java,large_high_cardinality,100000,71,6.2564,15983.52,0.05520,0.09250,0.13220,112.23460
java,large_high_cardinality,100000,72,6.4267,15560.17,0.05520,0.09980,0.14980,127.67780
java,large_high_cardinality,100000,73,6.5068,15368.53,0.05860,0.09200,0.12240,102.78910
java,large_high_cardinality,100000,74,5.8588,17068.42,0.05220,0.08440,0.11620,108.31560
java,large_high_cardinality,100000,75,5.9879,16700.41,0.05370,0.08470,0.11780,96.70050
java,large_high_cardinality,100000,76,5.8708,17033.38,0.05220,0.08570,0.11870,104.49730
java,large_high_cardinality,100000,77,6.0030,16658.41,0.05350,0.08600,0.11950,97.59140
java,large_high_cardinality,100000,78,5.9506,16804.96,0.05320,0.08590,0.11740,103.54040
java,large_high_cardinality,100000,79,5.9047,16935.61,0.05250,0.08560,0.12200,110.63530
java,large_high_cardinality,100000,80,6.0001,16666.41,0.05400,0.08410,0.11660,103.43660
java,large_high_cardinality,100000,81,5.8634,17055.06,0.05240,0.08420,0.11830,104.78180
java,large_high_cardinality,100000,82,5.9810,16719.48,0.05360,0.08700,0.11730,94.55180
java,large_high_cardinality,100000,83,5.9396,16836.21,0.05280,0.08660,0.12210,103.17300
java,large_high_cardinality,100000,84,5.9949,16680.84,0.05300,0.08990,0.12560,105.78390
java,large_high_cardinality,100000,85,5.9371,16843.24,0.05290,0.08720,0.12130,96.64630
java,large_high_cardinality,100000,86,5.8575,17072.05,0.05230,0.08460,0.11620,94.40610
java,large_high_cardinality,100000,87,5.9979,16672.51,0.05380,0.08520,0.11470,95.65120
java,large_high_cardinality,100000,88,6.4135,15592.06,0.05750,0.09290,0.13090,102.08930
java,large_high_cardinality,100000,89,6.6559,15024.31,0.05830,0.09890,0.13740,123.46120
java,large_high_cardinality,100000,90,6.2724,15942.89,0.05520,0.09150,0.13600,111.59810
java,large_high_cardinality,100000,91,6.1950,16142.09,0.05480,0.09130,0.12910,112.24620
java,large_high_cardinality,100000,92,6.3229,15815.42,0.05570,0.09340,0.13430,114.23930
java,large_high_cardinality,100000,93,6.1600,16233.64,0.05450,0.09040,0.12730,110.09500
java,large_high_cardinality,100000,94,6.3216,15818.85,0.05500,0.09800,0.13810,108.23740
java,large_high_cardinality,100000,95,6.2208,16075.19,0.05470,0.09250,0.13210,111.53780
java,large_high_cardinality,100000,96,6.1361,16297.04,0.05400,0.09170,0.13180,109.90400
java,large_high_cardinality,100000,97,6.3176,15828.75,0.05560,0.09320,0.13520,114.39310
java,large_high_cardinality,100000,98,6.2838,15913.97,0.05480,0.09340,0.14020,120.26830
java,large_high_cardinality,100000,99,7.3118,13676.50,0.06510,0.11260,0.15270,109.23850
java,large_high_cardinality,100000,100,6.3013,15869.82,0.05530,0.09380,0.13470,111.67230
rust,large_high_cardinality,100000,1,4.4488,22478.07,0.04170,0.05820,0.08550,27.57040
rust,large_high_cardinality,100000,2,4.4184,22632.49,0.04140,0.05810,0.08570,27.38650
rust,large_high_cardinality,100000,3,4.3407,23037.89,0.04080,0.05640,0.08270,24.77780
rust,large_high_cardinality,100000,4,4.3337,23074.76,0.04070,0.05590,0.08350,26.24870
rust,large_high_cardinality,100000,5,4.4230,22608.88,0.04140,0.05840,0.08570,24.59820
rust,large_high_cardinality,100000,6,4.3388,23047.62,0.04070,0.05650,0.08340,25.87310
rust,large_high_cardinality,100000,7,4.4328,22559.36,0.04160,0.05820,0.08580,24.57000
rust,large_high_cardinality,100000,8,4.3573,22950.00,0.04090,0.05680,0.08360,25.45650
rust,large_high_cardinality,100000,9,4.3697,22884.86,0.04100,0.05720,0.08470,25.91880
rust,large_high_cardinality,100000,10,4.4013,22720.31,0.04120,0.05760,0.08440,27.17180
rust,large_high_cardinality,100000,11,4.4372,22536.91,0.04180,0.05730,0.08520,23.14370
rust,large_high_cardinality,100000,12,4.4410,22517.45,0.04170,0.05760,0.08500,22.30340
rust,large_high_cardinality,100000,13,4.3157,23170.94,0.04060,0.05620,0.08360,23.38880
rust,large_high_cardinality,100000,14,4.4710,22366.24,0.04170,0.05930,0.08670,21.34300
rust,large_high_cardinality,100000,15,4.9411,20238.57,0.04470,0.07360,0.10150,24.88590
rust,large_high_cardinality,100000,16,4.4221,22613.83,0.04150,0.05800,0.08610,22.69920
rust,large_high_cardinality,100000,17,4.3480,22999.19,0.04090,0.05650,0.08400,22.34840
rust,large_high_cardinality,100000,18,4.3373,23055.60,0.04080,0.05610,0.08430,21.81560
rust,large_high_cardinality,100000,19,4.4527,22458.34,0.04160,0.05880,0.08640,23.97110
rust,large_high_cardinality,100000,20,4.3330,23078.93,0.04070,0.05610,0.08370,23.12500
rust,large_high_cardinality,100000,21,4.4279,22583.90,0.04140,0.05820,0.08630,22.35890
rust,large_high_cardinality,100000,22,4.3537,22969.09,0.04090,0.05650,0.08430,22.85960
rust,large_high_cardinality,100000,23,4.3366,23059.32,0.04070,0.05620,0.08330,23.48630
rust,large_high_cardinality,100000,24,4.3431,23025.08,0.04090,0.05580,0.08300,23.89840
rust,large_high_cardinality,100000,25,4.3480,22998.92,0.04080,0.05640,0.08410,23.53120
rust,large_high_cardinality,100000,26,4.4430,22507.10,0.04160,0.05830,0.08610,24.50450
rust,large_high_cardinality,100000,27,4.3527,22974.25,0.04090,0.05650,0.08390,22.22250
rust,large_high_cardinality,100000,28,4.5038,22203.38,0.04200,0.05950,0.08810,22.50270
rust,large_high_cardinality,100000,29,4.3376,23054.22,0.04070,0.05650,0.08440,21.81860
rust,large_high_cardinality,100000,30,4.4217,22615.60,0.04140,0.05840,0.08650,21.49460
rust,large_high_cardinality,100000,31,4.4728,22357.56,0.04140,0.06140,0.09250,22.39760
rust,large_high_cardinality,100000,32,4.4567,22438.27,0.04150,0.05910,0.08780,29.12540
rust,large_high_cardinality,100000,33,4.4336,22555.10,0.04150,0.05840,0.08650,26.57640
rust,large_high_cardinality,100000,34,4.3599,22936.33,0.04090,0.05630,0.08370,24.03070
rust,large_high_cardinality,100000,35,4.4425,22509.74,0.04160,0.05860,0.08550,25.00610
rust,large_high_cardinality,100000,36,4.3548,22963.18,0.04090,0.05650,0.08490,22.45630
rust,large_high_cardinality,100000,37,4.4743,22349.90,0.04180,0.05910,0.08750,22.22530
rust,large_high_cardinality,100000,38,4.3596,22937.89,0.04100,0.05650,0.08420,23.79280
rust,large_high_cardinality,100000,39,4.5246,22101.29,0.04210,0.06070,0.08830,21.97150
rust,large_high_cardinality,100000,40,5.4044,18503.36,0.04620,0.08640,0.13180,24.56780
rust,large_high_cardinality,100000,41,4.5362,22044.86,0.04190,0.06130,0.09060,29.62830
rust,large_high_cardinality,100000,42,4.4330,22558.28,0.04140,0.05850,0.08660,24.84660
rust,large_high_cardinality,100000,43,4.3583,22944.64,0.04090,0.05670,0.08450,23.36870
rust,large_high_cardinality,100000,44,4.4121,22665.16,0.04140,0.05760,0.08600,23.69630
rust,large_high_cardinality,100000,45,4.3366,23059.46,0.04070,0.05640,0.08350,22.17060
rust,large_high_cardinality,100000,46,4.4476,22483.89,0.04160,0.05870,0.08680,21.43840
rust,large_high_cardinality,100000,47,4.3639,22915.08,0.04090,0.05700,0.08430,23.78270
rust,large_high_cardinality,100000,48,4.3741,22861.82,0.04110,0.05690,0.08410,24.45840
rust,large_high_cardinality,100000,49,4.4435,22504.77,0.04160,0.05870,0.08630,22.75390
rust,large_high_cardinality,100000,50,4.3203,23146.60,0.04050,0.05600,0.08370,23.35850
rust,large_high_cardinality,100000,51,4.4125,22662.77,0.04130,0.05820,0.08560,22.44510
rust,large_high_cardinality,100000,52,4.3520,22977.70,0.04080,0.05690,0.08440,23.51420
rust,large_high_cardinality,100000,53,4.5326,22062.32,0.04260,0.05970,0.08780,21.83120
rust,large_high_cardinality,100000,54,4.3756,22853.90,0.04100,0.05700,0.08420,24.54180
rust,large_high_cardinality,100000,55,4.4294,22576.55,0.04140,0.05830,0.08560,26.75130
rust,large_high_cardinality,100000,56,4.4494,22474.95,0.04160,0.05900,0.08740,23.24870
rust,large_high_cardinality,100000,57,4.3560,22956.81,0.04080,0.05670,0.08450,23.87110
rust,large_high_cardinality,100000,58,4.4377,22534.14,0.04150,0.05820,0.08630,21.96590
rust,large_high_cardinality,100000,59,4.3769,22847.14,0.04110,0.05690,0.08470,22.42710
rust,large_high_cardinality,100000,60,4.4044,22704.36,0.04130,0.05790,0.08470,25.91240
rust,large_high_cardinality,100000,61,4.3752,22856.08,0.04110,0.05690,0.08430,23.89620
rust,large_high_cardinality,100000,62,4.3727,22869.02,0.04100,0.05690,0.08390,23.23350
rust,large_high_cardinality,100000,63,4.4237,22605.67,0.04140,0.05860,0.08630,22.57290
rust,large_high_cardinality,100000,64,4.3611,22929.92,0.04090,0.05700,0.08460,21.99090
rust,large_high_cardinality,100000,65,4.4435,22504.65,0.04150,0.05830,0.08530,27.44350
rust,large_high_cardinality,100000,66,4.4218,22615.46,0.04140,0.05770,0.08580,24.51660
rust,large_high_cardinality,100000,67,4.4356,22544.75,0.04150,0.05820,0.08540,25.59550
rust,large_high_cardinality,100000,68,4.4488,22477.99,0.04160,0.05860,0.08600,26.91530
rust,large_high_cardinality,100000,69,4.3485,22996.52,0.04070,0.05660,0.08400,22.50510
rust,large_high_cardinality,100000,70,4.4324,22561.15,0.04150,0.05850,0.08600,25.70610
rust,large_high_cardinality,100000,71,4.3477,23000.48,0.04080,0.05670,0.08380,24.43200
rust,large_high_cardinality,100000,72,4.4583,22429.89,0.04170,0.05840,0.08580,29.97790
rust,large_high_cardinality,100000,73,4.3589,22941.64,0.04090,0.05680,0.08360,23.19170
rust,large_high_cardinality,100000,74,4.3691,22888.18,0.04100,0.05750,0.08460,21.61660
rust,large_high_cardinality,100000,75,4.3867,22796.37,0.04100,0.05740,0.08540,26.65590
rust,large_high_cardinality,100000,76,4.3694,22886.67,0.04120,0.05670,0.08330,27.36610
rust,large_high_cardinality,100000,77,4.4615,22414.07,0.04180,0.05890,0.08560,23.91540
rust,large_high_cardinality,100000,78,4.3677,22895.19,0.04110,0.05670,0.08350,22.32590
rust,large_high_cardinality,100000,79,4.4550,22446.44,0.04180,0.05860,0.08530,23.14910
rust,large_high_cardinality,100000,80,4.3489,22994.17,0.04090,0.05630,0.08290,25.74860
rust,large_high_cardinality,100000,81,4.6054,21713.71,0.04230,0.06490,0.09030,24.18950
rust,large_high_cardinality,100000,82,4.4663,22389.85,0.04170,0.05850,0.08530,25.39910
rust,large_high_cardinality,100000,83,4.3682,22892.57,0.04130,0.05660,0.08380,24.08990
rust,large_high_cardinality,100000,84,4.4205,22622.12,0.04140,0.05800,0.08490,24.66430
rust,large_high_cardinality,100000,85,4.7193,21189.80,0.04300,0.06780,0.09600,23.20320
rust,large_high_cardinality,100000,86,4.4726,22358.23,0.04180,0.05900,0.08710,26.18110
rust,large_high_cardinality,100000,87,4.3333,23076.95,0.04070,0.05650,0.08370,21.44530
rust,large_high_cardinality,100000,88,4.4197,22625.94,0.04150,0.05820,0.08550,22.11580
rust,large_high_cardinality,100000,89,4.3782,22840.59,0.04100,0.05720,0.08490,25.14920
rust,large_high_cardinality,100000,90,4.3609,22931.12,0.04090,0.05670,0.08420,24.67210
rust,large_high_cardinality,100000,91,4.4147,22651.34,0.04140,0.05790,0.08580,21.73580
rust,large_high_cardinality,100000,92,4.3687,22890.07,0.04100,0.05680,0.08410,22.43460
rust,large_high_cardinality,100000,93,4.4557,22443.05,0.04170,0.05870,0.08600,22.45010
rust,large_high_cardinality,100000,94,4.3864,22797.62,0.04120,0.05730,0.08460,22.72460
rust,large_high_cardinality,100000,95,4.5093,22176.32,0.04200,0.05960,0.08830,22.77440
rust,large_high_cardinality,100000,96,4.3834,22813.41,0.04110,0.05700,0.08390,28.14420
rust,large_high_cardinality,100000,97,4.3097,23203.72,0.04060,0.05540,0.08170,22.40340
rust,large_high_cardinality,100000,98,4.6387,21557.66,0.04160,0.07260,0.09450,22.24870
rust,large_high_cardinality,100000,99,5.4645,18299.83,0.04910,0.08470,0.10800,38.59890
rust,large_high_cardinality,100000,100,5.3862,18566.01,0.04990,0.07450,0.09890,23.28080
python,large_hot_keys,100000,1,6.9309,14428.13,0.05840,0.11280,0.17600,185.97060
python,large_hot_keys,100000,2,6.1313,16309.68,0.05710,0.08000,0.09890,106.04830
python,large_hot_keys,100000,3,5.7572,17369.55,0.05360,0.07680,0.09460,80.90520
python,large_hot_keys,100000,4,6.5795,15198.72,0.06140,0.08540,0.10610,87.53510
python,large_hot_keys,100000,5,6.4822,15426.88,0.06050,0.08360,0.10150,85.78450
python,large_hot_keys,100000,6,6.5307,15312.31,0.06100,0.08420,0.10280,91.01530
python,large_hot_keys,100000,7,6.7042,14915.97,0.06170,0.09150,0.12060,87.42570
python,large_hot_keys,100000,8,5.3470,18701.96,0.05010,0.06840,0.09690,74.65320
python,large_hot_keys,100000,9,5.4082,18490.36,0.04990,0.07170,0.10060,78.62180
python,large_hot_keys,100000,10,6.4496,15504.78,0.05930,0.09350,0.12470,77.49980
python,large_hot_keys,100000,11,6.1911,16152.30,0.05650,0.08920,0.12140,103.53740
python,large_hot_keys,100000,12,5.4103,18483.33,0.04970,0.07340,0.10190,76.46820
python,large_hot_keys,100000,13,5.3801,18586.90,0.04940,0.07230,0.10040,83.92930
python,large_hot_keys,100000,14,6.8379,14624.45,0.05920,0.10930,0.14830,96.49930
python,large_hot_keys,100000,15,5.2601,19011.08,0.04880,0.06800,0.09560,86.12610
python,large_hot_keys,100000,16,5.4926,18206.15,0.05030,0.07510,0.10470,78.47110
python,large_hot_keys,100000,17,5.1856,19284.31,0.04820,0.06670,0.09490,79.13720
python,large_hot_keys,100000,18,5.2938,18889.98,0.04890,0.07000,0.09750,75.43490
python,large_hot_keys,100000,19,5.3398,18727.43,0.04910,0.07170,0.10070,76.87110
python,large_hot_keys,100000,20,5.4607,18312.75,0.04890,0.08170,0.11290,75.91420
python,large_hot_keys,100000,21,5.9539,16795.67,0.05500,0.08290,0.11290,100.60630
python,large_hot_keys,100000,22,5.7372,17430.13,0.04950,0.09350,0.12420,76.61750
python,large_hot_keys,100000,23,5.8303,17151.77,0.05240,0.08770,0.11500,106.74900
python,large_hot_keys,100000,24,5.1404,19453.73,0.04780,0.06630,0.09410,79.25760
python,large_hot_keys,100000,25,5.1826,19295.42,0.04800,0.06770,0.09530,77.64060
python,large_hot_keys,100000,26,5.1405,19453.38,0.04780,0.06610,0.09400,81.37930
python,large_hot_keys,100000,27,5.1722,19334.17,0.04800,0.06710,0.09580,77.10370
python,large_hot_keys,100000,28,5.1631,19368.36,0.04810,0.06630,0.09100,78.42090
python,large_hot_keys,100000,29,5.2326,19111.02,0.04860,0.06810,0.09320,74.72770
python,large_hot_keys,100000,30,5.1244,19514.57,0.04760,0.06560,0.09310,81.10950
python,large_hot_keys,100000,31,5.1519,19410.32,0.04780,0.06660,0.09520,78.35810
python,large_hot_keys,100000,32,5.1198,19532.14,0.04760,0.06590,0.09380,80.22030
python,large_hot_keys,100000,33,5.2009,19227.50,0.04820,0.06810,0.09550,75.71610
python,large_hot_keys,100000,34,5.2699,18975.62,0.04870,0.07040,0.09700,80.45410
python,large_hot_keys,100000,35,5.2394,19085.99,0.04860,0.06880,0.09680,73.68370
python,large_hot_keys,100000,36,5.1102,19568.74,0.04760,0.06600,0.09390,74.60120
python,large_hot_keys,100000,37,5.1744,19325.75,0.04800,0.06750,0.09530,75.78680
python,large_hot_keys,100000,38,5.1674,19352.03,0.04810,0.06670,0.09220,76.88580
python,large_hot_keys,100000,39,5.1931,19256.47,0.04820,0.06760,0.09570,75.18930
python,large_hot_keys,100000,40,5.1167,19543.98,0.04760,0.06610,0.09360,77.45950
python,large_hot_keys,100000,41,6.3101,15847.52,0.05040,0.10360,0.14630,76.27420
python,large_hot_keys,100000,42,5.1230,19519.81,0.04760,0.06640,0.09330,76.20020
python,large_hot_keys,100000,43,5.2317,19114.09,0.04850,0.06850,0.09610,78.59080
python,large_hot_keys,100000,44,5.1376,19464.26,0.04780,0.06640,0.09460,77.88000
python,large_hot_keys,100000,45,5.3354,18742.87,0.04880,0.07360,0.10150,74.40130
python,large_hot_keys,100000,46,5.1670,19353.51,0.04800,0.06700,0.09480,76.91240
python,large_hot_keys,100000,47,5.2051,19211.81,0.04820,0.06780,0.09560,77.32650
python,large_hot_keys,100000,48,5.1078,19577.90,0.04750,0.06610,0.09350,76.01550
python,large_hot_keys,100000,49,5.1866,19280.41,0.04810,0.06770,0.09630,75.20460
python,large_hot_keys,100000,50,5.1014,19602.46,0.04750,0.06570,0.09230,78.41520
python,large_hot_keys,100000,51,5.1918,19261.32,0.04820,0.06750,0.09490,76.35750
python,large_hot_keys,100000,52,5.1091,19573.06,0.04750,0.06580,0.09350,76.23890
python,large_hot_keys,100000,53,5.2162,19170.94,0.04840,0.06760,0.09550,76.80580
python,large_hot_keys,100000,54,5.2703,18974.11,0.04870,0.06960,0.09700,74.04930
python,large_hot_keys,100000,55,5.6763,17617.11,0.05210,0.07900,0.10890,77.70140
python,large_hot_keys,100000,56,5.8236,17171.44,0.05260,0.08560,0.11580,85.04590
python,large_hot_keys,100000,57,5.2345,19103.92,0.04840,0.06890,0.09770,73.40930
python,large_hot_keys,100000,58,5.3349,18744.65,0.04830,0.07510,0.10320,76.01720
python,large_hot_keys,100000,59,5.3729,18612.03,0.04960,0.07130,0.09890,84.36080
python,large_hot_keys,100000,60,5.1541,19402.10,0.04800,0.06610,0.09350,77.32810
python,large_hot_keys,100000,61,5.1965,19243.61,0.04830,0.06710,0.09410,74.68570
python,large_hot_keys,100000,62,5.1395,19457.15,0.04790,0.06610,0.09350,76.36440
python,large_hot_keys,100000,63,5.2089,19197.90,0.04840,0.06750,0.09500,77.99930
python,large_hot_keys,100000,64,5.9911,16691.55,0.05240,0.09380,0.12550,78.79650
python,large_hot_keys,100000,65,8.3660,11953.14,0.07310,0.12700,0.16920,99.31240
python,large_hot_keys,100000,66,7.8724,12702.57,0.06940,0.12070,0.16730,127.89400
python,large_hot_keys,100000,67,5.2549,19030.01,0.04850,0.06970,0.09790,76.65810
python,large_hot_keys,100000,68,5.2695,18977.06,0.04880,0.06920,0.09700,77.61350
python,large_hot_keys,100000,69,5.1065,19582.72,0.04750,0.06600,0.09340,74.11700
python,large_hot_keys,100000,70,5.1766,19317.54,0.04800,0.06760,0.09530,75.89210
python,large_hot_keys,100000,71,5.1156,19548.22,0.04760,0.06560,0.09260,78.87780
python,large_hot_keys,100000,72,5.2453,19064.87,0.04870,0.06820,0.09630,76.81870
python,large_hot_keys,100000,73,5.1655,19359.04,0.04800,0.06690,0.09420,78.43530
python,large_hot_keys,100000,74,5.2640,18997.10,0.04870,0.06910,0.09720,76.18830
python,large_hot_keys,100000,75,5.2321,19112.83,0.04840,0.06820,0.09690,86.18180
python,large_hot_keys,100000,76,5.2825,18930.55,0.04890,0.06890,0.09820,81.93790
python,large_hot_keys,100000,77,5.2036,19217.33,0.04830,0.06760,0.09490,76.51600
python,large_hot_keys,100000,78,5.2296,19122.02,0.04860,0.06850,0.09580,75.90030
python,large_hot_keys,100000,79,5.1657,19358.56,0.04800,0.06670,0.09510,82.45890
python,large_hot_keys,100000,80,5.2213,19152.45,0.04850,0.06770,0.09620,76.10770
python,large_hot_keys,100000,81,5.2693,18977.72,0.04870,0.06950,0.09850,78.57360
python,large_hot_keys,100000,82,5.2141,19178.95,0.04830,0.06790,0.09580,77.16540
python,large_hot_keys,100000,83,5.1204,19529.85,0.04760,0.06600,0.09360,75.42110
python,large_hot_keys,100000,84,5.2074,19203.41,0.04830,0.06780,0.09470,78.55180
python,large_hot_keys,100000,85,5.1167,19543.86,0.04760,0.06590,0.09340,78.67550
python,large_hot_keys,100000,86,6.2516,15995.96,0.05180,0.09940,0.13840,125.57640
python,large_hot_keys,100000,87,5.2789,18943.35,0.04880,0.06910,0.09840,78.93350
python,large_hot_keys,100000,88,5.2170,19167.98,0.04840,0.06720,0.09490,90.31430
python,large_hot_keys,100000,89,5.4044,18503.41,0.04950,0.07490,0.10200,74.65380
python,large_hot_keys,100000,90,5.2020,19223.36,0.04840,0.06690,0.09520,80.42590
python,large_hot_keys,100000,91,5.1715,19336.68,0.04800,0.06690,0.09450,76.01550
python,large_hot_keys,100000,92,5.1475,19427.01,0.04790,0.06610,0.09380,79.25270
python,large_hot_keys,100000,93,5.1804,19303.67,0.04810,0.06690,0.09440,76.39800
python,large_hot_keys,100000,94,5.1015,19602.00,0.04750,0.06510,0.09370,77.92670
python,large_hot_keys,100000,95,5.1726,19332.69,0.04810,0.06680,0.09500,74.81920
python,large_hot_keys,100000,96,5.1144,19552.50,0.04760,0.06550,0.09280,81.33410
python,large_hot_keys,100000,97,5.1752,19323.05,0.04800,0.06710,0.09470,79.08560
python,large_hot_keys,100000,98,5.1653,19360.08,0.04800,0.06650,0.09520,78.81930
python,large_hot_keys,100000,99,5.1482,19424.39,0.04780,0.06650,0.09500,76.59770
python,large_hot_keys,100000,100,5.1440,19440.07,0.04780,0.06580,0.09490,81.68720
java,large_hot_keys,100000,1,6.1763,16190.92,0.05470,0.09160,0.13140,121.26660
java,large_hot_keys,100000,2,6.1335,16303.90,0.05440,0.09150,0.12700,109.00650
java,large_hot_keys,100000,3,6.2112,16099.94,0.05520,0.09160,0.13220,110.88590
java,large_hot_keys,100000,4,6.1107,16364.66,0.05400,0.09110,0.13100,110.97960
java,large_hot_keys,100000,5,6.2001,16128.79,0.05370,0.09750,0.13820,112.57420
java,large_hot_keys,100000,6,6.2061,16113.30,0.05510,0.09140,0.13100,106.08320
java,large_hot_keys,100000,7,6.1572,16241.03,0.05450,0.09180,0.12970,108.07040
java,large_hot_keys,100000,8,6.2634,15965.67,0.05530,0.09370,0.13390,111.22710
java,large_hot_keys,100000,9,6.1583,16238.22,0.05470,0.09070,0.12590,108.55570
java,large_hot_keys,100000,10,6.6529,15031.11,0.05820,0.10550,0.14670,109.81800
java,large_hot_keys,100000,11,6.2657,15959.94,0.05480,0.09710,0.13670,109.22740
java,large_hot_keys,100000,12,7.2660,13762.64,0.06410,0.11240,0.16910,109.98900
java,large_hot_keys,100000,13,6.2206,16075.72,0.05420,0.09430,0.13540,119.49580
java,large_hot_keys,100000,14,6.2086,16106.62,0.05540,0.09070,0.12900,108.28210
java,large_hot_keys,100000,15,6.1822,16175.44,0.05420,0.09310,0.13250,116.98330
java,large_hot_keys,100000,16,6.2314,16047.85,0.05510,0.09220,0.13020,111.63710
java,large_hot_keys,100000,17,6.1798,16181.83,0.05460,0.09160,0.13030,116.15030
java,large_hot_keys,100000,18,6.1884,16159.36,0.05500,0.09090,0.12950,109.17020
java,large_hot_keys,100000,19,7.0324,14219.99,0.06240,0.10660,0.15850,108.33570
java,large_hot_keys,100000,20,6.1649,16220.77,0.05470,0.09080,0.12770,110.95670
java,large_hot_keys,100000,21,6.1523,16253.97,0.05480,0.09010,0.12840,106.95020
java,large_hot_keys,100000,22,6.1500,16260.25,0.05400,0.09370,0.13270,113.13530
java,large_hot_keys,100000,23,6.3440,15762.84,0.05500,0.10010,0.13930,116.55750
java,large_hot_keys,100000,24,6.2439,16015.65,0.05530,0.09270,0.13160,110.32880
java,large_hot_keys,100000,25,6.3409,15770.59,0.05510,0.09960,0.13760,115.81320
java,large_hot_keys,100000,26,6.4280,15556.95,0.05720,0.09520,0.13320,108.66210
java,large_hot_keys,100000,27,7.4022,13509.48,0.06130,0.13240,0.19350,151.60710
java,large_hot_keys,100000,28,6.2373,16032.51,0.05490,0.09310,0.13240,114.18960
java,large_hot_keys,100000,29,6.3372,15779.73,0.05620,0.09370,0.13320,108.91330
java,large_hot_keys,100000,30,6.1373,16293.85,0.05450,0.09060,0.13150,109.76990
java,large_hot_keys,100000,31,6.2470,16007.74,0.05540,0.09170,0.13120,117.83930
java,large_hot_keys,100000,32,6.2111,16100.33,0.05500,0.09210,0.13190,108.65740
java,large_hot_keys,100000,33,6.2210,16074.69,0.05500,0.09150,0.13170,113.53650
java,large_hot_keys,100000,34,6.1591,16236.07,0.05470,0.09200,0.13220,112.38210
java,large_hot_keys,100000,35,6.0601,16501.29,0.05370,0.09050,0.13020,110.12490
java,large_hot_keys,100000,36,6.2582,15979.09,0.05520,0.09410,0.13200,111.45630
java,large_hot_keys,100000,37,6.2119,16098.09,0.05470,0.09330,0.13080,112.35200
java,large_hot_keys,100000,38,7.4424,13436.48,0.06680,0.11390,0.15460,120.45230
java,large_hot_keys,100000,39,6.2836,15914.39,0.05530,0.09630,0.13570,112.22460
java,large_hot_keys,100000,40,6.1511,16257.27,0.05390,0.09300,0.13190,109.63930
java,large_hot_keys,100000,41,6.3026,15866.36,0.05490,0.09810,0.13780,112.72230
java,large_hot_keys,100000,42,6.2689,15951.78,0.05540,0.09260,0.13210,112.70410
java,large_hot_keys,100000,43,6.2918,15893.70,0.05590,0.09200,0.13020,111.45250
java,large_hot_keys,100000,44,6.1638,16223.69,0.05450,0.09190,0.13360,109.28300
java,large_hot_keys,100000,45,6.1345,16301.25,0.05440,0.08960,0.12690,110.49340
java,large_hot_keys,100000,46,6.2507,15998.25,0.05460,0.09340,0.13710,126.42370
java,large_hot_keys,100000,47,6.2446,16013.82,0.05560,0.09130,0.13000,111.29350
java,large_hot_keys,100000,48,6.1545,16248.39,0.05430,0.09120,0.13150,110.45710
java,large_hot_keys,100000,49,6.2496,16001.03,0.05530,0.09300,0.12960,112.87450
java,large_hot_keys,100000,50,6.0988,16396.79,0.05410,0.08880,0.12650,108.78090
java,large_hot_keys,100000,51,6.2699,15949.11,0.05370,0.10100,0.14780,128.81080
java,large_hot_keys,100000,52,6.1351,16299.54,0.05470,0.08880,0.12640,109.04480
java,large_hot_keys,100000,53,6.1942,16144.25,0.05440,0.09410,0.13370,110.28360
java,large_hot_keys,100000,54,6.1600,16233.86,0.05470,0.09120,0.13100,109.26760
java,large_hot_keys,100000,55,6.3300,15797.72,0.05560,0.09570,0.13520,111.22210
java,large_hot_keys,100000,56,6.3480,15752.91,0.05480,0.09840,0.14400,122.09800
java,large_hot_keys,100000,57,6.2959,15883.29,0.05510,0.09640,0.13930,113.02060
java,large_hot_keys,100000,58,6.1744,16195.96,0.05510,0.09010,0.13000,109.55610
java,large_hot_keys,100000,59,6.1764,16190.75,0.05460,0.09290,0.13010,110.76440
java,large_hot_keys,100000,60,6.1884,16159.28,0.05460,0.09230,0.13120,113.00970
java,large_hot_keys,100000,61,6.1971,16136.59,0.05350,0.09620,0.14150,122.58130
java,large_hot_keys,100000,62,6.2040,16118.66,0.05520,0.09110,0.12690,107.60590
java,large_hot_keys,100000,63,6.1503,16259.37,0.05420,0.09230,0.13140,110.67450
java,large_hot_keys,100000,64,6.3189,15825.62,0.05610,0.09410,0.13280,109.06320
java,large_hot_keys,100000,65,6.1947,16142.78,0.05440,0.09460,0.13350,114.98510
java,large_hot_keys,100000,66,6.2917,15894.00,0.05470,0.09670,0.14260,110.42610
java,large_hot_keys,100000,67,6.2421,16020.21,0.05530,0.09290,0.13100,114.72690
java,large_hot_keys,100000,68,6.1270,16321.16,0.05460,0.08890,0.12570,110.94750
java,large_hot_keys,100000,69,6.1584,16237.95,0.05470,0.09040,0.12970,111.28560
java,large_hot_keys,100000,70,6.1688,16210.68,0.05380,0.09730,0.13660,108.82060
java,large_hot_keys,100000,71,6.2188,16080.30,0.05360,0.09980,0.13940,109.36650
java,large_hot_keys,100000,72,7.3768,13555.98,0.06210,0.12130,0.16800,109.79900
java,large_hot_keys,100000,73,6.0836,16437.61,0.05380,0.09090,0.12910,110.94580
java,large_hot_keys,100000,74,6.2158,16088.03,0.05520,0.09140,0.12880,111.05300
java,large_hot_keys,100000,75,6.2640,15964.13,0.05550,0.09300,0.13010,109.98820
java,large_hot_keys,100000,76,6.1273,16320.39,0.05400,0.09060,0.13130,116.56480
java,large_hot_keys,100000,77,6.2434,16016.79,0.05550,0.09270,0.12960,110.49160
java,large_hot_keys,100000,78,6.0939,16409.81,0.05360,0.09190,0.12830,110.53460
java,large_hot_keys,100000,79,6.0968,16401.99,0.05410,0.09040,0.12560,110.57330
java,large_hot_keys,100000,80,6.1804,16180.05,0.05500,0.09140,0.12950,109.23520
java,large_hot_keys,100000,81,6.0759,16458.36,0.05350,0.09020,0.13080,116.31980
java,large_hot_keys,100000,82,6.1858,16166.04,0.05480,0.09190,0.13170,109.41890
java,large_hot_keys,100000,83,6.2057,16114.09,0.05490,0.09290,0.13210,109.19380
java,large_hot_keys,100000,84,6.1932,16146.86,0.05510,0.09140,0.12880,113.16680
java,large_hot_keys,100000,85,6.3545,15736.79,0.05670,0.09290,0.13150,108.59190
java,large_hot_keys,100000,86,6.1726,16200.71,0.05450,0.09220,0.13140,112.99240
java,large_hot_keys,100000,87,6.1200,16339.76,0.05410,0.09090,0.12980,110.97150
java,large_hot_keys,100000,88,6.0927,16413.21,0.05380,0.09060,0.12650,108.84830
java,large_hot_keys,100000,89,6.2270,16059.17,0.05480,0.09430,0.13340,114.16600
java,large_hot_keys,100000,90,6.2020,16123.94,0.05460,0.09350,0.13140,108.60930
java,large_hot_keys,100000,91,6.1293,16315.09,0.05370,0.09350,0.13170,120.40170
java,large_hot_keys,100000,92,6.2084,16107.33,0.05490,0.09240,0.12870,112.36480
java,large_hot_keys,100000,93,6.1585,16237.64,0.05450,0.09230,0.12830,109.35110
java,large_hot_keys,100000,94,6.1831,16173.10,0.05500,0.09140,0.12950,111.18210
java,large_hot_keys,100000,95,6.0661,16484.99,0.05390,0.08970,0.12650,112.73730
java,large_hot_keys,100000,96,6.2197,16077.98,0.05400,0.09440,0.14150,137.61510
java,large_hot_keys,100000,97,6.1463,16269.92,0.05450,0.09060,0.12860,110.31400
java,large_hot_keys,100000,98,6.1384,16290.88,0.05400,0.09240,0.13170,110.87880
java,large_hot_keys,100000,99,6.1891,16157.36,0.05500,0.09110,0.12860,113.64860
java,large_hot_keys,100000,100,6.0815,16443.39,0.05400,0.08890,0.12790,109.78570
rust,large_hot_keys,100000,1,4.3923,22767.35,0.04120,0.05790,0.08390,23.36110
rust,large_hot_keys,100000,2,4.2595,23476.99,0.04040,0.05480,0.07980,21.32290
rust,large_hot_keys,100000,3,4.3294,23097.75,0.04070,0.05680,0.08430,24.02110
rust,large_hot_keys,100000,4,4.2575,23488.23,0.04020,0.05480,0.08270,21.30190
rust,large_hot_keys,100000,5,4.3260,23115.81,0.04060,0.05690,0.08390,23.25830
rust,large_hot_keys,100000,6,4.3227,23133.67,0.04060,0.05640,0.08420,22.40130
rust,large_hot_keys,100000,7,4.2868,23327.22,0.04040,0.05560,0.08330,23.93020
rust,large_hot_keys,100000,8,4.3828,22816.50,0.04110,0.05740,0.08530,25.24060
rust,large_hot_keys,100000,9,4.2709,23414.22,0.04030,0.05510,0.08340,22.10500
rust,large_hot_keys,100000,10,4.3462,23008.35,0.04090,0.05690,0.08350,25.85020
rust,large_hot_keys,100000,11,4.2495,23532.25,0.04010,0.05490,0.08190,22.88950
rust,large_hot_keys,100000,12,4.2397,23586.50,0.04000,0.05480,0.08200,22.06690
rust,large_hot_keys,100000,13,4.3542,22966.11,0.04090,0.05710,0.08480,24.22440
rust,large_hot_keys,100000,14,4.2559,23496.99,0.04010,0.05470,0.08190,22.51790
rust,large_hot_keys,100000,15,4.3500,22988.72,0.04090,0.05690,0.08420,22.46560
rust,large_hot_keys,100000,16,4.4481,22481.30,0.04140,0.06020,0.08790,23.52370
rust,large_hot_keys,100000,17,4.3773,22845.29,0.04110,0.05760,0.08460,25.95440
rust,large_hot_keys,100000,18,4.2616,23465.42,0.04030,0.05500,0.08170,24.52850
rust,large_hot_keys,100000,19,4.3225,23134.52,0.04070,0.05660,0.08430,21.77680
rust,large_hot_keys,100000,20,4.4510,22466.91,0.04170,0.05870,0.08640,22.73190
rust,large_hot_keys,100000,21,4.2519,23519.16,0.04010,0.05490,0.08240,23.00620
rust,large_hot_keys,100000,22,4.3814,22823.52,0.04110,0.05770,0.08440,23.01180
rust,large_hot_keys,100000,23,4.2625,23460.41,0.04020,0.05490,0.08240,23.99590
rust,large_hot_keys,100000,24,4.3035,23236.76,0.04060,0.05610,0.08410,21.38000
rust,large_hot_keys,100000,25,4.3099,23202.15,0.04060,0.05580,0.08260,23.55270
rust,large_hot_keys,100000,26,4.2843,23340.83,0.04030,0.05570,0.08310,23.46070
rust,large_hot_keys,100000,27,4.3993,22730.66,0.04120,0.05790,0.08620,22.03870
rust,large_hot_keys,100000,28,4.3871,22794.11,0.04110,0.05870,0.08650,23.73570
rust,large_hot_keys,100000,29,4.4252,22597.68,0.04150,0.05870,0.08590,26.49580
rust,large_hot_keys,100000,30,4.3213,23141.13,0.04090,0.05590,0.08310,22.13950
rust,large_hot_keys,100000,31,5.3368,18737.80,0.04890,0.08130,0.11290,21.60410
rust,large_hot_keys,100000,32,4.3418,23031.69,0.04080,0.05680,0.08460,26.96720
rust,large_hot_keys,100000,33,4.3058,23224.69,0.04060,0.05590,0.08280,26.39460
rust,large_hot_keys,100000,34,4.3501,22987.86,0.04090,0.05700,0.08420,21.94320
rust,large_hot_keys,100000,35,4.3096,23203.94,0.04070,0.05590,0.08340,21.37700
rust,large_hot_keys,100000,36,4.3424,23029.00,0.04090,0.05680,0.08400,22.88080
rust,large_hot_keys,100000,37,4.2651,23445.95,0.04030,0.05550,0.08230,20.95560
rust,large_hot_keys,100000,38,4.2864,23329.71,0.04040,0.05540,0.08330,22.46360
rust,large_hot_keys,100000,39,4.3691,22888.01,0.04100,0.05710,0.08500,29.73140
rust,large_hot_keys,100000,40,4.2886,23317.72,0.04040,0.05570,0.08300,21.54600
rust,large_hot_keys,100000,41,4.3587,22942.53,0.04100,0.05700,0.08490,22.03690
rust,large_hot_keys,100000,42,4.2795,23367.17,0.04040,0.05520,0.08150,25.50940
rust,large_hot_keys,100000,43,4.3345,23070.57,0.04090,0.05680,0.08340,21.05970
rust,large_hot_keys,100000,44,4.2702,23417.86,0.04030,0.05560,0.08200,21.06250
rust,large_hot_keys,100000,45,4.2691,23424.13,0.04030,0.05510,0.08190,26.11300
rust,large_hot_keys,100000,46,4.2730,23402.56,0.04020,0.05550,0.08350,20.96190
rust,large_hot_keys,100000,47,5.1576,19389.05,0.04740,0.07540,0.10720,22.70820
rust,large_hot_keys,100000,48,6.0451,16542.26,0.05240,0.09490,0.13240,32.20860
rust,large_hot_keys,100000,49,5.4302,18415.38,0.04890,0.08370,0.12190,34.05680
rust,large_hot_keys,100000,50,4.3724,22870.69,0.04100,0.05770,0.08440,27.39160
rust,large_hot_keys,100000,51,4.2917,23300.52,0.04050,0.05550,0.08250,23.10500
rust,large_hot_keys,100000,52,4.3577,22947.97,0.04100,0.05730,0.08450,23.92970
rust,large_hot_keys,100000,53,4.2878,23321.88,0.04040,0.05570,0.08250,25.22510
rust,large_hot_keys,100000,54,4.3654,22907.17,0.04110,0.05720,0.08460,23.18860
rust,large_hot_keys,100000,55,4.2882,23319.60,0.04040,0.05520,0.08200,26.44010
rust,large_hot_keys,100000,56,4.2679,23430.71,0.04020,0.05510,0.08220,22.90710
rust,large_hot_keys,100000,57,4.3656,22906.40,0.04100,0.05710,0.08410,25.82780
rust,large_hot_keys,100000,58,4.2840,23342.55,0.04040,0.05530,0.08260,23.12970
rust,large_hot_keys,100000,59,4.3696,22885.13,0.04110,0.05780,0.08450,24.40290
rust,large_hot_keys,100000,60,4.3143,23178.47,0.04060,0.05580,0.08340,23.01140
rust,large_hot_keys,100000,61,4.2914,23302.67,0.04050,0.05540,0.08270,23.98640
rust,large_hot_keys,100000,62,4.4133,22658.69,0.04130,0.05810,0.08630,28.83410
rust,large_hot_keys,100000,63,4.2837,23344.47,0.04050,0.05550,0.08270,23.35100
rust,large_hot_keys,100000,64,4.3943,22756.50,0.04130,0.05780,0.08510,26.84890
rust,large_hot_keys,100000,65,4.2793,23368.14,0.04030,0.05530,0.08270,23.09000
rust,large_hot_keys,100000,66,4.3425,23028.05,0.04080,0.05710,0.08280,25.92420
rust,large_hot_keys,100000,67,4.2606,23470.64,0.04020,0.05510,0.08160,24.10430
rust,large_hot_keys,100000,68,4.2801,23363.84,0.04040,0.05540,0.08230,21.86130
rust,large_hot_keys,100000,69,4.3904,22777.21,0.04130,0.05790,0.08390,25.92930
rust,large_hot_keys,100000,70,4.2975,23269.53,0.04040,0.05600,0.08360,21.44950
rust,large_hot_keys,100000,71,4.4463,22490.47,0.04150,0.05960,0.08530,23.81180
rust,large_hot_keys,100000,72,4.3008,23251.29,0.04060,0.05570,0.08240,22.46530
rust,large_hot_keys,100000,73,4.3583,22944.66,0.04100,0.05720,0.08430,24.28870
rust,large_hot_keys,100000,74,4.2863,23329.98,0.04040,0.05560,0.08320,23.78590
rust,large_hot_keys,100000,75,4.3051,23228.50,0.04060,0.05610,0.08240,23.09730
rust,large_hot_keys,100000,76,4.3597,22937.61,0.04100,0.05730,0.08480,22.12730
rust,large_hot_keys,100000,77,4.2639,23452.64,0.04030,0.05500,0.08200,21.83270
rust,large_hot_keys,100000,78,4.3587,22942.78,0.04100,0.05720,0.08420,23.98120
rust,large_hot_keys,100000,79,4.2511,23523.39,0.04010,0.05480,0.08180,23.63380
rust,large_hot_keys,100000,80,5.0360,19856.96,0.04430,0.07500,0.10570,74.93340
rust,large_hot_keys,100000,81,4.3406,23038.52,0.04090,0.05610,0.08320,24.15520
rust,large_hot_keys,100000,82,4.2794,23367.77,0.04040,0.05520,0.08210,22.27530
rust,large_hot_keys,100000,83,4.3609,22931.17,0.04100,0.05720,0.08400,24.10750
rust,large_hot_keys,100000,84,4.2856,23334.09,0.04060,0.05540,0.07970,23.82910
rust,large_hot_keys,100000,85,4.3603,22934.12,0.04110,0.05700,0.08180,22.44450
rust,large_hot_keys,100000,86,4.3043,23232.60,0.04070,0.05570,0.08070,22.22490
rust,large_hot_keys,100000,87,4.3332,23077.68,0.04090,0.05600,0.08160,25.22280
rust,large_hot_keys,100000,88,4.3678,22895.00,0.04110,0.05730,0.08250,24.11070
rust,large_hot_keys,100000,89,4.3444,23018.37,0.04100,0.05630,0.08120,23.47100
rust,large_hot_keys,100000,90,4.3868,22795.92,0.04140,0.05720,0.08210,23.68530
rust,large_hot_keys,100000,91,4.2856,23334.22,0.04070,0.05540,0.08030,22.86330
rust,large_hot_keys,100000,92,4.3490,22993.97,0.04090,0.05710,0.08490,24.35870
rust,large_hot_keys,100000,93,4.3476,23001.22,0.04080,0.05740,0.08370,24.60720
rust,large_hot_keys,100000,94,4.3879,22789.80,0.04110,0.05770,0.08490,23.97970
rust,large_hot_keys,100000,95,4.3494,22991.80,0.04090,0.05700,0.08410,23.19320
rust,large_hot_keys,100000,96,4.2726,23404.75,0.04030,0.05550,0.08210,22.73440
rust,large_hot_keys,100000,97,4.3301,23094.15,0.04070,0.05680,0.08370,22.46550
rust,large_hot_keys,100000,98,4.3520,22977.77,0.04080,0.05760,0.08600,24.16650
rust,large_hot_keys,100000,99,4.2859,23332.25,0.04040,0.05590,0.08300,22.99080
rust,large_hot_keys,100000,100,4.3531,22972.03,0.04100,0.05670,0.08430,27.65800
python,large_mixed,100000,1,9.2871,10767.59,0.07770,0.16490,0.25460,146.56450
python,large_mixed,100000,2,5.6126,17817.04,0.05130,0.07750,0.10950,87.71720
python,large_mixed,100000,3,5.2977,18876.11,0.04900,0.06910,0.09820,79.39810
python,large_mixed,100000,4,5.1959,19246.08,0.04830,0.06690,0.09540,80.04600
python,large_mixed,100000,5,5.3210,18793.43,0.04930,0.06930,0.09870,73.35560
python,large_mixed,100000,6,5.1921,19260.10,0.04830,0.06680,0.09480,76.15240
python,large_mixed,100000,7,5.2580,19018.77,0.04870,0.06850,0.09710,75.90650
python,large_mixed,100000,8,5.1802,19304.27,0.04820,0.06660,0.09440,76.61650
python,large_mixed,100000,9,5.3492,18694.47,0.04930,0.07140,0.09960,76.74300
python,large_mixed,100000,10,5.1856,19284.17,0.04820,0.06660,0.09470,77.74720
python,large_mixed,100000,11,5.3067,18843.98,0.04920,0.06940,0.09830,75.50100
python,large_mixed,100000,12,5.1845,19288.10,0.04820,0.06650,0.09510,75.06300
python,large_mixed,100000,13,5.2915,18898.39,0.04910,0.06930,0.09610,74.10390
python,large_mixed,100000,14,5.1662,19356.70,0.04800,0.06600,0.09580,73.60070
python,large_mixed,100000,15,5.2854,18920.03,0.04900,0.06900,0.09670,75.44380
python,large_mixed,100000,16,5.1680,19349.93,0.04800,0.06660,0.09480,74.20300
python,large_mixed,100000,17,5.2731,18964.13,0.04890,0.06850,0.09770,77.53770
python,large_mixed,100000,18,5.1758,19320.63,0.04810,0.06650,0.09460,74.21830
python,large_mixed,100000,19,5.2785,18944.90,0.04900,0.06870,0.09730,76.29180
python,large_mixed,100000,20,5.1888,19272.22,0.04830,0.06680,0.09510,76.23030
python,large_mixed,100000,21,5.2706,18973.30,0.04890,0.06840,0.09760,77.49930
python,large_mixed,100000,22,5.2172,19167.30,0.04850,0.06710,0.09590,77.44940
python,large_mixed,100000,23,5.2280,19127.63,0.04860,0.06760,0.09550,72.40450
python,large_mixed,100000,24,5.1757,19321.07,0.04810,0.06650,0.09450,77.05660
python,large_mixed,100000,25,5.2520,19040.44,0.04870,0.06820,0.09660,74.82260
python,large_mixed,100000,26,5.1518,19410.87,0.04800,0.06590,0.09440,77.19260
python,large_mixed,100000,27,5.1583,19386.13,0.04800,0.06640,0.09430,73.53650
python,large_mixed,100000,28,5.1708,19339.43,0.04810,0.06630,0.09380,76.06420
python,large_mixed,100000,29,5.2314,19115.32,0.04850,0.06800,0.09660,75.65730
python,large_mixed,100000,30,5.1675,19351.57,0.04810,0.06640,0.09450,78.06820
python,large_mixed,100000,31,5.2529,19037.10,0.04870,0.06820,0.09660,77.58160
python,large_mixed,100000,32,5.1615,19374.17,0.04800,0.06630,0.09500,76.86680
python,large_mixed,100000,33,5.2621,19003.66,0.04870,0.06870,0.09690,75.78600
python,large_mixed,100000,34,5.2295,19122.16,0.04860,0.06750,0.09570,77.05870
python,large_mixed,100000,35,5.2318,19113.71,0.04860,0.06790,0.09590,76.76110
python,large_mixed,100000,36,5.1890,19271.50,0.04820,0.06670,0.09420,79.53970
python,large_mixed,100000,37,5.2584,19017.17,0.04880,0.06860,0.09680,75.63370
python,large_mixed,100000,38,5.1761,19319.67,0.04810,0.06640,0.09450,76.07830
python,large_mixed,100000,39,5.5417,18044.95,0.05030,0.07650,0.10550,75.32720
python,large_mixed,100000,40,5.2343,19104.70,0.04860,0.06800,0.09630,72.57710
python,large_mixed,100000,41,5.3049,18850.52,0.04920,0.06920,0.09810,75.99490
python,large_mixed,100000,42,5.2114,19188.63,0.04850,0.06750,0.09410,74.38470
python,large_mixed,100000,43,5.4461,18361.92,0.05010,0.07340,0.10130,85.30830
python,large_mixed,100000,44,5.2703,18974.10,0.04890,0.06840,0.09760,76.08380
python,large_mixed,100000,45,5.2644,18995.36,0.04880,0.06810,0.09650,90.86820
python,large_mixed,100000,46,5.1929,19257.07,0.04820,0.06730,0.09570,73.24300
python,large_mixed,100000,47,5.4523,18340.93,0.04940,0.07550,0.10630,89.06930
python,large_mixed,100000,48,5.3979,18525.55,0.04990,0.07130,0.10030,82.05380
python,large_mixed,100000,49,5.2543,19031.94,0.04880,0.06780,0.09630,80.37530
python,large_mixed,100000,50,5.3010,18864.27,0.04920,0.06930,0.09800,76.19090
python,large_mixed,100000,51,5.4583,18320.72,0.05030,0.07370,0.10270,77.87280
python,large_mixed,100000,52,6.4106,15599.09,0.05810,0.10110,0.13430,77.29650
python,large_mixed,100000,53,5.7314,17447.72,0.05230,0.08060,0.11230,96.98100
python,large_mixed,100000,54,5.2717,18969.18,0.04890,0.06860,0.09660,74.25460
python,large_mixed,100000,55,5.2085,19199.45,0.04840,0.06700,0.09560,75.11030
python,large_mixed,100000,56,5.3097,18833.51,0.04930,0.06930,0.09780,77.16870
python,large_mixed,100000,57,5.1947,19250.22,0.04840,0.06670,0.09470,73.59140
python,large_mixed,100000,58,5.2941,18889.03,0.04920,0.06870,0.09680,73.37130
python,large_mixed,100000,59,5.2056,19210.00,0.04840,0.06700,0.09500,77.34280
python,large_mixed,100000,60,5.2816,18933.73,0.04900,0.06850,0.09770,77.12450
python,large_mixed,100000,61,5.2214,19152.06,0.04860,0.06730,0.09530,75.85270
python,large_mixed,100000,62,5.2781,18946.19,0.04890,0.06870,0.09690,75.75390
python,large_mixed,100000,63,5.2254,19137.42,0.04850,0.06770,0.09710,78.72890
python,large_mixed,100000,64,5.3711,18618.08,0.04970,0.07060,0.09920,77.37260
python,large_mixed,100000,65,5.3957,18533.37,0.04960,0.07160,0.09910,100.76670
python,large_mixed,100000,66,5.2883,18909.83,0.04900,0.06910,0.09730,75.64330
python,large_mixed,100000,67,5.2246,19140.09,0.04860,0.06730,0.09650,73.85370
python,large_mixed,100000,68,5.2756,18955.16,0.04890,0.06850,0.09680,76.44220
python,large_mixed,100000,69,5.1855,19284.45,0.04820,0.06660,0.09500,78.41310
python,large_mixed,100000,70,5.2762,18953.18,0.04890,0.06850,0.09770,75.26020
python,large_mixed,100000,71,5.2145,19177.14,0.04830,0.06670,0.09570,76.81430
python,large_mixed,100000,72,5.2994,18869.89,0.04900,0.06950,0.09840,75.87010
python,large_mixed,100000,73,5.2143,19178.17,0.04850,0.06680,0.09500,77.20530
python,large_mixed,100000,74,5.2861,18917.67,0.04910,0.06850,0.09710,76.35550
python,large_mixed,100000,75,5.1901,19267.41,0.04820,0.06670,0.09420,83.71530
python,large_mixed,100000,76,5.3684,18627.66,0.04980,0.07020,0.09910,78.11680
python,large_mixed,100000,77,5.2041,19215.68,0.04830,0.06690,0.09530,76.37370
python,large_mixed,100000,78,5.3798,18588.00,0.04950,0.07200,0.10130,84.68340
python,large_mixed,100000,79,6.9014,14489.77,0.05980,0.10980,0.14990,82.46740
python,large_mixed,100000,80,5.2361,19098.13,0.04870,0.06780,0.09590,75.03050
python,large_mixed,100000,81,5.2703,18974.39,0.04890,0.06860,0.09700,75.59440
python,large_mixed,100000,82,5.2704,18973.92,0.04900,0.06820,0.09620,78.41150
python,large_mixed,100000,83,5.2629,19000.90,0.04880,0.06850,0.09660,77.75470
python,large_mixed,100000,84,5.1923,19259.42,0.04830,0.06670,0.09470,74.31900
python,large_mixed,100000,85,5.3416,18721.05,0.04960,0.06980,0.09800,78.00710
python,large_mixed,100000,86,5.1924,19258.79,0.04820,0.06660,0.09500,77.88150
python,large_mixed,100000,87,5.2917,18897.52,0.04900,0.06860,0.09810,78.87660
python,large_mixed,100000,88,5.1958,19246.14,0.04830,0.06670,0.09460,75.37500
python,large_mixed,100000,89,5.3597,18657.77,0.04960,0.07000,0.09990,77.13740
python,large_mixed,100000,90,5.1745,19325.54,0.04810,0.06660,0.09440,77.48680
python,large_mixed,100000,91,5.2675,18984.29,0.04880,0.06880,0.09710,77.80420
python,large_mixed,100000,92,5.1752,19323.08,0.04810,0.06640,0.09460,76.43520
python,large_mixed,100000,93,5.4067,18495.55,0.05000,0.07060,0.09940,96.68460
python,large_mixed,100000,94,5.3170,18807.70,0.04910,0.07050,0.09900,79.51620
python,large_mixed,100000,95,5.4583,18320.58,0.05000,0.07480,0.10340,76.47250
python,large_mixed,100000,96,5.2314,19115.46,0.04840,0.06640,0.09520,75.58760
python,large_mixed,100000,97,5.2644,18995.59,0.04880,0.06830,0.09680,75.94940
python,large_mixed,100000,98,5.2094,19196.14,0.04840,0.06720,0.09600,75.35340
python,large_mixed,100000,99,5.3989,18522.37,0.04960,0.07260,0.10290,74.76140
python,large_mixed,100000,100,5.1911,19263.60,0.04830,0.06650,0.09450,78.96750
java,large_mixed,100000,1,6.5310,15311.49,0.05620,0.10300,0.14160,116.01370
java,large_mixed,100000,2,6.3374,15779.34,0.05560,0.09490,0.13390,139.73870
java,large_mixed,100000,3,6.1996,16130.14,0.05490,0.09060,0.13090,109.35340
java,large_mixed,100000,4,6.2901,15898.10,0.05590,0.09250,0.13210,109.48700
java,large_mixed,100000,5,6.1856,16166.48,0.05440,0.09260,0.13400,110.40950
java,large_mixed,100000,6,6.2443,16014.57,0.05490,0.09340,0.13240,113.42780
java,large_mixed,100000,7,6.3194,15824.32,0.05610,0.09280,0.13060,113.86740
java,large_mixed,100000,8,6.1890,16157.76,0.05460,0.09090,0.13190,121.99520
java,large_mixed,100000,9,6.2546,15988.13,0.05470,0.09500,0.13470,111.47170
java,large_mixed,100000,10,6.5264,15322.44,0.05740,0.09970,0.14040,108.34660
java,large_mixed,100000,11,6.5249,15325.89,0.05540,0.10740,0.15280,122.28000
java,large_mixed,100000,12,6.3151,15835.17,0.05560,0.09470,0.13450,109.38090
java,large_mixed,100000,13,6.1805,16179.99,0.05480,0.08950,0.13000,108.72160
java,large_mixed,100000,14,6.3957,15635.41,0.05520,0.10420,0.14370,110.22370
java,large_mixed,100000,15,6.2764,15932.78,0.05550,0.09280,0.13360,112.13170
java,large_mixed,100000,16,6.2061,16113.15,0.05480,0.09140,0.13320,111.60340
java,large_mixed,100000,17,6.3801,15673.84,0.05650,0.09410,0.13400,106.80750
java,large_mixed,100000,18,6.6419,15055.97,0.05520,0.11620,0.16010,110.85370
java,large_mixed,100000,19,6.4161,15585.90,0.05540,0.09940,0.14730,120.87720
java,large_mixed,100000,20,6.3229,15815.50,0.05610,0.09380,0.13410,112.52990
java,large_mixed,100000,21,6.2589,15977.13,0.05490,0.09380,0.13210,110.84410
java,large_mixed,100000,22,6.3061,15857.63,0.05600,0.09240,0.12980,112.47100
java,large_mixed,100000,23,6.2387,16028.94,0.05500,0.09330,0.13310,109.19650
java,large_mixed,100000,24,6.2311,16048.42,0.05470,0.09160,0.14030,126.70140
java,large_mixed,100000,25,6.4331,15544.50,0.05690,0.09550,0.13520,110.69110
java,large_mixed,100000,26,6.2327,16044.29,0.05500,0.09230,0.13130,112.59000
java,large_mixed,100000,27,6.2095,16104.48,0.05540,0.08930,0.12840,109.22830
java,large_mixed,100000,28,6.2414,16022.00,0.05480,0.09300,0.13450,110.34170
java,large_mixed,100000,29,6.2558,15985.11,0.05490,0.09300,0.13480,125.15740
java,large_mixed,100000,30,6.3073,15854.66,0.05550,0.09430,0.13340,109.59890
java,large_mixed,100000,31,6.1454,16272.20,0.05450,0.09010,0.12980,108.41450
java,large_mixed,100000,32,6.4308,15550.17,0.05600,0.09720,0.14010,109.80810
java,large_mixed,100000,33,6.2291,16053.77,0.05540,0.09080,0.12840,109.19150
java,large_mixed,100000,34,6.2530,15992.43,0.05460,0.09570,0.13620,112.69800
java,large_mixed,100000,35,6.2744,15937.78,0.05540,0.09350,0.13420,109.53840
java,large_mixed,100000,36,6.2016,16124.94,0.05480,0.09220,0.13200,107.71490
java,large_mixed,100000,37,6.3617,15719.17,0.05590,0.09470,0.13220,116.86180
java,large_mixed,100000,38,6.3433,15764.73,0.05610,0.09400,0.13350,109.75700
java,large_mixed,100000,39,6.1976,16135.27,0.05490,0.09120,0.12970,111.56590
java,large_mixed,100000,40,6.3558,15733.68,0.05560,0.09820,0.14150,108.54960
java,large_mixed,100000,41,6.1840,16170.74,0.05490,0.09000,0.12680,108.85910
java,large_mixed,100000,42,6.2566,15983.14,0.05500,0.09450,0.13350,110.75250
java,large_mixed,100000,43,6.3116,15843.74,0.05570,0.09410,0.13370,109.57790
java,large_mixed,100000,44,6.2394,16027.22,0.05500,0.09260,0.13170,109.99390
java,large_mixed,100000,45,6.3319,15793.03,0.05610,0.09420,0.13370,107.79600
java,large_mixed,100000,46,6.1994,16130.63,0.05460,0.09260,0.13160,116.57510
java,large_mixed,100000,47,6.2837,15914.30,0.05460,0.09790,0.13830,115.17480
java,large_mixed,100000,48,6.7776,14754.42,0.05780,0.10730,0.14940,109.02240
java,large_mixed,100000,49,6.2368,16033.99,0.05490,0.09250,0.13340,108.70350
java,large_mixed,100000,50,6.3445,15761.76,0.05570,0.09630,0.13850,108.59270
java,large_mixed,100000,51,6.2627,15967.63,0.05520,0.09370,0.13280,111.71640
java,large_mixed,100000,52,6.4478,15509.05,0.05450,0.10800,0.15430,116.84300
java,large_mixed,100000,53,6.5710,15218.50,0.05710,0.10260,0.14200,112.11210
java,large_mixed,100000,54,6.9759,14334.97,0.05930,0.11390,0.16450,144.56380
java,large_mixed,100000,55,6.3123,15842.15,0.05540,0.09380,0.13030,117.31100
java,large_mixed,100000,56,6.2813,15920.18,0.05560,0.09240,0.13310,112.37530
java,large_mixed,100000,57,6.1153,16352.35,0.05450,0.08820,0.12730,108.62090
java,large_mixed,100000,58,6.3811,15671.25,0.05640,0.09450,0.13620,108.22450
java,large_mixed,100000,59,6.1467,16269.01,0.05430,0.09140,0.13000,109.87610
java,large_mixed,100000,60,6.2749,15936.39,0.05470,0.09590,0.13540,114.04150
java,large_mixed,100000,61,6.2447,16013.63,0.05500,0.09340,0.13450,109.86620
java,large_mixed,100000,62,6.2282,16056.11,0.05450,0.09410,0.13680,109.21200
java,large_mixed,100000,63,6.3460,15758.03,0.05580,0.09460,0.13420,110.35690
java,large_mixed,100000,64,6.3997,15625.64,0.05620,0.09820,0.13700,111.61820
java,large_mixed,100000,65,6.9719,14343.19,0.05550,0.12720,0.17750,148.18650
java,large_mixed,100000,66,6.3972,15631.91,0.05610,0.09630,0.13810,109.03810
java,large_mixed,100000,67,6.1908,16152.90,0.05490,0.09040,0.13010,109.47720
java,large_mixed,100000,68,6.2443,16014.51,0.05520,0.09240,0.13150,114.89490
java,large_mixed,100000,69,6.1795,16182.42,0.05420,0.09310,0.13320,108.85960
java,large_mixed,100000,70,6.3307,15795.99,0.05490,0.09700,0.13570,113.31500
java,large_mixed,100000,71,6.2820,15918.49,0.05560,0.09240,0.13420,113.29110
java,large_mixed,100000,72,6.2567,15982.76,0.05480,0.09500,0.13550,112.16130
java,large_mixed,100000,73,6.3189,15825.51,0.05590,0.09320,0.13030,111.54800
java,large_mixed,100000,74,6.2665,15957.76,0.05470,0.09660,0.13570,114.64510
java,large_mixed,100000,75,6.3237,15813.41,0.05500,0.09540,0.13870,119.31540
java,large_mixed,100000,76,6.3377,15778.69,0.05620,0.09320,0.13230,109.70900
java,large_mixed,100000,77,6.3349,15785.61,0.05560,0.09410,0.13190,114.82650
java,large_mixed,100000,78,6.6580,15019.61,0.05840,0.10150,0.15140,108.51480
java,large_mixed,100000,79,6.7985,14709.16,0.05970,0.10420,0.15470,117.33760
java,large_mixed,100000,80,6.2230,16069.32,0.05460,0.09450,0.13500,112.79100
java,large_mixed,100000,81,6.3422,15767.28,0.05580,0.09510,0.13240,111.31310
java,large_mixed,100000,82,6.2342,16040.64,0.05480,0.09330,0.13490,109.60140
java,large_mixed,100000,83,6.3056,15858.98,0.05470,0.09950,0.14060,107.31160
java,large_mixed,100000,84,6.2549,15987.34,0.05510,0.09330,0.13530,111.76260
java,large_mixed,100000,85,6.2832,15915.37,0.05540,0.09370,0.13380,110.16080
java,large_mixed,100000,86,6.3129,15840.68,0.05550,0.09380,0.13520,112.84280
java,large_mixed,100000,87,6.2049,16116.26,0.05470,0.09250,0.13030,110.93200
java,large_mixed,100000,88,6.3436,15763.92,0.05440,0.10350,0.14360,110.65830
java,large_mixed,100000,89,6.2603,15973.67,0.05530,0.09300,0.13190,108.41770
java,large_mixed,100000,90,6.2223,16071.14,0.05470,0.09300,0.13100,112.20460
java,large_mixed,100000,91,6.2389,16028.46,0.05490,0.09230,0.13280,119.00980
java,large_mixed,100000,92,6.2221,16071.69,0.05480,0.09210,0.13290,111.73110
java,large_mixed,100000,93,6.1731,16199.19,0.05430,0.09230,0.13100,109.17170
java,large_mixed,100000,94,6.3475,15754.28,0.05570,0.09510,0.13670,109.42540
java,large_mixed,100000,95,6.3137,15838.50,0.05510,0.09640,0.13590,109.99190
java,large_mixed,100000,96,6.2823,15917.69,0.05550,0.09270,0.12990,110.57170
java,large_mixed,100000,97,6.3276,15803.90,0.05560,0.09420,0.13430,113.41190
java,large_mixed,100000,98,6.3246,15811.28,0.05440,0.09780,0.14710,128.01530
java,large_mixed,100000,99,6.2658,15959.61,0.05540,0.09230,0.13020,110.38200
java,large_mixed,100000,100,6.2276,16057.46,0.05500,0.09130,0.12800,110.77960
rust,large_mixed,100000,1,4.4439,22502.97,0.04180,0.05840,0.08350,25.29300
rust,large_mixed,100000,2,4.4083,22684.73,0.04160,0.05730,0.08290,27.30960
rust,large_mixed,100000,3,4.4247,22600.24,0.04170,0.05790,0.08330,24.73650
rust,large_mixed,100000,4,4.3536,22969.42,0.04120,0.05620,0.08120,22.85400
rust,large_mixed,100000,5,4.3116,23193.13,0.04060,0.05610,0.08270,23.08470
rust,large_mixed,100000,6,4.4833,22304.77,0.04180,0.06050,0.08890,21.94070
rust,large_mixed,100000,7,4.3404,23039.27,0.04090,0.05650,0.08280,25.40390
rust,large_mixed,100000,8,4.3891,22783.75,0.04130,0.05750,0.08540,26.17290
rust,large_mixed,100000,9,4.3662,22903.32,0.04100,0.05630,0.08350,42.03810
rust,large_mixed,100000,10,4.3557,22958.23,0.04090,0.05720,0.08500,24.90440
rust,large_mixed,100000,11,4.3370,23057.41,0.04090,0.05640,0.08400,23.53270
rust,large_mixed,100000,12,4.3183,23157.41,0.04070,0.05600,0.08300,21.76430
rust,large_mixed,100000,13,4.4222,22612.94,0.04160,0.05820,0.08540,22.55300
rust,large_mixed,100000,14,4.3264,23114.16,0.04080,0.05600,0.08300,23.50730
rust,large_mixed,100000,15,4.5758,21854.32,0.04220,0.06350,0.09130,22.88800
rust,large_mixed,100000,16,4.8791,20495.68,0.04510,0.07000,0.09880,23.18790
rust,large_mixed,100000,17,4.4629,22406.97,0.04180,0.05880,0.08590,27.49360
rust,large_mixed,100000,18,4.3293,23098.17,0.04070,0.05610,0.08290,25.91840
rust,large_mixed,100000,19,4.3737,22864.16,0.04110,0.05710,0.08400,27.94660
rust,large_mixed,100000,20,4.4365,22540.40,0.04170,0.05860,0.08570,23.13500
rust,large_mixed,100000,21,4.3147,23176.84,0.04060,0.05610,0.08390,22.08450
rust,large_mixed,100000,22,4.4123,22663.86,0.04130,0.05810,0.08490,23.63910
rust,large_mixed,100000,23,4.3288,23101.35,0.04070,0.05640,0.08420,25.64450
rust,large_mixed,100000,24,4.8138,20773.70,0.04400,0.07010,0.09620,24.43990
rust,large_mixed,100000,25,4.4255,22596.09,0.04170,0.05770,0.08220,31.18770
rust,large_mixed,100000,26,4.3676,22895.67,0.04130,0.05670,0.08140,24.52770
rust,large_mixed,100000,27,4.4462,22491.24,0.04180,0.05860,0.08370,22.43230
rust,large_mixed,100000,28,4.4177,22636.23,0.04170,0.05790,0.08340,23.62470
rust,large_mixed,100000,29,4.4374,22535.80,0.04180,0.05840,0.08250,25.59080
rust,large_mixed,100000,30,4.3715,22875.24,0.04140,0.05670,0.08160,22.84470
rust,large_mixed,100000,31,4.5723,21870.72,0.04270,0.06120,0.08740,23.44050
rust,large_mixed,100000,32,4.4182,22633.59,0.04180,0.05780,0.08380,22.60000
rust,large_mixed,100000,33,4.3876,22791.75,0.04150,0.05700,0.08140,25.24570
rust,large_mixed,100000,34,4.4739,22351.92,0.04200,0.05920,0.08490,22.41780
rust,large_mixed,100000,35,4.3684,22891.76,0.04150,0.05650,0.08140,25.30790
rust,large_mixed,100000,36,4.4270,22588.57,0.04180,0.05780,0.08120,21.93330
rust,large_mixed,100000,37,4.6010,21734.64,0.04170,0.07160,0.09370,20.95640
rust,large_mixed,100000,38,5.7863,17282.13,0.05200,0.08380,0.10660,37.57170
rust,large_mixed,100000,39,5.1902,19267.17,0.04850,0.07110,0.09160,24.14360
rust,large_mixed,100000,40,5.3354,18742.89,0.04930,0.07470,0.09280,24.75430
rust,large_mixed,100000,41,5.0960,19623.11,0.04710,0.07120,0.08700,26.10050
rust,large_mixed,100000,42,5.1389,19459.40,0.04770,0.07140,0.08730,25.69730
rust,large_mixed,100000,43,5.3458,18706.44,0.04960,0.07410,0.09070,23.66600
rust,large_mixed,100000,44,5.6470,17708.45,0.05170,0.08270,0.10640,26.44690
rust,large_mixed,100000,45,5.0416,19834.82,0.04750,0.06720,0.08900,30.30490
rust,large_mixed,100000,46,4.7985,20839.68,0.04560,0.06200,0.08080,22.26110
rust,large_mixed,100000,47,4.8718,20526.32,0.04620,0.06480,0.08150,24.63890
rust,large_mixed,100000,48,4.9177,20334.58,0.04650,0.06520,0.08340,20.67710
rust,large_mixed,100000,49,5.0297,19881.83,0.04760,0.06470,0.08540,26.19270
rust,large_mixed,100000,50,4.7216,21179.18,0.04480,0.06180,0.08210,26.25820
rust,large_mixed,100000,51,4.2498,23530.67,0.04060,0.05290,0.07090,21.03490
rust,large_mixed,100000,52,4.2451,23556.51,0.04050,0.05260,0.07090,22.62590
rust,large_mixed,100000,53,4.2996,23258.01,0.04080,0.05460,0.07620,21.71880
rust,large_mixed,100000,54,4.1550,24067.58,0.03960,0.05130,0.07150,18.92070
rust,large_mixed,100000,55,4.2487,23536.65,0.04050,0.05330,0.07380,21.61250
rust,large_mixed,100000,56,4.1195,24274.59,0.03930,0.05060,0.07000,19.24180
rust,large_mixed,100000,57,4.3109,23197.28,0.04020,0.06070,0.08310,20.99640
rust,large_mixed,100000,58,4.9520,20193.82,0.04410,0.07390,0.09580,38.90230
rust,large_mixed,100000,59,4.2328,23624.92,0.04030,0.05290,0.07480,20.69710
rust,large_mixed,100000,60,4.2258,23664.00,0.04030,0.05250,0.07280,22.44180
rust,large_mixed,100000,61,4.1740,23957.59,0.03990,0.05130,0.07090,20.72500
rust,large_mixed,100000,62,4.2882,23319.55,0.04080,0.05380,0.07480,23.29170
rust,large_mixed,100000,63,4.1306,24209.56,0.03930,0.05080,0.07000,21.45920
rust,large_mixed,100000,64,4.1171,24289.05,0.03920,0.05060,0.06960,21.51150
rust,large_mixed,100000,65,5.1725,19333.00,0.04690,0.08090,0.10270,21.61290
rust,large_mixed,100000,66,4.5440,22006.86,0.04260,0.06120,0.08200,26.14410
rust,large_mixed,100000,67,4.2010,23803.98,0.04010,0.05260,0.07280,18.64490
rust,large_mixed,100000,68,4.1254,24239.81,0.03930,0.05100,0.07100,18.32170
rust,large_mixed,100000,69,4.2206,23693.03,0.04020,0.05300,0.07250,24.08220
rust,large_mixed,100000,70,4.1437,24133.25,0.03950,0.05100,0.07080,21.91480
rust,large_mixed,100000,71,4.1856,23891.17,0.03990,0.05200,0.07230,22.18420
rust,large_mixed,100000,72,4.2144,23728.43,0.04020,0.05220,0.07210,22.80630
rust,large_mixed,100000,73,4.1449,24125.88,0.03950,0.05110,0.07150,20.33040
rust,large_mixed,100000,74,4.1914,23858.56,0.04010,0.05180,0.07170,18.51660
rust,large_mixed,100000,75,4.1229,24254.96,0.03940,0.05050,0.06930,17.63930
rust,large_mixed,100000,76,4.1182,24282.59,0.03930,0.05050,0.07050,17.72730
rust,large_mixed,100000,77,4.2512,23522.82,0.04040,0.05400,0.07500,21.57490
rust,large_mixed,100000,78,4.1172,24288.56,0.03950,0.05050,0.06950,19.00380
rust,large_mixed,100000,79,4.2286,23648.53,0.04030,0.05270,0.07360,20.12620
rust,large_mixed,100000,80,4.1711,23974.24,0.03980,0.05190,0.07220,18.73670
rust,large_mixed,100000,81,4.1779,23935.41,0.04000,0.05180,0.07210,18.71330
rust,large_mixed,100000,82,4.2105,23749.93,0.04010,0.05300,0.07320,19.16070
rust,large_mixed,100000,83,4.1309,24207.85,0.03940,0.05060,0.06970,18.61540
rust,large_mixed,100000,84,4.1950,23837.82,0.04000,0.05230,0.07330,23.38990
rust,large_mixed,100000,85,4.1649,24010.20,0.03980,0.05140,0.07080,18.73950
rust,large_mixed,100000,86,4.1507,24092.45,0.03950,0.05140,0.07090,19.27110
rust,large_mixed,100000,87,4.1685,23989.70,0.03970,0.05130,0.07140,22.20360
rust,large_mixed,100000,88,4.1393,24158.91,0.03950,0.05090,0.07050,18.44090
rust,large_mixed,100000,89,4.1979,23821.55,0.04000,0.05230,0.07260,18.79880
rust,large_mixed,100000,90,4.1233,24252.70,0.03940,0.05060,0.07020,19.89950
rust,large_mixed,100000,91,4.1817,23913.49,0.04000,0.05170,0.07110,20.30470
rust,large_mixed,100000,92,4.1583,24048.47,0.03970,0.05130,0.07170,19.36880
rust,large_mixed,100000,93,4.1434,24134.62,0.03950,0.05060,0.07050,22.99930
rust,large_mixed,100000,94,4.2030,23792.79,0.04010,0.05220,0.07200,24.90950
rust,large_mixed,100000,95,4.1983,23819.44,0.04000,0.05200,0.07250,21.32800
rust,large_mixed,100000,96,4.2234,23677.71,0.04030,0.05310,0.07320,18.53870
rust,large_mixed,100000,97,4.1515,24087.94,0.03950,0.05080,0.07080,23.27210
rust,large_mixed,100000,98,4.1202,24270.62,0.03920,0.05030,0.06960,22.32850
rust,large_mixed,100000,99,4.2275,23654.70,0.04040,0.05240,0.07120,21.86090
rust,large_mixed,100000,100,4.1365,24175.00,0.03940,0.05060,0.07020,23.77150
python,large_numeric_incr,100000,1,6.8606,14576.00,0.05530,0.12150,0.18710,113.95560
python,large_numeric_incr,100000,2,5.1465,19430.67,0.04840,0.06320,0.08840,76.43550
python,large_numeric_incr,100000,3,4.9966,20013.42,0.04710,0.06060,0.08480,71.55810
python,large_numeric_incr,100000,4,5.0167,19933.62,0.04740,0.06100,0.08330,73.04060
python,large_numeric_incr,100000,5,4.9724,20110.94,0.04690,0.05980,0.08300,74.87260
python,large_numeric_incr,100000,6,4.9881,20047.59,0.04700,0.06080,0.08430,69.37900
python,large_numeric_incr,100000,7,5.0039,19984.31,0.04700,0.06070,0.08460,84.91910
python,large_numeric_incr,100000,8,5.5572,17994.66,0.05150,0.07550,0.10390,73.69210
python,large_numeric_incr,100000,9,5.3986,18523.33,0.04930,0.07200,0.09870,106.55920
python,large_numeric_incr,100000,10,5.2882,18909.90,0.04910,0.06860,0.09710,77.20230
python,large_numeric_incr,100000,11,5.2002,19229.97,0.04840,0.06640,0.09490,80.56530
python,large_numeric_incr,100000,12,5.2297,19121.69,0.04860,0.06750,0.09500,73.75610
python,large_numeric_incr,100000,13,5.1738,19328.21,0.04820,0.06640,0.09460,76.30540
python,large_numeric_incr,100000,14,5.1822,19296.64,0.04830,0.06630,0.09460,77.54030
python,large_numeric_incr,100000,15,5.1747,19324.69,0.04830,0.06630,0.09450,75.88020
python,large_numeric_incr,100000,16,5.2791,18942.59,0.04900,0.06860,0.09670,76.91790
python,large_numeric_incr,100000,17,5.2118,19187.38,0.04850,0.06720,0.09520,78.71080
python,large_numeric_incr,100000,18,5.2612,19007.05,0.04880,0.06820,0.09670,77.68030
python,large_numeric_incr,100000,19,5.1737,19328.56,0.04820,0.06630,0.09500,75.79550
python,large_numeric_incr,100000,20,5.3133,18820.85,0.04930,0.06930,0.09780,76.01170
python,large_numeric_incr,100000,21,5.1965,19243.81,0.04840,0.06650,0.09500,77.70550
python,large_numeric_incr,100000,22,5.2708,18972.58,0.04890,0.06850,0.09690,76.38480
python,large_numeric_incr,100000,23,5.1858,19283.33,0.04830,0.06640,0.09420,74.84850
python,large_numeric_incr,100000,24,5.2432,19072.21,0.04870,0.06820,0.09670,74.24830
python,large_numeric_incr,100000,25,5.1741,19327.07,0.04820,0.06640,0.09430,78.07170
python,large_numeric_incr,100000,26,5.2550,19029.41,0.04880,0.06810,0.09730,77.47090
python,large_numeric_incr,100000,27,5.1823,19296.60,0.04830,0.06680,0.09420,74.74810
python,large_numeric_incr,100000,28,5.2491,19050.76,0.04880,0.06760,0.09640,75.07520
python,large_numeric_incr,100000,29,5.1621,19371.84,0.04810,0.06580,0.09420,76.65030
python,large_numeric_incr,100000,30,5.2426,19074.68,0.04870,0.06790,0.09580,79.12800
python,large_numeric_incr,100000,31,5.2054,19210.81,0.04840,0.06710,0.09610,76.12830
python,large_numeric_incr,100000,32,5.2607,19008.83,0.04890,0.06790,0.09720,78.89600
python,large_numeric_incr,100000,33,5.1746,19325.15,0.04820,0.06640,0.09390,80.28070
python,large_numeric_incr,100000,34,5.2562,19025.29,0.04880,0.06790,0.09650,77.63310
python,large_numeric_incr,100000,35,5.1697,19343.57,0.04820,0.06610,0.09470,75.21680
python,large_numeric_incr,100000,36,5.2527,19037.84,0.04880,0.06780,0.09660,76.83420
python,large_numeric_incr,100000,37,5.1876,19276.80,0.04830,0.06660,0.09440,76.20320
python,large_numeric_incr,100000,38,5.2783,18945.37,0.04900,0.06860,0.09720,74.41800
python,large_numeric_incr,100000,39,5.1577,19388.66,0.04810,0.06610,0.09370,75.48100
python,large_numeric_incr,100000,40,5.2586,19016.48,0.04880,0.06810,0.09680,75.28620
python,large_numeric_incr,100000,41,5.1642,19364.23,0.04820,0.06600,0.09440,74.90870
python,large_numeric_incr,100000,42,5.2575,19020.30,0.04880,0.06820,0.09730,76.56170
python,large_numeric_incr,100000,43,5.4691,18284.70,0.04930,0.07860,0.10530,75.30260
python,large_numeric_incr,100000,44,5.2703,18974.16,0.04900,0.06820,0.09680,78.16210
python,large_numeric_incr,100000,45,5.1709,19338.96,0.04820,0.06650,0.09410,75.65990
python,large_numeric_incr,100000,46,5.2423,19075.64,0.04870,0.06790,0.09570,76.95540
python,large_numeric_incr,100000,47,5.1646,19362.63,0.04810,0.06620,0.09410,78.08170
python,large_numeric_incr,100000,48,5.2524,19039.06,0.04890,0.06790,0.09580,72.29270
python,large_numeric_incr,100000,49,5.1771,19315.82,0.04820,0.06630,0.09510,77.79640
python,large_numeric_incr,100000,50,5.2899,18904.09,0.04910,0.06870,0.09630,82.40020
python,large_numeric_incr,100000,51,5.1691,19345.66,0.04810,0.06610,0.09420,77.15640
python,large_numeric_incr,100000,52,5.2473,19057.26,0.04870,0.06800,0.09590,78.63520
python,large_numeric_incr,100000,53,5.6416,17725.53,0.04950,0.08920,0.11940,75.33930
python,large_numeric_incr,100000,54,5.4391,18385.27,0.05000,0.07240,0.10170,91.98620
python,large_numeric_incr,100000,55,5.1690,19345.97,0.04820,0.06640,0.09440,72.62580
python,large_numeric_incr,100000,56,5.3400,18726.47,0.04960,0.06920,0.09720,77.61080
python,large_numeric_incr,100000,57,5.2374,19093.49,0.04900,0.06690,0.09530,74.46670
python,large_numeric_incr,100000,58,5.2567,19023.23,0.04880,0.06810,0.09640,77.03500
python,large_numeric_incr,100000,59,5.1672,19352.98,0.04820,0.06620,0.09420,76.02790
python,large_numeric_incr,100000,60,5.1591,19383.29,0.04810,0.06610,0.09380,76.95670
python,large_numeric_incr,100000,61,5.1965,19243.84,0.04840,0.06690,0.09480,75.69580
python,large_numeric_incr,100000,62,5.2590,19014.93,0.04870,0.06820,0.09680,85.35650
python,large_numeric_incr,100000,63,5.1683,19348.56,0.04830,0.06610,0.09370,76.41630
python,large_numeric_incr,100000,64,5.4604,18313.66,0.04960,0.07470,0.09410,80.76180
python,large_numeric_incr,100000,65,5.1181,19538.32,0.04790,0.06310,0.08600,92.40340
python,large_numeric_incr,100000,66,4.9483,20208.97,0.04670,0.05910,0.08280,79.02600
python,large_numeric_incr,100000,67,4.9415,20236.66,0.04680,0.05930,0.08280,64.70800
python,large_numeric_incr,100000,68,5.0257,19897.60,0.04740,0.06130,0.08520,69.21590
python,large_numeric_incr,100000,69,5.0004,19998.40,0.04720,0.06110,0.08470,65.49710
python,large_numeric_incr,100000,70,5.0960,19623.22,0.04790,0.06320,0.08800,73.53160
python,large_numeric_incr,100000,71,4.9764,20094.65,0.04690,0.06040,0.08300,75.02050
python,large_numeric_incr,100000,72,5.0648,19744.20,0.04770,0.06210,0.08590,73.08600
python,large_numeric_incr,100000,73,5.0367,19854.41,0.04740,0.06140,0.08480,72.94130
python,large_numeric_incr,100000,74,5.1501,19417.06,0.04820,0.06560,0.09100,66.35470
python,large_numeric_incr,100000,75,4.9274,20294.63,0.04660,0.05890,0.08250,72.31860
python,large_numeric_incr,100000,76,5.0407,19838.48,0.04750,0.06150,0.08520,69.91620
python,large_numeric_incr,100000,77,5.0682,19730.91,0.04780,0.06250,0.08610,72.69130
python,large_numeric_incr,100000,78,5.0470,19813.74,0.04760,0.06140,0.08490,74.20690
python,large_numeric_incr,100000,79,4.9786,20085.87,0.04700,0.06000,0.08270,73.71910
python,large_numeric_incr,100000,80,5.1283,19499.79,0.04830,0.06400,0.08780,65.66900
python,large_numeric_incr,100000,81,4.9940,20024.20,0.04710,0.06040,0.08430,66.92910
python,large_numeric_incr,100000,82,5.0353,19859.71,0.04740,0.06210,0.08520,64.99830
python,large_numeric_incr,100000,83,5.7679,17337.24,0.05310,0.08190,0.10840,82.35320
python,large_numeric_incr,100000,84,5.3837,18574.60,0.05010,0.06990,0.09420,88.27960
python,large_numeric_incr,100000,85,4.9664,20135.50,0.04690,0.06010,0.08400,64.89470
python,large_numeric_incr,100000,86,5.0791,19688.35,0.04760,0.06250,0.08690,72.69440
python,large_numeric_incr,100000,87,4.9272,20295.32,0.04660,0.05880,0.08200,74.19240
python,large_numeric_incr,100000,88,5.0577,19771.72,0.04770,0.06200,0.08650,63.14310
python,large_numeric_incr,100000,89,4.9594,20163.71,0.04690,0.05930,0.08280,66.72700
python,large_numeric_incr,100000,90,5.0012,19995.15,0.04710,0.06040,0.08450,72.14000
python,large_numeric_incr,100000,91,5.0320,19872.87,0.04740,0.06210,0.08590,70.30770
python,large_numeric_incr,100000,92,5.0416,19834.97,0.04750,0.06170,0.08450,63.91880
python,large_numeric_incr,100000,93,4.9204,20323.64,0.04660,0.05860,0.08190,65.48420
python,large_numeric_incr,100000,94,5.0156,19937.71,0.04740,0.06070,0.08390,72.00710
python,large_numeric_incr,100000,95,5.0608,19759.70,0.04780,0.06160,0.08520,64.97270
python,large_numeric_incr,100000,96,5.9361,16845.99,0.05330,0.09330,0.11850,65.74790
python,large_numeric_incr,100000,97,5.0163,19934.99,0.04720,0.06110,0.08470,75.03630
python,large_numeric_incr,100000,98,5.2947,18886.69,0.04910,0.07070,0.09200,68.28380
python,large_numeric_incr,100000,99,4.9582,20168.71,0.04680,0.05910,0.08360,76.14020
python,large_numeric_incr,100000,100,5.1119,19562.02,0.04790,0.06400,0.08850,65.82070
java,large_numeric_incr,100000,1,5.9398,16835.59,0.05270,0.08870,0.12030,102.04020
java,large_numeric_incr,100000,2,5.9914,16690.60,0.05390,0.08540,0.11930,105.06430
java,large_numeric_incr,100000,3,5.9040,16937.54,0.05290,0.08510,0.12160,103.31180
java,large_numeric_incr,100000,4,5.9856,16706.75,0.05270,0.09000,0.12550,107.50000
java,large_numeric_incr,100000,5,5.9672,16758.22,0.05380,0.08450,0.11640,94.59530
java,large_numeric_incr,100000,6,5.8566,17074.72,0.05250,0.08350,0.11900,104.53000
java,large_numeric_incr,100000,7,5.9560,16789.85,0.05350,0.08600,0.12070,93.97630
java,large_numeric_incr,100000,8,6.0388,16559.46,0.05410,0.08730,0.12240,105.44810
java,large_numeric_incr,100000,9,5.9857,16706.52,0.05330,0.08730,0.12300,104.50370
java,large_numeric_incr,100000,10,5.8387,17127.14,0.05240,0.08340,0.11520,98.42620
java,large_numeric_incr,100000,11,5.9124,16913.65,0.05230,0.08660,0.12720,121.60380
java,large_numeric_incr,100000,12,5.9222,16885.48,0.05330,0.08500,0.11880,95.76170
java,large_numeric_incr,100000,13,5.8330,17143.83,0.05250,0.08300,0.11750,104.61800
java,large_numeric_incr,100000,14,5.8931,16969.08,0.05310,0.08370,0.11580,96.32040
java,large_numeric_incr,100000,15,6.1850,16168.13,0.05590,0.08780,0.12070,104.98330
java,large_numeric_incr,100000,16,6.6688,14995.31,0.05840,0.10330,0.13560,107.98950
java,large_numeric_incr,100000,17,6.0472,16536.50,0.05390,0.08720,0.12080,112.73010
java,large_numeric_incr,100000,18,5.9047,16935.73,0.05280,0.08590,0.12000,104.89870
java,large_numeric_incr,100000,19,5.8960,16960.61,0.05330,0.08310,0.11470,94.65720
java,large_numeric_incr,100000,20,5.9255,16876.21,0.05270,0.08720,0.12130,108.60700
java,large_numeric_incr,100000,21,5.9367,16844.50,0.05340,0.08480,0.11760,95.54460
java,large_numeric_incr,100000,22,5.8550,17079.52,0.05230,0.08490,0.11760,105.69270
java,large_numeric_incr,100000,23,6.8872,14519.70,0.05580,0.11800,0.15730,96.95770
java,large_numeric_incr,100000,24,5.9010,16946.32,0.05290,0.08580,0.11920,101.64360
java,large_numeric_incr,100000,25,5.8389,17126.57,0.05250,0.08450,0.11640,94.93450
java,large_numeric_incr,100000,26,5.8206,17180.41,0.05230,0.08250,0.11770,102.73020
java,large_numeric_incr,100000,27,5.8738,17024.85,0.05270,0.08480,0.11480,94.25760
java,large_numeric_incr,100000,28,5.9486,16810.55,0.05340,0.08410,0.11820,108.77830
java,large_numeric_incr,100000,29,5.8668,17045.15,0.05240,0.08550,0.11580,98.53780
java,large_numeric_incr,100000,30,5.9891,16697.03,0.05250,0.08910,0.12800,110.48720
java,large_numeric_incr,100000,31,5.9302,16862.72,0.05300,0.08600,0.12060,103.72450
java,large_numeric_incr,100000,32,6.0195,16612.67,0.05380,0.08600,0.11700,104.77960
java,large_numeric_incr,100000,33,6.0412,16553.02,0.05440,0.08630,0.11830,105.53780
java,large_numeric_incr,100000,34,5.9380,16840.71,0.05340,0.08390,0.11750,106.65760
java,large_numeric_incr,100000,35,6.0791,16449.80,0.05430,0.08910,0.12330,100.86300
java,large_numeric_incr,100000,36,5.8603,17063.96,0.05270,0.08280,0.11720,109.19740
java,large_numeric_incr,100000,37,5.8593,17066.76,0.05250,0.08410,0.11680,105.08710
java,large_numeric_incr,100000,38,5.9367,16844.39,0.05330,0.08540,0.11910,104.77000
java,large_numeric_incr,100000,39,6.0536,16519.19,0.05440,0.08630,0.11670,105.58300
java,large_numeric_incr,100000,40,6.0053,16652.05,0.05370,0.08730,0.11860,108.93990
java,large_numeric_incr,100000,41,5.8671,17044.33,0.05300,0.08240,0.11210,97.88220
java,large_numeric_incr,100000,42,5.9715,16746.25,0.05260,0.09070,0.12750,104.92280
java,large_numeric_incr,100000,43,5.8399,17123.65,0.05220,0.08310,0.11540,104.55920
java,large_numeric_incr,100000,44,5.8288,17156.24,0.05240,0.08140,0.11690,112.60610
java,large_numeric_incr,100000,45,5.9741,16738.79,0.05340,0.08660,0.11910,104.11340
java,large_numeric_incr,100000,46,6.6478,15042.54,0.05800,0.10210,0.15190,158.49460
java,large_numeric_incr,100000,47,6.2068,16111.31,0.05480,0.09140,0.13140,117.94800
java,large_numeric_incr,100000,48,6.1245,16327.83,0.05380,0.09250,0.13270,111.02500
java,large_numeric_incr,100000,49,6.2417,16021.19,0.05390,0.09540,0.14350,128.92550
java,large_numeric_incr,100000,50,6.3142,15837.36,0.05490,0.10150,0.14160,108.91300
java,large_numeric_incr,100000,51,6.2960,15883.11,0.05560,0.09390,0.13660,111.32170
java,large_numeric_incr,100000,52,6.2455,16011.46,0.05440,0.09420,0.13820,136.40380
java,large_numeric_incr,100000,53,6.0513,16525.30,0.05330,0.09070,0.12950,108.62570
java,large_numeric_incr,100000,54,6.2502,15999.56,0.05410,0.09460,0.13910,137.83120
java,large_numeric_incr,100000,55,6.1773,16188.21,0.05480,0.09130,0.13130,111.54740
java,large_numeric_incr,100000,56,6.0498,16529.52,0.05350,0.08920,0.12750,117.03860
java,large_numeric_incr,100000,57,6.1580,16239.00,0.05480,0.08970,0.12870,110.05690
java,large_numeric_incr,100000,58,6.3211,15820.12,0.05470,0.10060,0.14290,108.34210
java,large_numeric_incr,100000,59,6.3396,15773.85,0.05520,0.09560,0.14530,129.82760
java,large_numeric_incr,100000,60,6.1740,16197.06,0.05420,0.09240,0.13260,115.67940
java,large_numeric_incr,100000,61,6.1434,16277.68,0.05440,0.09070,0.12910,110.06860
java,large_numeric_incr,100000,62,6.5043,15374.48,0.05710,0.09990,0.13970,110.43080
java,large_numeric_incr,100000,63,6.1660,16217.97,0.05430,0.09230,0.13100,108.59820
java,large_numeric_incr,100000,64,6.1869,16163.21,0.05380,0.09460,0.14160,130.69750
java,large_numeric_incr,100000,65,6.2266,16060.19,0.05530,0.09230,0.13230,109.83620
java,large_numeric_incr,100000,66,6.1559,16244.50,0.05390,0.09320,0.13490,111.47690
java,large_numeric_incr,100000,67,6.3720,15693.73,0.05520,0.09690,0.14370,139.61910
java,large_numeric_incr,100000,68,6.4108,15598.59,0.05640,0.09610,0.13720,109.22010
java,large_numeric_incr,100000,69,6.5643,15234.02,0.05520,0.10170,0.14360,127.96140
java,large_numeric_incr,100000,70,6.2133,16094.56,0.05500,0.09190,0.13130,115.80800
java,large_numeric_incr,100000,71,6.1333,16304.47,0.05420,0.09070,0.13120,109.03650
java,large_numeric_incr,100000,72,6.2065,16112.03,0.05500,0.09170,0.13150,108.91830
java,large_numeric_incr,100000,73,6.1041,16382.31,0.05420,0.09000,0.12890,108.96890
java,large_numeric_incr,100000,74,6.1658,16218.42,0.05450,0.09100,0.13020,115.99280
java,large_numeric_incr,100000,75,6.4282,15556.53,0.05640,0.09780,0.13730,110.01830
java,large_numeric_incr,100000,76,6.0951,16406.59,0.05370,0.08970,0.12890,119.95340
java,large_numeric_incr,100000,77,6.2702,15948.47,0.05520,0.09470,0.13520,109.15590
java,large_numeric_incr,100000,78,6.2801,15923.30,0.05570,0.09270,0.13260,108.29850
java,large_numeric_incr,100000,79,6.1268,16321.73,0.05440,0.08980,0.12910,113.43410
java,large_numeric_incr,100000,80,6.4766,15440.24,0.05740,0.09660,0.13520,110.42520
java,large_numeric_incr,100000,81,6.2358,16036.51,0.05490,0.09390,0.13490,113.66890
java,large_numeric_incr,100000,82,6.3237,15813.60,0.05470,0.09770,0.13980,122.71170
java,large_numeric_incr,100000,83,7.2297,13831.74,0.06520,0.10920,0.14850,110.24310
java,large_numeric_incr,100000,84,6.2929,15890.93,0.05480,0.09490,0.13820,131.75060
java,large_numeric_incr,100000,85,6.1684,16211.67,0.05470,0.09070,0.12930,112.47430
java,large_numeric_incr,100000,86,6.1807,16179.52,0.05430,0.09290,0.13180,110.61820
java,large_numeric_incr,100000,87,6.1852,16167.75,0.05370,0.09680,0.13730,110.76690
java,large_numeric_incr,100000,88,6.3177,15828.49,0.05520,0.09910,0.13900,107.99680
java,large_numeric_incr,100000,89,6.0987,16396.99,0.05370,0.09050,0.13020,114.53320
java,large_numeric_incr,100000,90,6.1496,16261.11,0.05440,0.09160,0.13030,111.68690
java,large_numeric_incr,100000,91,6.1245,16327.97,0.05390,0.09190,0.12980,108.52160
java,large_numeric_incr,100000,92,6.2583,15978.79,0.05450,0.09780,0.13680,109.31660
java,large_numeric_incr,100000,93,6.1963,16138.79,0.05510,0.09070,0.12980,107.29690
java,large_numeric_incr,100000,94,6.6449,15049.19,0.05770,0.10020,0.13950,108.88090
java,large_numeric_incr,100000,95,6.2602,15973.96,0.05550,0.09320,0.13310,108.67800
java,large_numeric_incr,100000,96,6.1164,16349.45,0.05420,0.08990,0.12880,108.93830
java,large_numeric_incr,100000,97,6.3320,15792.81,0.05480,0.09980,0.14070,109.00850
java,large_numeric_incr,100000,98,6.1731,16199.40,0.05450,0.09070,0.13200,110.83770
java,large_numeric_incr,100000,99,6.2285,16055.10,0.05480,0.09360,0.13410,109.38500
java,large_numeric_incr,100000,100,6.2954,15884.56,0.05570,0.09400,0.13360,110.54070
rust,large_numeric_incr,100000,1,4.3355,23065.32,0.04090,0.05650,0.08310,26.88710
rust,large_numeric_incr,100000,2,4.4374,22535.96,0.04170,0.05850,0.08590,22.71540
rust,large_numeric_incr,100000,3,4.3653,22908.13,0.04130,0.05690,0.08370,21.90140
rust,large_numeric_incr,100000,4,4.4686,22378.41,0.04180,0.05940,0.08620,25.38700
rust,large_numeric_incr,100000,5,4.3272,23109.44,0.04080,0.05630,0.08370,22.65430
rust,large_numeric_incr,100000,6,4.6880,21330.90,0.04300,0.06690,0.09570,21.98100
rust,large_numeric_incr,100000,7,4.4276,22585.67,0.04160,0.05840,0.08500,25.61450
rust,large_numeric_incr,100000,8,4.3086,23209.27,0.04060,0.05570,0.08320,23.30710
rust,large_numeric_incr,100000,9,4.4660,22391.61,0.04180,0.05880,0.08660,26.36650
rust,large_numeric_incr,100000,10,4.3162,23168.75,0.04080,0.05570,0.08320,23.15100
rust,large_numeric_incr,100000,11,4.3756,22853.96,0.04130,0.05720,0.08470,21.90650
rust,large_numeric_incr,100000,12,4.3324,23082.14,0.04100,0.05600,0.08300,25.54540
rust,large_numeric_incr,100000,13,4.6037,21721.86,0.04270,0.06340,0.09160,22.56260
rust,large_numeric_incr,100000,14,4.3954,22751.24,0.04140,0.05790,0.08500,22.11430
rust,large_numeric_incr,100000,15,4.3241,23126.02,0.04070,0.05600,0.08340,25.55380
rust,large_numeric_incr,100000,16,4.4071,22690.66,0.04160,0.05770,0.08470,22.84250
rust,large_numeric_incr,100000,17,4.4555,22444.01,0.04180,0.05990,0.08620,21.86330
rust,large_numeric_incr,100000,18,4.3971,22742.19,0.04140,0.05740,0.08290,25.78550
rust,large_numeric_incr,100000,19,4.5872,21799.70,0.04190,0.06400,0.08150,24.38300
rust,large_numeric_incr,100000,20,4.2807,23360.85,0.04030,0.05700,0.07570,27.55220
rust,large_numeric_incr,100000,21,4.1830,23906.35,0.04000,0.05170,0.07250,21.61820
rust,large_numeric_incr,100000,22,4.1375,24169.16,0.03950,0.05100,0.07180,18.23700
rust,large_numeric_incr,100000,23,4.2476,23542.49,0.04050,0.05310,0.07340,23.72480
rust,large_numeric_incr,100000,24,4.1111,24324.54,0.03920,0.05010,0.06980,21.36410
rust,large_numeric_incr,100000,25,4.1325,24198.29,0.03950,0.05060,0.07040,23.41980
rust,large_numeric_incr,100000,26,4.2029,23793.00,0.04010,0.05220,0.07170,24.16260
rust,large_numeric_incr,100000,27,4.1449,24125.85,0.03960,0.05110,0.07150,20.67050
rust,large_numeric_incr,100000,28,4.2129,23736.66,0.04030,0.05250,0.07330,18.38690
rust,large_numeric_incr,100000,29,4.1553,24065.47,0.03970,0.05130,0.07100,18.73790
rust,large_numeric_incr,100000,30,4.1391,24159.89,0.03960,0.05070,0.07080,22.45960
rust,large_numeric_incr,100000,31,4.2247,23670.45,0.04040,0.05310,0.07360,19.43870
rust,large_numeric_incr,100000,32,4.1512,24089.14,0.03970,0.05120,0.07130,19.06330
rust,large_numeric_incr,100000,33,4.2036,23789.40,0.04020,0.05240,0.07230,17.80870
rust,large_numeric_incr,100000,34,4.1383,24164.57,0.03950,0.05070,0.07100,19.14980
rust,large_numeric_incr,100000,35,4.1291,24218.42,0.03940,0.05050,0.07050,19.06870
rust,large_numeric_incr,100000,36,4.1955,23835.35,0.04020,0.05200,0.07180,21.26430
rust,large_numeric_incr,100000,37,4.1446,24128.01,0.03960,0.05070,0.07090,18.34120
rust,large_numeric_incr,100000,38,4.2127,23737.73,0.04020,0.05260,0.07330,21.91190
rust,large_numeric_incr,100000,39,4.2011,23803.29,0.04010,0.05260,0.07300,20.36580
rust,large_numeric_incr,100000,40,4.1444,24129.22,0.03970,0.05120,0.07200,18.74310
rust,large_numeric_incr,100000,41,4.1738,23959.12,0.03980,0.05170,0.07180,24.66200
rust,large_numeric_incr,100000,42,4.1675,23995.13,0.04010,0.05120,0.06910,18.23360
rust,large_numeric_incr,100000,43,4.2026,23794.98,0.04020,0.05200,0.07190,18.06230
rust,large_numeric_incr,100000,44,4.1224,24257.83,0.03930,0.05050,0.06950,17.82980
rust,large_numeric_incr,100000,45,4.2506,23525.91,0.04040,0.05360,0.07410,18.52210
rust,large_numeric_incr,100000,46,4.1936,23845.76,0.04010,0.05180,0.07180,22.97600
rust,large_numeric_incr,100000,47,4.1000,24390.12,0.03920,0.05030,0.07020,18.77840
rust,large_numeric_incr,100000,48,4.2037,23788.73,0.04020,0.05260,0.07310,18.78240
rust,large_numeric_incr,100000,49,4.1304,24210.62,0.03960,0.05050,0.07070,19.05200
rust,large_numeric_incr,100000,50,4.2288,23647.53,0.04030,0.05290,0.07350,23.71950
rust,large_numeric_incr,100000,51,4.1948,23839.28,0.04000,0.05210,0.07250,19.25000
rust,large_numeric_incr,100000,52,4.1088,24338.27,0.03920,0.05020,0.07020,18.62870
rust,large_numeric_incr,100000,53,4.1938,23844.59,0.04010,0.05220,0.07240,18.79950
rust,large_numeric_incr,100000,54,4.1117,24320.72,0.03930,0.05040,0.07080,18.00720
rust,large_numeric_incr,100000,55,4.1868,23884.59,0.04010,0.05190,0.07170,18.46240
rust,large_numeric_incr,100000,56,4.1151,24300.80,0.03930,0.05050,0.07050,19.50030
rust,large_numeric_incr,100000,57,4.1173,24287.82,0.03930,0.05030,0.07010,23.13520
rust,large_numeric_incr,100000,58,4.1992,23813.84,0.04020,0.05250,0.07280,19.00550
rust,large_numeric_incr,100000,59,4.1416,24145.38,0.03950,0.05100,0.07130,19.32890
rust,large_numeric_incr,100000,60,4.2577,23487.12,0.04050,0.05350,0.07370,21.48370
rust,large_numeric_incr,100000,61,4.9915,20033.93,0.04550,0.07750,0.09640,20.93940
rust,large_numeric_incr,100000,62,4.1591,24043.68,0.03990,0.05150,0.07290,18.89430
rust,large_numeric_incr,100000,63,4.1711,23974.55,0.03980,0.05170,0.07260,26.35370
rust,large_numeric_incr,100000,64,4.1909,23861.17,0.04000,0.05220,0.07420,21.49120
rust,large_numeric_incr,100000,65,4.2593,23478.25,0.04060,0.05360,0.07410,18.36980
rust,large_numeric_incr,100000,66,4.0986,24398.31,0.03910,0.04980,0.06910,19.80040
rust,large_numeric_incr,100000,67,4.1825,23909.38,0.04010,0.05170,0.07190,18.89200
rust,large_numeric_incr,100000,68,4.1228,24255.59,0.03930,0.05030,0.07010,21.96340
rust,large_numeric_incr,100000,69,4.1151,24300.66,0.03920,0.05050,0.07010,18.07770
rust,large_numeric_incr,100000,70,4.2066,23772.17,0.04030,0.05250,0.07310,18.16870
rust,large_numeric_incr,100000,71,4.1070,24348.88,0.03920,0.05040,0.07000,18.96540
rust,large_numeric_incr,100000,72,4.2054,23778.67,0.04030,0.05230,0.07270,18.82900
rust,large_numeric_incr,100000,73,4.2830,23348.28,0.04090,0.05420,0.07540,19.32430
rust,large_numeric_incr,100000,74,4.1271,24229.98,0.03950,0.05050,0.07040,18.18050
rust,large_numeric_incr,100000,75,4.2130,23735.98,0.04030,0.05220,0.07130,19.76960
rust,large_numeric_incr,100000,76,4.2728,23404.00,0.04080,0.05360,0.07400,20.98700
rust,large_numeric_incr,100000,77,4.2120,23741.62,0.04020,0.05220,0.07250,24.36650
rust,large_numeric_incr,100000,78,4.1172,24288.51,0.03930,0.05030,0.06960,21.31010
rust,large_numeric_incr,100000,79,4.1619,24027.29,0.03980,0.05160,0.07210,18.20740
rust,large_numeric_incr,100000,80,4.2028,23793.84,0.04020,0.05250,0.07240,21.14330
rust,large_numeric_incr,100000,81,4.1175,24286.78,0.03950,0.05050,0.07070,18.43260
rust,large_numeric_incr,100000,82,4.1803,23921.83,0.04000,0.05190,0.07170,18.89760
rust,large_numeric_incr,100000,83,4.1152,24299.86,0.03930,0.05060,0.07090,18.63410
rust,large_numeric_incr,100000,84,4.1070,24348.86,0.03920,0.05030,0.07020,18.84940
rust,large_numeric_incr,100000,85,4.2274,23655.32,0.04030,0.05290,0.07390,19.52070
rust,large_numeric_incr,100000,86,4.1639,24015.92,0.03980,0.05150,0.07250,19.30300
rust,large_numeric_incr,100000,87,4.2269,23658.24,0.04030,0.05320,0.07330,19.49220
rust,large_numeric_incr,100000,88,4.1490,24102.37,0.03970,0.05110,0.07140,18.78860
rust,large_numeric_incr,100000,89,4.1288,24219.83,0.03960,0.05060,0.07080,21.93420
rust,large_numeric_incr,100000,90,4.1877,23879.27,0.04000,0.05220,0.07190,19.18190
rust,large_numeric_incr,100000,91,4.0961,24413.61,0.03920,0.05010,0.06980,17.76130
rust,large_numeric_incr,100000,92,4.1894,23869.93,0.04000,0.05240,0.07250,18.66990
rust,large_numeric_incr,100000,93,4.0981,24401.68,0.03920,0.05000,0.06890,18.46740
rust,large_numeric_incr,100000,94,4.1856,23891.55,0.03990,0.05200,0.07340,19.18260
rust,large_numeric_incr,100000,95,4.1975,23823.86,0.04010,0.05230,0.07250,18.91130
rust,large_numeric_incr,100000,96,4.1031,24371.63,0.03920,0.05020,0.07030,18.55310
rust,large_numeric_incr,100000,97,4.1758,23947.46,0.03990,0.05210,0.07190,22.02700
rust,large_numeric_incr,100000,98,4.2613,23466.83,0.04050,0.05470,0.07480,17.77960
rust,large_numeric_incr,100000,99,4.1389,24161.21,0.03960,0.05100,0.07110,19.01810
rust,large_numeric_incr,100000,100,4.1903,23864.53,0.04010,0.05220,0.07260,23.30480
python,large_read_heavy,100000,1,9.1620,10914.60,0.07670,0.16600,0.25290,117.77870
python,large_read_heavy,100000,2,7.8786,12692.63,0.06440,0.14550,0.22650,112.78340
python,large_read_heavy,100000,3,5.0666,19737.16,0.04720,0.06520,0.09070,74.47830
python,large_read_heavy,100000,4,5.1362,19469.47,0.04770,0.06630,0.09350,74.44950
python,large_read_heavy,100000,5,5.0875,19655.91,0.04730,0.06530,0.09170,73.15110
python,large_read_heavy,100000,6,5.1341,19477.53,0.04780,0.06650,0.09290,72.56680
python,large_read_heavy,100000,7,5.0497,19803.35,0.04710,0.06450,0.09020,75.76540
python,large_read_heavy,100000,8,5.1908,19264.83,0.04800,0.06840,0.09350,72.10220
python,large_read_heavy,100000,9,5.1486,19422.75,0.04780,0.06700,0.09320,75.42150
python,large_read_heavy,100000,10,5.1062,19583.94,0.04750,0.06600,0.09170,73.45940
python,large_read_heavy,100000,11,5.0746,19705.95,0.04720,0.06500,0.09210,76.12820
python,large_read_heavy,100000,12,5.1391,19458.54,0.04770,0.06640,0.09340,74.60820
python,large_read_heavy,100000,13,5.0469,19814.19,0.04710,0.06460,0.09080,73.72940
python,large_read_heavy,100000,14,5.1630,19368.54,0.04790,0.06690,0.09490,74.88180
python,large_read_heavy,100000,15,5.5135,18137.42,0.04980,0.07580,0.10410,73.93670
python,large_read_heavy,100000,16,5.1567,19392.12,0.04770,0.06780,0.09440,73.83210
python,large_read_heavy,100000,17,5.0509,19798.36,0.04710,0.06470,0.09130,72.22720
python,large_read_heavy,100000,18,5.1195,19533.12,0.04760,0.06600,0.09240,74.62020
python,large_read_heavy,100000,19,5.1136,19555.57,0.04750,0.06580,0.09270,76.10050
python,large_read_heavy,100000,20,5.1564,19393.23,0.04790,0.06700,0.09280,72.43670
python,large_read_heavy,100000,21,5.0845,19667.76,0.04730,0.06510,0.09170,77.26540
python,large_read_heavy,100000,22,5.1413,19450.38,0.04780,0.06630,0.09260,72.48500
python,large_read_heavy,100000,23,5.0762,19699.77,0.04720,0.06520,0.09130,76.12870
python,large_read_heavy,100000,24,5.1166,19544.23,0.04760,0.06590,0.09260,73.85930
python,large_read_heavy,100000,25,5.0575,19772.76,0.04720,0.06450,0.09040,73.60990
python,large_read_heavy,100000,26,5.1027,19597.39,0.04750,0.06580,0.09250,72.48540
python,large_read_heavy,100000,27,5.1071,19580.57,0.04740,0.06550,0.09230,81.87880
python,large_read_heavy,100000,28,5.0902,19645.74,0.04740,0.06550,0.09180,73.51890
python,large_read_heavy,100000,29,5.2566,19023.79,0.04850,0.06910,0.09630,85.51480
python,large_read_heavy,100000,30,5.1249,19512.39,0.04760,0.06640,0.09220,73.48570
python,large_read_heavy,100000,31,5.1895,19269.72,0.04800,0.06800,0.09380,84.30510
python,large_read_heavy,100000,32,5.1211,19527.09,0.04750,0.06620,0.09210,83.56690
python,large_read_heavy,100000,33,5.0980,19615.70,0.04730,0.06530,0.09250,85.58540
python,large_read_heavy,100000,34,5.0584,19768.99,0.04710,0.06480,0.09150,74.22420
python,large_read_heavy,100000,35,5.1144,19552.47,0.04740,0.06600,0.09230,84.16810
python,large_read_heavy,100000,36,5.1557,19395.88,0.04760,0.06850,0.09650,73.42450
python,large_read_heavy,100000,37,5.1306,19490.92,0.04760,0.06640,0.09350,82.21320
python,large_read_heavy,100000,38,5.0341,19864.44,0.04700,0.06390,0.09040,74.58070
python,large_read_heavy,100000,39,5.1610,19375.97,0.04800,0.06680,0.09320,75.48370
python,large_read_heavy,100000,40,5.0845,19667.43,0.04730,0.06520,0.09210,74.30150
python,large_read_heavy,100000,41,5.1792,19308.10,0.04790,0.06800,0.09520,72.10130
python,large_read_heavy,100000,42,5.0719,19716.49,0.04720,0.06490,0.09140,74.33520
python,large_read_heavy,100000,43,5.2720,18967.99,0.04870,0.06940,0.09750,75.45160
python,large_read_heavy,100000,44,5.0605,19760.85,0.04710,0.06510,0.09130,75.12080
python,large_read_heavy,100000,45,5.1523,19408.86,0.04780,0.06730,0.09460,73.11850
python,large_read_heavy,100000,46,5.0390,19845.27,0.04700,0.06430,0.09110,76.50490
python,large_read_heavy,100000,47,5.1433,19442.78,0.04770,0.06680,0.09430,73.69840
python,large_read_heavy,100000,48,5.0679,19731.90,0.04720,0.06500,0.09170,73.02430
python,large_read_heavy,100000,49,5.2009,19227.37,0.04810,0.06800,0.09570,74.33360
python,large_read_heavy,100000,50,5.0818,19678.20,0.04720,0.06540,0.09270,70.85450
python,large_read_heavy,100000,51,5.3219,18790.26,0.04860,0.07210,0.10100,74.00730
python,large_read_heavy,100000,52,5.1470,19428.70,0.04780,0.06710,0.09410,75.55500
python,large_read_heavy,100000,53,5.1445,19438.17,0.04770,0.06720,0.09460,74.85300
python,large_read_heavy,100000,54,5.0908,19643.42,0.04740,0.06560,0.09200,72.08200
python,large_read_heavy,100000,55,5.2113,19189.19,0.04790,0.06960,0.09810,74.31750
python,large_read_heavy,100000,56,5.0483,19808.78,0.04710,0.06440,0.08960,73.06750
python,large_read_heavy,100000,57,5.1555,19396.71,0.04780,0.06720,0.09450,77.28770
python,large_read_heavy,100000,58,5.3730,18611.66,0.04840,0.07370,0.10220,75.58550
python,large_read_heavy,100000,59,5.1329,19482.17,0.04770,0.06660,0.09370,74.55290
python,large_read_heavy,100000,60,5.0287,19885.90,0.04680,0.06420,0.09040,75.12470
python,large_read_heavy,100000,61,5.1403,19454.30,0.04770,0.06690,0.09330,74.35420
python,large_read_heavy,100000,62,5.0651,19742.97,0.04710,0.06530,0.09140,74.27410
python,large_read_heavy,100000,63,5.1991,19233.97,0.04820,0.06790,0.09540,75.91070
python,large_read_heavy,100000,64,5.0710,19720.11,0.04720,0.06510,0.09180,71.26450
python,large_read_heavy,100000,65,5.1013,19602.77,0.04740,0.06540,0.09320,74.77560
python,large_read_heavy,100000,66,5.1071,19580.44,0.04750,0.06570,0.09200,73.30890
python,large_read_heavy,100000,67,5.1371,19466.38,0.04760,0.06680,0.09370,76.59650
python,large_read_heavy,100000,68,5.0374,19851.61,0.04700,0.06460,0.09080,72.37660
python,large_read_heavy,100000,69,5.2474,19057.13,0.04850,0.06990,0.09640,72.02370
python,large_read_heavy,100000,70,5.0679,19732.23,0.04720,0.06470,0.09130,72.74490
python,large_read_heavy,100000,71,5.2628,19001.40,0.04870,0.06950,0.09670,74.16880
python,large_read_heavy,100000,72,5.0501,19801.45,0.04700,0.06480,0.09070,75.50120
python,large_read_heavy,100000,73,5.1307,19490.58,0.04760,0.06640,0.09370,74.61750
python,large_read_heavy,100000,74,5.1032,19595.65,0.04740,0.06600,0.09240,71.16980
python,large_read_heavy,100000,75,5.1347,19475.41,0.04770,0.06660,0.09280,73.69140
python,large_read_heavy,100000,76,5.1681,19349.33,0.04780,0.06820,0.09680,72.94850
python,large_read_heavy,100000,77,5.1209,19527.72,0.04760,0.06610,0.09240,73.44510
python,large_read_heavy,100000,78,5.1652,19360.36,0.04810,0.06690,0.09280,74.63820
python,large_read_heavy,100000,79,5.3759,18601.59,0.04900,0.07460,0.10280,76.53570
python,large_read_heavy,100000,80,5.1216,19525.03,0.04750,0.06660,0.09230,73.56910
python,large_read_heavy,100000,81,5.2040,19215.81,0.04830,0.06670,0.09310,83.25150
python,large_read_heavy,100000,82,5.0694,19726.13,0.04720,0.06490,0.09050,73.80160
python,large_read_heavy,100000,83,5.1404,19453.86,0.04780,0.06650,0.09320,72.96420
python,large_read_heavy,100000,84,5.1031,19595.82,0.04750,0.06540,0.09140,76.40650
python,large_read_heavy,100000,85,5.1392,19458.36,0.04770,0.06670,0.09330,75.11410
python,large_read_heavy,100000,86,5.0931,19634.59,0.04740,0.06510,0.09160,76.22530
python,large_read_heavy,100000,87,5.1536,19403.80,0.04780,0.06710,0.09380,74.03300
python,large_read_heavy,100000,88,5.0584,19769.09,0.04710,0.06470,0.09010,74.78660
python,large_read_heavy,100000,89,5.2567,19023.34,0.04870,0.06830,0.09600,72.77420
python,large_read_heavy,100000,90,5.0989,19612.15,0.04740,0.06580,0.09290,73.63450
python,large_read_heavy,100000,91,5.1375,19464.89,0.04770,0.06670,0.09340,72.62230
python,large_read_heavy,100000,92,5.0729,19712.51,0.04730,0.06500,0.09140,73.02620
python,large_read_heavy,100000,93,5.1477,19426.08,0.04790,0.06630,0.09330,71.83580
python,large_read_heavy,100000,94,5.0428,19830.33,0.04700,0.06450,0.09050,74.37770
python,large_read_heavy,100000,95,5.1178,19539.65,0.04760,0.06580,0.09260,75.65740
python,large_read_heavy,100000,96,5.0519,19794.53,0.04710,0.06440,0.09140,72.96440
python,large_read_heavy,100000,97,5.1546,19400.25,0.04790,0.06650,0.09310,72.27000
python,large_read_heavy,100000,98,5.0824,19675.65,0.04740,0.06490,0.09190,74.25210
python,large_read_heavy,100000,99,5.1474,19427.34,0.04780,0.06670,0.09290,75.13800
python,large_read_heavy,100000,100,5.0923,19637.62,0.04740,0.06560,0.09240,75.13840
java,large_read_heavy,100000,1,6.2646,15962.60,0.05540,0.09290,0.13370,111.21910
java,large_read_heavy,100000,2,6.5650,15232.36,0.05610,0.10280,0.14100,110.07470
java,large_read_heavy,100000,3,6.0532,16520.08,0.05300,0.09200,0.13080,119.10960
java,large_read_heavy,100000,4,6.9005,14491.79,0.06080,0.10860,0.14560,108.28770
java,large_read_heavy,100000,5,6.4484,15507.66,0.05400,0.11010,0.15290,136.92170
java,large_read_heavy,100000,6,6.1717,16203.08,0.05310,0.09980,0.13910,104.81660
java,large_read_heavy,100000,7,6.1101,16366.44,0.05420,0.09010,0.12810,108.27420
java,large_read_heavy,100000,8,5.9998,16667.25,0.05290,0.08940,0.12620,108.08680
java,large_read_heavy,100000,9,6.0378,16562.20,0.05340,0.08880,0.12690,105.48050
java,large_read_heavy,100000,10,6.1081,16371.77,0.05390,0.08970,0.12720,107.30730
java,large_read_heavy,100000,11,6.2678,15954.55,0.05440,0.10000,0.14080,110.46260
java,large_read_heavy,100000,12,6.1045,16381.30,0.05320,0.09360,0.13100,106.95980
java,large_read_heavy,100000,13,6.2095,16104.34,0.05480,0.09250,0.13220,119.79570
java,large_read_heavy,100000,14,6.1026,16386.33,0.05390,0.09120,0.12980,106.38480
java,large_read_heavy,100000,15,6.0549,16515.56,0.05290,0.09150,0.12990,107.37940
java,large_read_heavy,100000,16,6.0424,16549.66,0.05380,0.08820,0.12500,107.51780
java,large_read_heavy,100000,17,6.0678,16480.46,0.05360,0.08970,0.12840,105.69060
java,large_read_heavy,100000,18,6.3485,15751.63,0.05420,0.10060,0.14520,114.08280
java,large_read_heavy,100000,19,6.5371,15297.33,0.05640,0.10710,0.14850,116.98700
java,large_read_heavy,100000,20,6.0878,16426.33,0.05400,0.08970,0.12870,109.50040
java,large_read_heavy,100000,21,6.0757,16459.13,0.05370,0.09050,0.12900,106.75290
java,large_read_heavy,100000,22,5.9957,16678.73,0.05300,0.08970,0.12750,110.34660
java,large_read_heavy,100000,23,6.2014,16125.36,0.05380,0.09720,0.13500,107.71370
java,large_read_heavy,100000,24,6.1255,16325.14,0.05390,0.09200,0.12910,103.17360
java,large_read_heavy,100000,25,6.0820,16441.84,0.05350,0.09170,0.12970,112.18870
java,large_read_heavy,100000,26,6.1107,16364.87,0.05430,0.08850,0.12490,104.35420
java,large_read_heavy,100000,27,5.9234,16882.17,0.05240,0.08810,0.12530,107.71100
java,large_read_heavy,100000,28,6.2704,15947.93,0.05650,0.09030,0.12120,101.01710
java,large_read_heavy,100000,29,5.8616,17060.26,0.05210,0.08600,0.11980,101.44310
java,large_read_heavy,100000,30,5.9855,16707.12,0.05320,0.08730,0.11960,106.00020
java,large_read_heavy,100000,31,5.9471,16814.93,0.05340,0.08550,0.11950,95.32250
java,large_read_heavy,100000,32,5.8466,17104.10,0.05200,0.08590,0.11530,104.02560
java,large_read_heavy,100000,33,5.8365,17133.63,0.05200,0.08640,0.11780,94.62150
java,large_read_heavy,100000,34,5.8780,17012.55,0.05180,0.08870,0.12420,99.59900
java,large_read_heavy,100000,35,5.8857,16990.36,0.05180,0.09050,0.12480,103.69440
java,large_read_heavy,100000,36,6.1684,16211.70,0.05560,0.08900,0.12200,100.48230
java,large_read_heavy,100000,37,7.1992,13890.44,0.06370,0.10470,0.14860,100.85080
java,large_read_heavy,100000,38,7.5877,13179.22,0.06220,0.12550,0.23850,180.35230
java,large_read_heavy,100000,39,7.6376,13093.12,0.06650,0.11800,0.16040,123.88960
java,large_read_heavy,100000,40,7.7361,12926.45,0.06450,0.13410,0.20890,142.38190
java,large_read_heavy,100000,41,8.1860,12216.01,0.07060,0.12950,0.18090,120.18990
java,large_read_heavy,100000,42,8.8471,11303.10,0.07880,0.13540,0.19450,127.01830
java,large_read_heavy,100000,43,8.1456,12276.54,0.06930,0.12730,0.18340,157.82440
java,large_read_heavy,100000,44,7.3827,13545.21,0.06290,0.12160,0.17110,132.32430
java,large_read_heavy,100000,45,6.3545,15736.79,0.05520,0.09780,0.14020,123.34860
java,large_read_heavy,100000,46,6.2799,15923.72,0.05570,0.09300,0.13130,117.36120
java,large_read_heavy,100000,47,6.1842,16170.13,0.05450,0.09320,0.13150,106.97410
java,large_read_heavy,100000,48,6.6146,15118.03,0.05720,0.10390,0.14720,110.50480
java,large_read_heavy,100000,49,6.0503,16528.11,0.05340,0.09180,0.12650,107.14740
java,large_read_heavy,100000,50,6.1853,16167.24,0.05340,0.09840,0.14360,107.68210
java,large_read_heavy,100000,51,6.1359,16297.43,0.05400,0.09190,0.12750,105.97610
java,large_read_heavy,100000,52,6.5520,15262.51,0.05450,0.11060,0.15040,119.67840
java,large_read_heavy,100000,53,6.2829,15916.19,0.05470,0.09990,0.13940,112.29090
java,large_read_heavy,100000,54,5.9910,16691.72,0.05280,0.08910,0.12760,114.04790
java,large_read_heavy,100000,55,6.1666,16216.26,0.05320,0.09680,0.13740,108.54850
java,large_read_heavy,100000,56,6.2026,16122.15,0.05470,0.09250,0.12740,106.11540
java,large_read_heavy,100000,57,6.2953,15884.97,0.05450,0.09940,0.13830,108.10430
java,large_read_heavy,100000,58,6.0625,16494.76,0.05360,0.09080,0.12830,108.55310
java,large_read_heavy,100000,59,6.1324,16306.91,0.05450,0.08960,0.12800,107.24580
java,large_read_heavy,100000,60,6.1933,16146.42,0.05340,0.09980,0.13910,110.30180
java,large_read_heavy,100000,61,6.1336,16303.72,0.05400,0.09240,0.12960,110.85790
java,large_read_heavy,100000,62,6.1135,16357.27,0.05290,0.09760,0.13460,106.79060
java,large_read_heavy,100000,63,6.1397,16287.49,0.05440,0.09100,0.12910,108.81730
java,large_read_heavy,100000,64,5.9730,16742.03,0.05260,0.08890,0.12850,106.28060
java,large_read_heavy,100000,65,6.1405,16285.32,0.05400,0.09130,0.12770,111.29140
java,large_read_heavy,100000,66,6.2034,16120.13,0.05470,0.09230,0.13010,108.41510
java,large_read_heavy,100000,67,6.0951,16406.62,0.05290,0.09360,0.13420,110.09620
java,large_read_heavy,100000,68,6.0650,16487.93,0.05360,0.08980,0.12990,106.28890
java,large_read_heavy,100000,69,6.0639,16491.01,0.05340,0.09300,0.13240,110.07170
java,large_read_heavy,100000,70,6.0926,16413.34,0.05370,0.09170,0.12840,108.28300
java,large_read_heavy,100000,71,6.1534,16251.26,0.05380,0.09340,0.13180,106.57700
java,large_read_heavy,100000,72,6.1210,16337.22,0.05320,0.09350,0.13820,124.15800
java,large_read_heavy,100000,73,6.1049,16380.24,0.05360,0.09230,0.13030,106.84990
java,large_read_heavy,100000,74,6.0054,16651.57,0.05300,0.08910,0.12770,108.95280
java,large_read_heavy,100000,75,6.2703,15948.08,0.05440,0.10030,0.14050,106.38850
java,large_read_heavy,100000,76,6.0378,16562.38,0.05340,0.08930,0.12500,107.29520
java,large_read_heavy,100000,77,6.1491,16262.65,0.05290,0.09990,0.13740,105.29470
java,large_read_heavy,100000,78,6.1479,16265.65,0.05440,0.09150,0.13090,104.75170
java,large_read_heavy,100000,79,6.0099,16639.30,0.05300,0.08880,0.12730,108.60830
java,large_read_heavy,100000,80,6.4641,15470.11,0.05570,0.09810,0.13520,107.33670
java,large_read_heavy,100000,81,6.0363,16566.39,0.05290,0.09150,0.13110,112.97670
java,large_read_heavy,100000,82,7.3951,13522.42,0.06520,0.11630,0.15590,112.27790
java,large_read_heavy,100000,83,6.5355,15300.97,0.05390,0.11100,0.17620,179.64960
java,large_read_heavy,100000,84,6.0202,16610.78,0.05350,0.08730,0.12220,115.09640
java,large_read_heavy,100000,85,6.3305,15796.53,0.05480,0.10030,0.13930,104.12440
java,large_read_heavy,100000,86,6.2922,15892.65,0.05470,0.09510,0.13430,115.61990
java,large_read_heavy,100000,87,6.2363,16035.22,0.05320,0.10080,0.14290,128.13210
java,large_read_heavy,100000,88,6.1548,16247.36,0.05450,0.09160,0.12960,105.29740
java,large_read_heavy,100000,89,6.0597,16502.50,0.05330,0.09080,0.12790,108.00200
java,large_read_heavy,100000,90,6.1315,16309.30,0.05450,0.08930,0.12630,107.55560
java,large_read_heavy,100000,91,6.1020,16388.03,0.05380,0.09020,0.12650,109.07970
java,large_read_heavy,100000,92,6.1771,16188.72,0.05320,0.09640,0.14130,120.83470
java,large_read_heavy,100000,93,6.1437,16276.75,0.05390,0.09260,0.13110,104.78770
java,large_read_heavy,100000,94,6.2597,15975.21,0.05480,0.09360,0.13270,112.60900
java,large_read_heavy,100000,95,6.2730,15941.27,0.05460,0.09770,0.13800,113.00680
java,large_read_heavy,100000,96,6.3394,15774.37,0.05720,0.08970,0.12020,101.77060
java,large_read_heavy,100000,97,5.9152,16905.68,0.05190,0.08890,0.12340,116.21900
java,large_read_heavy,100000,98,6.7391,14838.79,0.06060,0.10360,0.13360,99.08110
java,large_read_heavy,100000,99,6.2710,15946.51,0.05300,0.10480,0.14470,132.25640
java,large_read_heavy,100000,100,6.3776,15679.84,0.05340,0.10410,0.13540,93.91790
rust,large_read_heavy,100000,1,4.1966,23828.83,0.03990,0.05290,0.07310,22.72370
rust,large_read_heavy,100000,2,4.2037,23788.33,0.04000,0.05310,0.07280,22.28300
rust,large_read_heavy,100000,3,4.1104,24328.54,0.03930,0.05090,0.06890,19.18360
rust,large_read_heavy,100000,4,4.1212,24264.57,0.03920,0.05110,0.07110,20.20500
rust,large_read_heavy,100000,5,4.2152,23723.41,0.04010,0.05310,0.07300,23.95890
rust,large_read_heavy,100000,6,4.1400,24154.35,0.03940,0.05180,0.07090,19.87940
rust,large_read_heavy,100000,7,4.2834,23345.80,0.04060,0.05470,0.07450,19.88240
rust,large_read_heavy,100000,8,5.2944,18887.92,0.04910,0.07630,0.10260,19.58930
rust,large_read_heavy,100000,9,4.5246,22101.25,0.04290,0.05870,0.08370,23.60100
rust,large_read_heavy,100000,10,4.2663,23439.32,0.04040,0.05540,0.08060,21.42220
rust,large_read_heavy,100000,11,4.3197,23149.80,0.04070,0.05660,0.08280,22.31700
rust,large_read_heavy,100000,12,4.3085,23209.67,0.04060,0.05610,0.08100,26.08100
rust,large_read_heavy,100000,13,4.2460,23551.43,0.04010,0.05460,0.07960,21.96550
rust,large_read_heavy,100000,14,4.3606,22932.63,0.04100,0.05740,0.08340,21.86050
rust,large_read_heavy,100000,15,4.3311,23089.07,0.04050,0.05720,0.08280,26.00910
rust,large_read_heavy,100000,16,4.3510,22983.03,0.04080,0.05730,0.08250,22.13070
rust,large_read_heavy,100000,17,4.2688,23425.95,0.04050,0.05550,0.08080,21.79860
rust,large_read_heavy,100000,18,4.6631,21445.07,0.04240,0.06840,0.10050,23.89940
rust,large_read_heavy,100000,19,4.3725,22870.34,0.04100,0.05790,0.08380,25.02570
rust,large_read_heavy,100000,20,4.3300,23094.64,0.04080,0.05660,0.08230,23.36370
rust,large_read_heavy,100000,21,4.3471,23003.73,0.04090,0.05690,0.08320,22.49460
rust,large_read_heavy,100000,22,5.0911,19642.30,0.04590,0.07800,0.11090,24.26070
rust,large_read_heavy,100000,23,4.4043,22704.85,0.04110,0.05840,0.08380,28.59610
rust,large_read_heavy,100000,24,4.2695,23421.77,0.04030,0.05540,0.08080,20.59250
rust,large_read_heavy,100000,25,4.2929,23294.46,0.04050,0.05600,0.08100,21.20980
rust,large_read_heavy,100000,26,4.3849,22805.67,0.04110,0.05770,0.08290,29.34150
rust,large_read_heavy,100000,27,4.2906,23306.72,0.04050,0.05580,0.08080,22.59380
rust,large_read_heavy,100000,28,4.3623,22923.50,0.04100,0.05770,0.08290,21.56850
rust,large_read_heavy,100000,29,4.2900,23310.12,0.04050,0.05550,0.08130,23.55210
rust,large_read_heavy,100000,30,4.3489,22994.16,0.04090,0.05720,0.08130,22.29090
rust,large_read_heavy,100000,31,4.2545,23504.76,0.04010,0.05530,0.08010,22.98190
rust,large_read_heavy,100000,32,4.2754,23389.88,0.04040,0.05550,0.08030,23.91650
rust,large_read_heavy,100000,33,4.4249,22599.29,0.04140,0.05900,0.08460,20.60770
rust,large_read_heavy,100000,34,4.2881,23320.39,0.04040,0.05590,0.08100,21.94270
rust,large_read_heavy,100000,35,4.3614,22928.31,0.04100,0.05770,0.08260,23.72620
rust,large_read_heavy,100000,36,4.3925,22765.83,0.04110,0.05890,0.08430,22.32140
rust,large_read_heavy,100000,37,4.3403,23039.91,0.04090,0.05690,0.08190,20.22430
rust,large_read_heavy,100000,38,4.2698,23420.56,0.04030,0.05520,0.07980,21.75040
rust,large_read_heavy,100000,39,4.2781,23374.71,0.04030,0.05580,0.08000,23.74060
rust,large_read_heavy,100000,40,4.4117,22667.18,0.04120,0.05870,0.08490,22.71440
rust,large_read_heavy,100000,41,4.2619,23463.87,0.04030,0.05530,0.08060,22.57570
rust,large_read_heavy,100000,42,4.3607,22932.23,0.04100,0.05740,0.08250,20.38990
rust,large_read_heavy,100000,43,4.2759,23386.86,0.04040,0.05570,0.08030,21.79340
rust,large_read_heavy,100000,44,4.2609,23469.06,0.04030,0.05510,0.08040,22.84340
rust,large_read_heavy,100000,45,4.3831,22815.02,0.04110,0.05780,0.08340,21.27380
rust,large_read_heavy,100000,46,4.2701,23418.80,0.04030,0.05530,0.08030,24.69940
rust,large_read_heavy,100000,47,4.3957,22749.48,0.04120,0.05800,0.08260,24.07130
rust,large_read_heavy,100000,48,4.2766,23383.19,0.04050,0.05560,0.08070,21.78670
rust,large_read_heavy,100000,49,4.3622,22924.08,0.04120,0.05700,0.07960,21.49430
rust,large_read_heavy,100000,50,4.3021,23244.52,0.04060,0.05560,0.07820,22.30340
rust,large_read_heavy,100000,51,4.2901,23309.49,0.04060,0.05580,0.07800,22.45920
rust,large_read_heavy,100000,52,4.3467,23006.09,0.04080,0.05740,0.08240,21.17150
rust,large_read_heavy,100000,53,4.2519,23518.84,0.04020,0.05540,0.08090,20.29090
rust,large_read_heavy,100000,54,4.3210,23142.70,0.04080,0.05670,0.08160,20.79340
rust,large_read_heavy,100000,55,4.2894,23313.08,0.04050,0.05580,0.08070,21.21460
rust,large_read_heavy,100000,56,4.5424,22014.94,0.04220,0.06180,0.08750,23.72840
rust,large_read_heavy,100000,57,5.1806,19302.68,0.04780,0.07200,0.10050,25.79810
rust,large_read_heavy,100000,58,5.8111,17208.57,0.05240,0.08570,0.11920,26.54580
rust,large_read_heavy,100000,59,4.8530,20605.87,0.04480,0.06880,0.09620,24.89180
rust,large_read_heavy,100000,60,4.4403,22520.87,0.04150,0.05880,0.08460,28.19500
rust,large_read_heavy,100000,61,4.3619,22926.02,0.04100,0.05720,0.08160,26.33820
rust,large_read_heavy,100000,62,4.2609,23469.47,0.04020,0.05550,0.08050,22.06710
rust,large_read_heavy,100000,63,4.3459,23010.37,0.04090,0.05710,0.08330,22.36330
rust,large_read_heavy,100000,64,4.2869,23327.11,0.04050,0.05620,0.08060,21.22750
rust,large_read_heavy,100000,65,4.3252,23120.32,0.04070,0.05690,0.08220,21.26730
rust,large_read_heavy,100000,66,4.5864,21803.83,0.04240,0.06320,0.08920,20.90860
rust,large_read_heavy,100000,67,5.2358,19099.35,0.04840,0.07340,0.10320,27.07950
rust,large_read_heavy,100000,68,5.1966,19243.32,0.04820,0.07310,0.10200,25.75500
rust,large_read_heavy,100000,69,5.1944,19251.54,0.04830,0.07170,0.10060,27.56000
rust,large_read_heavy,100000,70,4.3588,22942.28,0.04090,0.05760,0.08220,28.55600
rust,large_read_heavy,100000,71,4.2429,23568.59,0.04010,0.05530,0.07940,23.03020
rust,large_read_heavy,100000,72,4.5642,21909.57,0.04160,0.06620,0.09030,25.25110
rust,large_read_heavy,100000,73,4.8631,20563.00,0.04400,0.07040,0.09790,33.71540
rust,large_read_heavy,100000,74,4.6131,21677.22,0.04220,0.06570,0.09290,39.75770
rust,large_read_heavy,100000,75,4.3194,23151.33,0.04060,0.05710,0.08230,23.65540
rust,large_read_heavy,100000,76,4.6709,21409.04,0.04290,0.06630,0.09320,35.44250
rust,large_read_heavy,100000,77,4.2644,23449.70,0.04020,0.05550,0.08060,21.83730
rust,large_read_heavy,100000,78,4.2955,23280.25,0.04060,0.05600,0.08060,22.05510
rust,large_read_heavy,100000,79,4.3322,23083.07,0.04090,0.05710,0.08230,21.20590
rust,large_read_heavy,100000,80,4.2585,23482.30,0.04030,0.05540,0.07970,21.82570
rust,large_read_heavy,100000,81,4.3792,22835.26,0.04110,0.05790,0.08280,21.52850
rust,large_read_heavy,100000,82,4.2654,23444.54,0.04030,0.05550,0.08070,21.31160
rust,large_read_heavy,100000,83,4.2902,23309.15,0.04050,0.05610,0.08160,24.86000
rust,large_read_heavy,100000,84,4.4410,22517.25,0.04160,0.05890,0.08490,22.94930
rust,large_read_heavy,100000,85,4.2946,23285.05,0.04060,0.05610,0.08010,22.00170
rust,large_read_heavy,100000,86,4.7914,20870.62,0.04370,0.07040,0.10230,21.65610
rust,large_read_heavy,100000,87,4.3195,23151.04,0.04060,0.05660,0.08230,26.19600
rust,large_read_heavy,100000,88,4.3375,23054.66,0.04090,0.05710,0.08210,23.75200
rust,large_read_heavy,100000,89,4.2575,23487.98,0.04020,0.05550,0.08060,21.73580
rust,large_read_heavy,100000,90,4.2799,23364.92,0.04030,0.05630,0.08170,20.68010
rust,large_read_heavy,100000,91,4.3017,23246.76,0.04050,0.05600,0.08120,28.10120
rust,large_read_heavy,100000,92,4.2703,23417.76,0.04030,0.05540,0.08080,21.84530
rust,large_read_heavy,100000,93,4.4999,22222.49,0.04160,0.06170,0.08720,22.30640
rust,large_read_heavy,100000,94,4.3896,22780.89,0.04100,0.05870,0.08440,22.01560
rust,large_read_heavy,100000,95,4.3680,22893.52,0.04100,0.05760,0.08360,24.70630
rust,large_read_heavy,100000,96,4.2964,23275.03,0.04050,0.05620,0.08230,21.50600
rust,large_read_heavy,100000,97,4.2981,23266.10,0.04070,0.05650,0.08130,22.90270
rust,large_read_heavy,100000,98,4.3564,22954.55,0.04100,0.05770,0.08310,21.75570
rust,large_read_heavy,100000,99,4.3087,23208.60,0.04070,0.05600,0.07960,22.27430
rust,large_read_heavy,100000,100,4.4281,22583.05,0.04160,0.05840,0.08220,22.09340
python,large_ttl_expiration,100000,1,5.6114,17820.96,0.04240,0.10660,0.14190,74.49940
python,large_ttl_expiration,100000,2,6.5866,15182.45,0.04400,0.12450,0.16670,127.99500
python,large_ttl_expiration,100000,3,6.7959,14714.81,0.04500,0.12490,0.16390,155.58080
python,large_ttl_expiration,100000,4,6.4443,15517.70,0.04450,0.11890,0.15480,131.37470
python,large_ttl_expiration,100000,5,6.2803,15922.87,0.04310,0.12030,0.15650,72.11920
python,large_ttl_expiration,100000,6,6.3446,15761.55,0.04310,0.12150,0.15870,72.19480
python,large_ttl_expiration,100000,7,6.3876,15655.36,0.04420,0.12030,0.15740,75.14360
python,large_ttl_expiration,100000,8,6.2441,16015.06,0.04280,0.11990,0.15800,72.41010
python,large_ttl_expiration,100000,9,6.3606,15721.85,0.04300,0.12220,0.16180,73.66210
python,large_ttl_expiration,100000,10,6.7240,14872.00,0.04490,0.12520,0.16410,139.25570
python,large_ttl_expiration,100000,11,6.4373,15534.35,0.04200,0.12170,0.16230,139.95900
python,large_ttl_expiration,100000,12,6.3691,15700.75,0.04330,0.12000,0.15820,140.52170
python,large_ttl_expiration,100000,13,6.3643,15712.76,0.04350,0.12030,0.15770,70.67610
python,large_ttl_expiration,100000,14,6.4060,15610.40,0.04420,0.12110,0.15990,77.14990
python,large_ttl_expiration,100000,15,6.2626,15967.83,0.04270,0.12040,0.15980,76.26460
python,large_ttl_expiration,100000,16,6.3503,15747.39,0.04310,0.12040,0.15780,75.96090
python,large_ttl_expiration,100000,17,6.4012,15622.14,0.04250,0.12230,0.16210,67.03160
python,large_ttl_expiration,100000,18,6.3086,15851.35,0.04130,0.12150,0.16420,140.35320
python,large_ttl_expiration,100000,19,6.3179,15828.06,0.04150,0.12070,0.16460,143.32190
python,large_ttl_expiration,100000,20,6.6457,15047.33,0.04340,0.12330,0.16320,141.04330
python,large_ttl_expiration,100000,21,6.2985,15876.71,0.04190,0.12040,0.16090,73.26540
python,large_ttl_expiration,100000,22,6.3417,15768.60,0.04310,0.12180,0.16300,72.73080
python,large_ttl_expiration,100000,23,6.3656,15709.39,0.04290,0.12130,0.16130,82.01650
python,large_ttl_expiration,100000,24,6.3228,15815.76,0.04210,0.12230,0.16300,74.62760
python,large_ttl_expiration,100000,25,6.2281,16056.33,0.04200,0.12060,0.16230,74.82840
python,large_ttl_expiration,100000,26,6.2897,15898.91,0.04170,0.12050,0.16260,74.87740
python,large_ttl_expiration,100000,27,6.6394,15061.66,0.04320,0.12580,0.16840,123.23630
python,large_ttl_expiration,100000,28,6.4306,15550.54,0.04280,0.12110,0.16170,137.10470
python,large_ttl_expiration,100000,29,6.3668,15706.55,0.04200,0.11990,0.15850,139.57480
python,large_ttl_expiration,100000,30,6.3678,15704.09,0.04210,0.12140,0.16270,118.52360
python,large_ttl_expiration,100000,31,6.2995,15874.31,0.04200,0.12080,0.15930,76.13190
python,large_ttl_expiration,100000,32,6.2625,15968.19,0.04300,0.11840,0.15920,72.09790
python,large_ttl_expiration,100000,33,6.3359,15783.11,0.04190,0.12290,0.16450,74.40620
python,large_ttl_expiration,100000,34,6.2913,15895.00,0.04160,0.12100,0.16170,76.42290
python,large_ttl_expiration,100000,35,6.2429,16018.10,0.04250,0.11900,0.16150,76.27820
python,large_ttl_expiration,100000,36,6.7570,14799.52,0.04630,0.13200,0.17360,71.50180
python,large_ttl_expiration,100000,37,6.6622,15010.10,0.04230,0.12960,0.16910,157.48390
python,large_ttl_expiration,100000,38,6.4140,15590.85,0.04270,0.11990,0.16110,139.57460
python,large_ttl_expiration,100000,39,6.3018,15868.52,0.04190,0.11980,0.15850,72.56550
python,large_ttl_expiration,100000,40,6.3689,15701.21,0.04290,0.12200,0.16400,79.58110
python,large_ttl_expiration,100000,41,6.2874,15904.81,0.04360,0.11860,0.15820,66.22500
python,large_ttl_expiration,100000,42,6.3211,15820.01,0.04180,0.12170,0.16190,74.25590
python,large_ttl_expiration,100000,43,6.4362,15537.01,0.04370,0.12500,0.16880,71.40460
python,large_ttl_expiration,100000,44,6.2538,15990.35,0.04140,0.12090,0.16270,71.27870
python,large_ttl_expiration,100000,45,6.5726,15214.62,0.04330,0.12580,0.17090,145.79420
python,large_ttl_expiration,100000,46,6.6847,14959.51,0.04330,0.12650,0.16800,136.77840
python,large_ttl_expiration,100000,47,6.3123,15842.14,0.04200,0.12010,0.15930,77.44050
python,large_ttl_expiration,100000,48,6.2131,16095.14,0.04170,0.11980,0.16080,71.91990
python,large_ttl_expiration,100000,49,6.6259,15092.28,0.04570,0.13450,0.17870,71.87600
python,large_ttl_expiration,100000,50,6.3318,15793.20,0.04240,0.12070,0.16200,81.59910
python,large_ttl_expiration,100000,51,6.2143,16091.82,0.04140,0.12120,0.16210,67.38340
python,large_ttl_expiration,100000,52,6.2974,15879.65,0.04170,0.12140,0.16330,72.06430
python,large_ttl_expiration,100000,53,6.5917,15170.66,0.04320,0.12390,0.16570,113.47030
python,large_ttl_expiration,100000,54,6.4840,15422.52,0.04260,0.12320,0.16490,135.48440
python,large_ttl_expiration,100000,55,6.2984,15877.08,0.04150,0.11890,0.15930,147.22140
python,large_ttl_expiration,100000,56,6.3621,15718.20,0.04190,0.12050,0.15950,138.31900
python,large_ttl_expiration,100000,57,6.3258,15808.20,0.04240,0.12080,0.16160,71.17140
python,large_ttl_expiration,100000,58,6.4356,15538.64,0.04540,0.12360,0.16460,75.90340
python,large_ttl_expiration,100000,59,6.5592,15245.77,0.04760,0.12340,0.16640,69.81390
python,large_ttl_expiration,100000,60,6.2880,15903.30,0.04170,0.12120,0.16200,74.81450
python,large_ttl_expiration,100000,61,6.3949,15637.49,0.04260,0.12140,0.16360,134.13830
python,large_ttl_expiration,100000,62,6.3033,15864.73,0.04160,0.12010,0.16260,140.34430
python,large_ttl_expiration,100000,63,6.7017,14921.49,0.04440,0.12470,0.16730,145.40460
python,large_ttl_expiration,100000,64,6.3830,15666.50,0.04290,0.11940,0.15680,130.04810
python,large_ttl_expiration,100000,65,6.1990,16131.62,0.04170,0.11800,0.15830,68.26130
python,large_ttl_expiration,100000,66,6.3296,15798.87,0.04230,0.12120,0.16020,70.51790
python,large_ttl_expiration,100000,67,6.3374,15779.33,0.04230,0.12220,0.16000,73.07920
python,large_ttl_expiration,100000,68,6.2389,16028.48,0.04190,0.11940,0.15920,79.46300
python,large_ttl_expiration,100000,69,6.3164,15831.82,0.04180,0.12170,0.16540,71.35790
python,large_ttl_expiration,100000,70,6.2978,15878.62,0.04190,0.12070,0.16120,74.37260
python,large_ttl_expiration,100000,71,6.4327,15545.57,0.04280,0.12290,0.16170,109.09430
python,large_ttl_expiration,100000,72,6.3167,15831.05,0.04150,0.12160,0.16330,136.30090
python,large_ttl_expiration,100000,73,6.5818,15193.47,0.04270,0.12270,0.16280,148.89790
python,large_ttl_expiration,100000,74,6.4144,15589.96,0.04290,0.12000,0.15900,136.72840
python,large_ttl_expiration,100000,75,6.2669,15956.93,0.04250,0.12070,0.15860,74.93060
python,large_ttl_expiration,100000,76,6.2922,15892.69,0.04170,0.12040,0.15890,71.81550
python,large_ttl_expiration,100000,77,6.3240,15812.69,0.04250,0.11960,0.15880,71.32630
python,large_ttl_expiration,100000,78,6.1972,16136.38,0.04160,0.11870,0.15980,73.57040
python,large_ttl_expiration,100000,79,6.3696,15699.61,0.04340,0.12120,0.16110,72.88720
python,large_ttl_expiration,100000,80,6.5330,15306.82,0.04400,0.13110,0.17320,74.25520
python,large_ttl_expiration,100000,81,6.4224,15570.49,0.04240,0.12280,0.16500,138.16600
python,large_ttl_expiration,100000,82,6.5856,15184.57,0.04280,0.13220,0.17630,138.67540
python,large_ttl_expiration,100000,83,6.7460,14823.56,0.04900,0.12580,0.16310,173.14810
python,large_ttl_expiration,100000,84,6.3501,15747.75,0.04230,0.12190,0.16310,75.34880
python,large_ttl_expiration,100000,85,6.2091,16105.52,0.04160,0.11970,0.16000,73.10760
python,large_ttl_expiration,100000,86,6.3055,15859.06,0.04180,0.12110,0.16280,78.24160
python,large_ttl_expiration,100000,87,6.6935,14939.87,0.04720,0.12500,0.16700,71.30820
python,large_ttl_expiration,100000,88,6.3221,15817.57,0.04150,0.12100,0.16120,142.86820
python,large_ttl_expiration,100000,89,6.3789,15676.65,0.04230,0.12080,0.16040,135.30230
python,large_ttl_expiration,100000,90,6.5757,15207.42,0.04230,0.12380,0.16490,141.57090
python,large_ttl_expiration,100000,91,6.3045,15861.77,0.04200,0.11970,0.15870,68.68860
python,large_ttl_expiration,100000,92,6.2854,15909.99,0.04280,0.11950,0.15960,72.96960
python,large_ttl_expiration,100000,93,6.3352,15784.83,0.04240,0.12030,0.16160,80.27270
python,large_ttl_expiration,100000,94,6.3059,15858.06,0.04190,0.12110,0.16050,72.22190
python,large_ttl_expiration,100000,95,6.3565,15731.99,0.04310,0.12750,0.16780,72.31490
python,large_ttl_expiration,100000,96,6.2736,15939.90,0.04160,0.12080,0.16080,73.01260
python,large_ttl_expiration,100000,97,6.6276,15088.53,0.04330,0.12610,0.17020,90.01310
python,large_ttl_expiration,100000,98,7.4355,13448.98,0.05620,0.13520,0.18360,170.72910
python,large_ttl_expiration,100000,99,6.3665,15707.11,0.04350,0.11890,0.15830,88.83130
python,large_ttl_expiration,100000,100,6.3339,15788.13,0.04310,0.11930,0.16050,67.44860
java,large_ttl_expiration,100000,1,7.4819,13365.60,0.04830,0.15360,0.20770,118.13630
java,large_ttl_expiration,100000,2,7.3562,13594.00,0.05170,0.13330,0.21210,214.35890
java,large_ttl_expiration,100000,3,7.2967,13704.91,0.05150,0.13860,0.18820,108.14760
java,large_ttl_expiration,100000,4,7.6838,13014.37,0.05110,0.15260,0.21920,204.15080
java,large_ttl_expiration,100000,5,6.9330,14423.85,0.04950,0.12750,0.16920,104.08190
java,large_ttl_expiration,100000,6,7.8580,12725.86,0.05080,0.14770,0.22230,206.21160
java,large_ttl_expiration,100000,7,7.1665,13953.76,0.05250,0.13110,0.17620,103.03750
java,large_ttl_expiration,100000,8,7.7056,12977.58,0.04930,0.15050,0.20380,103.03200
java,large_ttl_expiration,100000,9,7.2273,13836.47,0.05120,0.12830,0.17410,148.12250
java,large_ttl_expiration,100000,10,7.7150,12961.72,0.04940,0.15610,0.20900,110.13680
java,large_ttl_expiration,100000,11,7.2195,13851.38,0.05170,0.12720,0.17460,201.54850
java,large_ttl_expiration,100000,12,7.3750,13559.36,0.04930,0.14170,0.19380,131.98810
java,large_ttl_expiration,100000,13,7.5368,13268.31,0.05220,0.13870,0.20920,207.75700
java,large_ttl_expiration,100000,14,7.1958,13897.01,0.05230,0.13350,0.17970,109.64370
java,large_ttl_expiration,100000,15,7.6397,13089.49,0.04990,0.14390,0.21590,199.67790
java,large_ttl_expiration,100000,16,7.0815,14121.30,0.04950,0.13060,0.17570,111.82750
java,large_ttl_expiration,100000,17,7.8884,12676.77,0.05200,0.15260,0.20720,101.49980
java,large_ttl_expiration,100000,18,7.0690,14146.35,0.05160,0.12730,0.16840,101.77110
java,large_ttl_expiration,100000,19,7.5583,13230.42,0.04940,0.15230,0.20450,104.34970
java,large_ttl_expiration,100000,20,7.2017,13885.65,0.05030,0.12920,0.19890,205.36100
java,large_ttl_expiration,100000,21,7.5790,13194.33,0.05230,0.15250,0.20260,108.34350
java,large_ttl_expiration,100000,22,7.4537,13416.19,0.05040,0.13900,0.20980,211.82090
java,large_ttl_expiration,100000,23,7.1854,13917.09,0.05220,0.13190,0.17540,106.25480
java,large_ttl_expiration,100000,24,7.6842,13013.64,0.05040,0.14460,0.21980,199.80640
java,large_ttl_expiration,100000,25,6.9933,14299.38,0.05080,0.12650,0.16940,103.00930
java,large_ttl_expiration,100000,26,8.0789,12377.92,0.05550,0.16670,0.22020,101.18230
java,large_ttl_expiration,100000,27,7.7598,12886.86,0.06170,0.13480,0.18580,104.65850
java,large_ttl_expiration,100000,28,7.7694,12870.97,0.05140,0.15280,0.24440,229.96330
java,large_ttl_expiration,100000,29,7.0755,14133.22,0.05160,0.12800,0.17080,103.01930
java,large_ttl_expiration,100000,30,7.8250,12779.49,0.05290,0.14710,0.21870,202.81470
java,large_ttl_expiration,100000,31,7.0273,14230.24,0.05050,0.12800,0.17460,104.88260
java,large_ttl_expiration,100000,32,7.6785,13023.44,0.04900,0.15180,0.20600,105.85160
java,large_ttl_expiration,100000,33,7.1941,13900.20,0.05190,0.12850,0.17330,146.16580
java,large_ttl_expiration,100000,34,7.5466,13251.04,0.05190,0.14330,0.19250,102.37140
java,large_ttl_expiration,100000,35,7.2798,13736.70,0.05010,0.13300,0.20310,200.27130
java,large_ttl_expiration,100000,36,7.1009,14082.79,0.04950,0.13550,0.18390,116.71710
java,large_ttl_expiration,100000,37,7.6807,13019.73,0.04910,0.14760,0.22530,201.67500
java,large_ttl_expiration,100000,38,7.1600,13966.57,0.05200,0.12830,0.17330,114.78460
java,large_ttl_expiration,100000,39,7.8299,12771.60,0.05140,0.15220,0.20760,101.80410
java,large_ttl_expiration,100000,40,7.0898,14104.72,0.05040,0.12990,0.17340,105.27420
java,large_ttl_expiration,100000,41,7.4528,13417.79,0.04960,0.14690,0.19840,103.39220
java,large_ttl_expiration,100000,42,7.2200,13850.40,0.04860,0.13330,0.20400,199.95930
java,large_ttl_expiration,100000,43,6.9991,14287.54,0.04820,0.13430,0.18560,105.79780
java,large_ttl_expiration,100000,44,7.8057,12811.18,0.05110,0.14530,0.21740,191.03120
java,large_ttl_expiration,100000,45,7.0974,14089.66,0.05110,0.12910,0.17370,103.94040
java,large_ttl_expiration,100000,46,7.9610,12561.20,0.05470,0.15600,0.21250,122.36330
java,large_ttl_expiration,100000,47,7.8577,12726.42,0.06280,0.14650,0.19710,103.67820
java,large_ttl_expiration,100000,48,6.6685,14995.97,0.05350,0.12150,0.22250,253.58770
java,large_ttl_expiration,100000,49,6.4027,15618.42,0.05600,0.09770,0.13730,110.12060
java,large_ttl_expiration,100000,50,6.1826,16174.32,0.05460,0.09040,0.12750,130.37830
java,large_ttl_expiration,100000,51,6.1080,16371.89,0.05370,0.09200,0.13040,107.79610
java,large_ttl_expiration,100000,52,6.2752,15935.84,0.05400,0.10110,0.14210,108.42930
java,large_ttl_expiration,100000,53,6.2153,16089.22,0.05460,0.09310,0.13290,106.82750
java,large_ttl_expiration,100000,54,6.0891,16422.67,0.05380,0.09050,0.12920,112.73490
java,large_ttl_expiration,100000,55,6.3550,15735.75,0.05600,0.09530,0.13400,108.46900
java,large_ttl_expiration,100000,56,6.0694,16476.17,0.05350,0.09040,0.12890,112.72730
java,large_ttl_expiration,100000,57,6.3281,15802.49,0.05480,0.10070,0.13970,105.52590
java,large_ttl_expiration,100000,58,6.1232,16331.22,0.05420,0.09080,0.12540,107.37950
java,large_ttl_expiration,100000,59,6.1046,16380.98,0.05360,0.09140,0.13150,110.72560
java,large_ttl_expiration,100000,60,6.2489,16002.89,0.05520,0.09320,0.13230,106.40300
java,large_ttl_expiration,100000,61,6.1435,16277.39,0.05370,0.09260,0.13300,108.86960
java,large_ttl_expiration,100000,62,6.3380,15777.93,0.05570,0.09510,0.13630,108.01220
java,large_ttl_expiration,100000,63,6.6039,15142.68,0.05600,0.10070,0.13770,106.18770
java,large_ttl_expiration,100000,64,6.3102,15847.31,0.05540,0.09480,0.13590,117.43080
java,large_ttl_expiration,100000,65,6.2197,16077.85,0.05480,0.09260,0.13370,110.95870
java,large_ttl_expiration,100000,66,6.2253,16063.57,0.05450,0.09370,0.13500,106.76420
java,large_ttl_expiration,100000,67,6.2236,16067.75,0.05370,0.09990,0.13870,108.31250
java,large_ttl_expiration,100000,68,7.2975,13703.34,0.06360,0.11860,0.16140,107.46980
java,large_ttl_expiration,100000,69,6.5178,15342.71,0.05530,0.10560,0.14350,107.56610
java,large_ttl_expiration,100000,70,6.1968,16137.38,0.05430,0.09360,0.13130,106.84050
java,large_ttl_expiration,100000,71,6.1519,16255.27,0.05420,0.09230,0.13080,108.86050
java,large_ttl_expiration,100000,72,6.0980,16398.83,0.05360,0.09050,0.12950,111.56480
java,large_ttl_expiration,100000,73,6.2765,15932.33,0.05510,0.09530,0.13480,107.37760
java,large_ttl_expiration,100000,74,6.1493,16262.12,0.05390,0.09230,0.13210,111.52510
java,large_ttl_expiration,100000,75,6.3634,15714.89,0.05500,0.09970,0.13730,108.37040
java,large_ttl_expiration,100000,76,6.1788,16184.32,0.05440,0.09280,0.13230,113.87410
java,large_ttl_expiration,100000,77,6.1172,16347.40,0.05380,0.09210,0.13120,109.81030
java,large_ttl_expiration,100000,78,6.2505,15998.62,0.05520,0.09350,0.13070,106.42500
java,large_ttl_expiration,100000,79,6.1834,16172.28,0.05440,0.09230,0.13140,106.47440
java,large_ttl_expiration,100000,80,6.2264,16060.54,0.05500,0.09200,0.13060,109.62350
java,large_ttl_expiration,100000,81,6.2116,16098.86,0.05490,0.09270,0.13060,107.57180
java,large_ttl_expiration,100000,82,6.2890,15900.85,0.05560,0.09430,0.13420,112.74900
java,large_ttl_expiration,100000,83,6.8584,14580.75,0.05730,0.11860,0.16370,117.70650
java,large_ttl_expiration,100000,84,6.3656,15709.38,0.05520,0.10000,0.13930,121.32440
java,large_ttl_expiration,100000,85,6.3029,15865.63,0.05480,0.09970,0.13770,107.99450
java,large_ttl_expiration,100000,86,6.2464,16009.33,0.05530,0.09320,0.13170,107.69790
java,large_ttl_expiration,100000,87,6.0777,16453.62,0.05370,0.09010,0.13000,110.82210
java,large_ttl_expiration,100000,88,6.2361,16035.56,0.05520,0.09200,0.13230,109.64990
java,large_ttl_expiration,100000,89,6.1593,16235.54,0.05440,0.09240,0.13110,107.06380
java,large_ttl_expiration,100000,90,6.3975,15631.07,0.05560,0.09970,0.14110,109.89570
java,large_ttl_expiration,100000,91,6.2322,16045.60,0.05480,0.09410,0.13270,108.71180
java,large_ttl_expiration,100000,92,6.1316,16308.95,0.05400,0.09210,0.12980,108.51400
java,large_ttl_expiration,100000,93,6.3535,15739.35,0.05630,0.09550,0.13430,109.61380
java,large_ttl_expiration,100000,94,6.1378,16292.61,0.05390,0.09220,0.13190,110.35770
java,large_ttl_expiration,100000,95,6.3965,15633.49,0.05560,0.10190,0.14290,109.53130
java,large_ttl_expiration,100000,96,6.1444,16275.06,0.05420,0.09160,0.13140,105.35240
java,large_ttl_expiration,100000,97,6.2589,15977.15,0.05510,0.09360,0.13250,108.52230
java,large_ttl_expiration,100000,98,6.2664,15958.19,0.05540,0.09300,0.13130,107.32560
java,large_ttl_expiration,100000,99,6.1479,16265.65,0.05420,0.09120,0.13050,106.81860
java,large_ttl_expiration,100000,100,6.2329,16043.96,0.05480,0.09350,0.13320,105.97350
rust,large_ttl_expiration,100000,1,4.2722,23406.94,0.04030,0.05560,0.08000,26.97460
rust,large_ttl_expiration,100000,2,4.9857,20057.51,0.04270,0.07970,0.11210,51.10480
rust,large_ttl_expiration,100000,3,4.2693,23423.15,0.04020,0.05600,0.08200,23.76200
rust,large_ttl_expiration,100000,4,4.4115,22668.04,0.04120,0.05890,0.08630,21.98300
rust,large_ttl_expiration,100000,5,4.2654,23444.57,0.04030,0.05570,0.08110,22.60330
rust,large_ttl_expiration,100000,6,4.2676,23432.22,0.04030,0.05560,0.08050,23.74970
rust,large_ttl_expiration,100000,7,4.4288,22579.58,0.04140,0.05930,0.08420,26.68930
rust,large_ttl_expiration,100000,8,4.2773,23379.40,0.04030,0.05600,0.08150,21.37000
rust,large_ttl_expiration,100000,9,4.3043,23232.40,0.04060,0.05660,0.08110,23.54730
rust,large_ttl_expiration,100000,10,4.2354,23610.28,0.04010,0.05490,0.08010,20.92420
rust,large_ttl_expiration,100000,11,4.3043,23232.63,0.04050,0.05660,0.08230,24.88550
rust,large_ttl_expiration,100000,12,4.2544,23505.16,0.04030,0.05560,0.08010,21.10190
rust,large_ttl_expiration,100000,13,4.2179,23708.49,0.04000,0.05490,0.07960,20.59840
rust,large_ttl_expiration,100000,14,4.3315,23086.63,0.04070,0.05750,0.08290,22.05260
rust,large_ttl_expiration,100000,15,4.2231,23679.31,0.04000,0.05500,0.07990,22.58870
rust,large_ttl_expiration,100000,16,4.3809,22826.27,0.04090,0.05780,0.08310,23.24900
rust,large_ttl_expiration,100000,17,4.2094,23756.53,0.03990,0.05460,0.07970,20.71210
rust,large_ttl_expiration,100000,18,4.2804,23362.44,0.04030,0.05630,0.08170,22.10250
rust,large_ttl_expiration,100000,19,4.2761,23385.98,0.04030,0.05610,0.08160,25.33110
rust,large_ttl_expiration,100000,20,4.2199,23697.08,0.04000,0.05470,0.07990,21.08500
rust,large_ttl_expiration,100000,21,4.2976,23268.57,0.04040,0.05660,0.08150,20.61700
rust,large_ttl_expiration,100000,22,4.2179,23708.49,0.04000,0.05450,0.07960,22.12970
rust,large_ttl_expiration,100000,23,4.4600,22421.35,0.04160,0.05970,0.08470,20.68640
rust,large_ttl_expiration,100000,24,4.2493,23533.49,0.04010,0.05520,0.08110,21.06260
rust,large_ttl_expiration,100000,25,4.2787,23371.68,0.04030,0.05560,0.08080,28.71170
rust,large_ttl_expiration,100000,26,4.3182,23157.54,0.04070,0.05660,0.08150,22.62750
rust,large_ttl_expiration,100000,27,4.2112,23746.12,0.03980,0.05460,0.08050,20.78550
rust,large_ttl_expiration,100000,28,4.3245,23123.87,0.04070,0.05680,0.08230,21.33680
rust,large_ttl_expiration,100000,29,4.2397,23586.50,0.04010,0.05510,0.08070,22.70930
rust,large_ttl_expiration,100000,30,4.3221,23137.11,0.04050,0.05720,0.08390,21.96870
rust,large_ttl_expiration,100000,31,4.3152,23173.74,0.04060,0.05660,0.08240,28.82220
rust,large_ttl_expiration,100000,32,4.2365,23604.41,0.04010,0.05510,0.08020,22.06620
rust,large_ttl_expiration,100000,33,4.2961,23276.68,0.04050,0.05640,0.08120,21.23830
rust,large_ttl_expiration,100000,34,4.2717,23409.68,0.04010,0.05550,0.08090,21.41980
rust,large_ttl_expiration,100000,35,4.3179,23159.57,0.04070,0.05680,0.08160,23.25820
rust,large_ttl_expiration,100000,36,4.2284,23649.49,0.04020,0.05480,0.07930,23.37970
rust,large_ttl_expiration,100000,37,4.2259,23663.40,0.04000,0.05460,0.07960,20.63790
rust,large_ttl_expiration,100000,38,4.3021,23244.27,0.04050,0.05650,0.08170,25.37060
rust,large_ttl_expiration,100000,39,4.2205,23693.93,0.03980,0.05460,0.07970,23.73780
rust,large_ttl_expiration,100000,40,4.3159,23170.19,0.04060,0.05710,0.08250,21.37350
rust,large_ttl_expiration,100000,41,4.2334,23621.77,0.04000,0.05520,0.07990,22.74680
rust,large_ttl_expiration,100000,42,4.2241,23673.56,0.04000,0.05470,0.08050,21.21540
rust,large_ttl_expiration,100000,43,4.3267,23112.24,0.04060,0.05740,0.08350,21.82000
rust,large_ttl_expiration,100000,44,4.2558,23497.51,0.04030,0.05520,0.07970,24.45300
rust,large_ttl_expiration,100000,45,4.3163,23167.85,0.04050,0.05680,0.08220,22.28420
rust,large_ttl_expiration,100000,46,4.2374,23599.65,0.04010,0.05500,0.07990,23.28460
rust,large_ttl_expiration,100000,47,4.2748,23392.93,0.04030,0.05580,0.08100,21.07840
rust,large_ttl_expiration,100000,48,4.2330,23623.74,0.04000,0.05510,0.08040,22.00560
rust,large_ttl_expiration,100000,49,4.2292,23645.35,0.03990,0.05510,0.07990,22.04890
rust,large_ttl_expiration,100000,50,4.2988,23262.09,0.04060,0.05630,0.08110,21.57300
rust,large_ttl_expiration,100000,51,4.2510,23523.98,0.04020,0.05510,0.08020,25.98660
rust,large_ttl_expiration,100000,52,4.6974,21288.51,0.04280,0.06820,0.09410,20.94050
rust,large_ttl_expiration,100000,53,4.2759,23386.95,0.04040,0.05560,0.07910,23.13370
rust,large_ttl_expiration,100000,54,4.2905,23307.52,0.04030,0.05680,0.08260,20.22830
rust,large_ttl_expiration,100000,55,4.3452,23013.76,0.04070,0.05790,0.08470,25.38720
rust,large_ttl_expiration,100000,56,4.2273,23655.98,0.04000,0.05470,0.07930,20.92140
rust,large_ttl_expiration,100000,57,4.5241,22103.92,0.04150,0.06540,0.09500,25.81040
rust,large_ttl_expiration,100000,58,4.2316,23631.64,0.04000,0.05490,0.07980,23.59340
rust,large_ttl_expiration,100000,59,4.3101,23201.12,0.04060,0.05660,0.08190,22.49000
rust,large_ttl_expiration,100000,60,4.2361,23606.89,0.04020,0.05490,0.07980,19.69630
rust,large_ttl_expiration,100000,61,4.2389,23590.88,0.04010,0.05530,0.08020,21.50120
rust,large_ttl_expiration,100000,62,4.3661,22903.52,0.04090,0.05860,0.08480,22.35530
rust,large_ttl_expiration,100000,63,4.2021,23797.56,0.03970,0.05440,0.07980,23.01060
rust,large_ttl_expiration,100000,64,4.2935,23291.23,0.04050,0.05630,0.08180,20.45610
rust,large_ttl_expiration,100000,65,4.2198,23697.54,0.03990,0.05460,0.07940,20.94250
rust,large_ttl_expiration,100000,66,4.2219,23685.97,0.03990,0.05460,0.08000,24.07390
rust,large_ttl_expiration,100000,67,4.3394,23044.46,0.04070,0.05730,0.08310,23.66700
rust,large_ttl_expiration,100000,68,4.2389,23591.14,0.04010,0.05530,0.08020,23.18550
rust,large_ttl_expiration,100000,69,4.3377,23053.51,0.04070,0.05680,0.08240,22.66170
rust,large_ttl_expiration,100000,70,4.2326,23625.87,0.04010,0.05480,0.08050,20.32960
rust,large_ttl_expiration,100000,71,4.3486,22996.17,0.04080,0.05710,0.08270,20.94700
rust,large_ttl_expiration,100000,72,4.2307,23636.49,0.04000,0.05500,0.08020,20.83780
rust,large_ttl_expiration,100000,73,4.2450,23557.12,0.04020,0.05510,0.08000,24.21410
rust,large_ttl_expiration,100000,74,4.3268,23111.58,0.04080,0.05680,0.08200,21.70880
rust,large_ttl_expiration,100000,75,4.2266,23659.63,0.04000,0.05480,0.07970,23.33170
rust,large_ttl_expiration,100000,76,4.3083,23210.87,0.04060,0.05670,0.08160,21.52450
rust,large_ttl_expiration,100000,77,4.2071,23769.16,0.03980,0.05450,0.07920,21.89610
rust,large_ttl_expiration,100000,78,4.2157,23720.88,0.03990,0.05440,0.07920,22.36410
rust,large_ttl_expiration,100000,79,4.2857,23333.33,0.04040,0.05630,0.08160,20.34770
rust,large_ttl_expiration,100000,80,4.2263,23661.22,0.03990,0.05490,0.07970,21.89160
rust,large_ttl_expiration,100000,81,4.3153,23173.52,0.04060,0.05660,0.08260,21.35060
rust,large_ttl_expiration,100000,82,4.2383,23594.28,0.04010,0.05520,0.08000,20.32440
rust,large_ttl_expiration,100000,83,4.2523,23516.86,0.04030,0.05540,0.07980,21.46540
rust,large_ttl_expiration,100000,84,4.2633,23455.81,0.04030,0.05530,0.07930,25.03490
rust,large_ttl_expiration,100000,85,4.5759,21853.50,0.04240,0.06240,0.08920,20.90150
rust,large_ttl_expiration,100000,86,4.3631,22919.42,0.04090,0.05860,0.08320,22.45020
rust,large_ttl_expiration,100000,87,4.3044,23232.13,0.04060,0.05660,0.08210,21.35410
rust,large_ttl_expiration,100000,88,4.3068,23219.13,0.04060,0.05680,0.08250,20.80850
rust,large_ttl_expiration,100000,89,4.2669,23436.10,0.04040,0.05560,0.07960,23.77080
rust,large_ttl_expiration,100000,90,4.9324,20274.16,0.04470,0.07610,0.10340,21.92770
rust,large_ttl_expiration,100000,91,4.6203,21643.81,0.04260,0.06480,0.09010,33.89570
rust,large_ttl_expiration,100000,92,4.2749,23392.49,0.04050,0.05520,0.07930,23.85540
rust,large_ttl_expiration,100000,93,4.3171,23163.94,0.04070,0.05630,0.08040,22.32960
rust,large_ttl_expiration,100000,94,4.2787,23371.33,0.04060,0.05550,0.07950,21.09470
rust,large_ttl_expiration,100000,95,4.3180,23158.67,0.04070,0.05660,0.08190,20.57390
rust,large_ttl_expiration,100000,96,4.2508,23524.74,0.04020,0.05520,0.08090,25.05410
rust,large_ttl_expiration,100000,97,4.2203,23695.11,0.03990,0.05470,0.07960,22.95310
rust,large_ttl_expiration,100000,98,4.3963,22746.52,0.04090,0.05990,0.08790,20.41110
rust,large_ttl_expiration,100000,99,4.2993,23259.77,0.04050,0.05650,0.08300,26.49080
rust,large_ttl_expiration,100000,100,4.3535,22969.81,0.04090,0.05780,0.08330,21.52880
python,large_write_heavy,100000,1,5.9121,16914.60,0.04130,0.11320,0.15440,90.30690
python,large_write_heavy,100000,2,5.8288,17156.16,0.04150,0.11160,0.15190,150.00680
python,large_write_heavy,100000,3,6.2258,16062.21,0.04090,0.11940,0.15880,71.36390
python,large_write_heavy,100000,4,5.7853,17285.14,0.04060,0.11410,0.15520,78.84170
python,large_write_heavy,100000,5,6.3103,15846.99,0.04130,0.12040,0.16080,139.78540
python,large_write_heavy,100000,6,6.4590,15482.21,0.04250,0.12120,0.16450,138.54620
python,large_write_heavy,100000,7,6.2547,15987.87,0.04150,0.12030,0.15970,72.44470
python,large_write_heavy,100000,8,6.2489,16002.74,0.04110,0.12020,0.15990,76.73740
python,large_write_heavy,100000,9,6.1842,16170.24,0.04150,0.11930,0.15840,74.54530
python,large_write_heavy,100000,10,6.2300,16051.27,0.04100,0.11980,0.16040,77.65390
python,large_write_heavy,100000,11,6.2530,15992.23,0.04110,0.12110,0.16200,75.76350
python,large_write_heavy,100000,12,5.6117,17819.78,0.04080,0.10890,0.14710,72.59880
python,large_write_heavy,100000,13,6.6143,15118.87,0.04380,0.12350,0.16190,139.91780
python,large_write_heavy,100000,14,6.4378,15533.16,0.04350,0.12290,0.16100,141.32910
python,large_write_heavy,100000,15,6.2289,16054.27,0.04260,0.11780,0.15500,72.12560
python,large_write_heavy,100000,16,6.2572,15981.47,0.04110,0.12170,0.16450,73.77530
python,large_write_heavy,100000,17,6.4091,15602.76,0.04220,0.13250,0.17490,75.15620
python,large_write_heavy,100000,18,6.2976,15879.17,0.04360,0.12010,0.16150,85.66710
python,large_write_heavy,100000,19,5.0318,19873.63,0.04710,0.06830,0.09680,73.89670
python,large_write_heavy,100000,20,5.1135,19555.96,0.04750,0.06620,0.09400,77.97610
python,large_write_heavy,100000,21,5.1862,19281.93,0.04800,0.06840,0.09660,73.81300
python,large_write_heavy,100000,22,5.0962,19622.66,0.04730,0.06610,0.09350,73.46470
python,large_write_heavy,100000,23,5.1997,19231.88,0.04800,0.06930,0.09750,74.70950
python,large_write_heavy,100000,24,5.0890,19650.14,0.04730,0.06610,0.09440,76.26250
python,large_write_heavy,100000,25,5.1786,19310.25,0.04800,0.06840,0.09600,74.11650
python,large_write_heavy,100000,26,5.0976,19617.04,0.04730,0.06660,0.09340,77.22340
python,large_write_heavy,100000,27,5.6804,17604.46,0.05010,0.08570,0.10930,116.99940
python,large_write_heavy,100000,28,5.4834,18236.80,0.04980,0.07530,0.09420,85.32250
python,large_write_heavy,100000,29,4.9774,20090.66,0.04680,0.06170,0.08470,62.85770
python,large_write_heavy,100000,30,4.8086,20795.87,0.04540,0.05820,0.08040,64.23160
python,large_write_heavy,100000,31,4.9595,20163.34,0.04660,0.06090,0.08380,69.94330
python,large_write_heavy,100000,32,4.8908,20446.60,0.04610,0.05950,0.08340,66.00900
python,large_write_heavy,100000,33,4.8599,20576.55,0.04590,0.05910,0.08200,64.50220
python,large_write_heavy,100000,34,4.9045,20389.24,0.04610,0.05960,0.08290,80.30320
python,large_write_heavy,100000,35,4.9652,20140.00,0.04660,0.06200,0.08440,64.28420
python,large_write_heavy,100000,36,4.9413,20237.64,0.04650,0.06120,0.08480,65.60430
python,large_write_heavy,100000,37,4.8815,20485.37,0.04610,0.05930,0.08270,69.81950
python,large_write_heavy,100000,38,5.3723,18613.99,0.05050,0.07100,0.09400,63.09950
python,large_write_heavy,100000,39,4.9061,20382.79,0.04610,0.06050,0.08410,69.48970
python,large_write_heavy,100000,40,4.8972,20419.82,0.04600,0.06120,0.08450,65.53390
python,large_write_heavy,100000,41,4.8416,20654.46,0.04570,0.05830,0.08120,70.79910
python,large_write_heavy,100000,42,4.9343,20266.45,0.04650,0.06120,0.08260,62.89310
python,large_write_heavy,100000,43,4.8300,20704.06,0.04560,0.05820,0.08070,69.73650
python,large_write_heavy,100000,44,4.9440,20226.49,0.04650,0.06070,0.08410,72.52880
python,large_write_heavy,100000,45,4.9124,20356.54,0.04620,0.06050,0.08330,73.97080
python,large_write_heavy,100000,46,4.9577,20170.46,0.04660,0.06160,0.08520,69.72730
python,large_write_heavy,100000,47,4.8675,20544.29,0.04590,0.05890,0.08270,72.06350
python,large_write_heavy,100000,48,4.8991,20412.07,0.04620,0.06030,0.08280,63.34620
python,large_write_heavy,100000,49,4.8646,20556.60,0.04590,0.05920,0.08270,70.98220
python,large_write_heavy,100000,50,4.9415,20236.81,0.04650,0.06090,0.08330,69.92100
python,large_write_heavy,100000,51,4.8590,20580.18,0.04590,0.05890,0.08170,71.44510
python,large_write_heavy,100000,52,4.9987,20005.05,0.04700,0.06210,0.08530,63.86650
python,large_write_heavy,100000,53,4.8788,20496.95,0.04590,0.05940,0.08260,76.98970
python,large_write_heavy,100000,54,5.0888,19650.91,0.04790,0.06340,0.08750,70.39100
python,large_write_heavy,100000,55,4.8422,20651.95,0.04580,0.05860,0.08170,64.08720
python,large_write_heavy,100000,56,5.0252,19899.64,0.04700,0.06350,0.08610,68.57120
python,large_write_heavy,100000,57,4.8858,20467.47,0.04620,0.05900,0.08100,69.46850
python,large_write_heavy,100000,58,4.8457,20636.77,0.04580,0.05850,0.08140,70.80470
python,large_write_heavy,100000,59,4.9471,20213.97,0.04660,0.06120,0.08360,62.96250
python,large_write_heavy,100000,60,4.8530,20605.98,0.04580,0.05900,0.08190,65.93730
python,large_write_heavy,100000,61,4.9290,20288.20,0.04640,0.06060,0.08290,69.75100
python,large_write_heavy,100000,62,4.8434,20646.73,0.04580,0.05890,0.08100,63.07290
python,large_write_heavy,100000,63,4.9539,20186.26,0.04670,0.06040,0.08240,69.97590
python,large_write_heavy,100000,64,4.9272,20295.33,0.04650,0.06030,0.08160,69.45500
python,large_write_heavy,100000,65,4.9265,20298.20,0.04640,0.06050,0.08370,65.13020
python,large_write_heavy,100000,66,4.8402,20660.31,0.04570,0.05830,0.08000,71.71770
python,large_write_heavy,100000,67,4.9231,20312.40,0.04640,0.06070,0.08340,64.11450
python,large_write_heavy,100000,68,4.8700,20534.03,0.04600,0.05930,0.08170,64.74470
python,large_write_heavy,100000,69,4.9455,20220.52,0.04650,0.06110,0.08330,68.49830
python,large_write_heavy,100000,70,4.8518,20610.98,0.04580,0.05870,0.08020,64.32080
python,large_write_heavy,100000,71,4.9451,20222.01,0.04650,0.06090,0.08250,67.92050
python,large_write_heavy,100000,72,4.8480,20627.22,0.04570,0.05890,0.08150,71.22920
python,large_write_heavy,100000,73,5.2314,19115.32,0.04790,0.06900,0.09200,79.60810
python,large_write_heavy,100000,74,4.8893,20452.66,0.04610,0.05960,0.08060,70.71800
python,large_write_heavy,100000,75,4.9492,20205.18,0.04670,0.06100,0.08190,64.71180
python,large_write_heavy,100000,76,4.9252,20303.73,0.04640,0.06010,0.08040,71.36440
python,large_write_heavy,100000,77,4.9774,20090.77,0.04690,0.06160,0.08270,70.14310
python,large_write_heavy,100000,78,4.8595,20578.13,0.04600,0.05900,0.07860,66.67330
python,large_write_heavy,100000,79,4.8889,20454.59,0.04620,0.05950,0.07990,71.41910
python,large_write_heavy,100000,80,4.9353,20262.30,0.04650,0.06050,0.08150,73.70730
python,large_write_heavy,100000,81,4.8724,20523.72,0.04600,0.05920,0.07980,70.47430
python,large_write_heavy,100000,82,4.9670,20132.89,0.04670,0.06170,0.08370,65.21960
python,large_write_heavy,100000,83,5.4869,18225.21,0.05030,0.07750,0.11030,69.06620
python,large_write_heavy,100000,84,5.2748,18957.90,0.04860,0.06940,0.09750,74.79940
python,large_write_heavy,100000,85,5.1340,19477.86,0.04780,0.06670,0.09050,76.91960
python,large_write_heavy,100000,86,5.3350,18744.01,0.04940,0.07070,0.09700,79.36350
python,large_write_heavy,100000,87,5.4609,18311.99,0.04980,0.07690,0.10530,77.20930
python,large_write_heavy,100000,88,7.2863,13724.44,0.06280,0.11900,0.15880,127.14170
python,large_write_heavy,100000,89,5.2069,19205.17,0.04810,0.06830,0.09670,83.95580
python,large_write_heavy,100000,90,5.1112,19564.88,0.04740,0.06710,0.09470,73.85040
python,large_write_heavy,100000,91,5.1762,19319.12,0.04790,0.06820,0.09650,73.23130
python,large_write_heavy,100000,92,5.1155,19548.42,0.04750,0.06670,0.09420,75.14980
python,large_write_heavy,100000,93,5.2030,19219.62,0.04810,0.06820,0.09680,78.55900
python,large_write_heavy,100000,94,5.1759,19320.43,0.04790,0.06780,0.09600,75.93610
python,large_write_heavy,100000,95,5.2050,19212.27,0.04810,0.06870,0.09750,76.17150
python,large_write_heavy,100000,96,5.1045,19590.49,0.04740,0.06600,0.09410,76.65230
python,large_write_heavy,100000,97,5.2484,19053.30,0.04850,0.06960,0.09700,75.01760
python,large_write_heavy,100000,98,5.2909,18900.32,0.04870,0.07140,0.09980,74.91000
python,large_write_heavy,100000,99,5.1872,19278.07,0.04810,0.06810,0.09640,74.68450
python,large_write_heavy,100000,100,5.1136,19555.80,0.04750,0.06650,0.09370,74.73380
java,large_write_heavy,100000,1,6.2078,16108.68,0.05480,0.09280,0.13190,111.65350
java,large_write_heavy,100000,2,6.0973,16400.59,0.05370,0.09070,0.13150,108.91030
java,large_write_heavy,100000,3,6.2201,16076.99,0.05380,0.09830,0.13780,110.09400
java,large_write_heavy,100000,4,6.2305,16050.01,0.05520,0.09280,0.13290,108.52720
java,large_write_heavy,100000,5,6.2300,16051.43,0.05510,0.09190,0.13130,110.95900
java,large_write_heavy,100000,6,6.2470,16007.78,0.05510,0.09360,0.13410,109.98770
java,large_write_heavy,100000,7,6.1023,16387.36,0.05380,0.09090,0.13060,109.97110
java,large_write_heavy,100000,8,6.2362,16035.46,0.05460,0.09490,0.13330,106.82770
java,large_write_heavy,100000,9,6.1885,16159.09,0.05470,0.09170,0.12920,109.06070
java,large_write_heavy,100000,10,6.1043,16382.01,0.05350,0.09180,0.13250,108.42490
java,large_write_heavy,100000,11,6.2555,15985.99,0.05430,0.09540,0.14050,126.74000
java,large_write_heavy,100000,12,6.6307,15081.27,0.05590,0.10860,0.15480,120.29710
java,large_write_heavy,100000,13,6.5342,15304.03,0.05400,0.11430,0.16400,141.32200
java,large_write_heavy,100000,14,6.2980,15877.95,0.05560,0.09380,0.13380,110.54570
java,large_write_heavy,100000,15,6.0897,16421.17,0.05380,0.09120,0.13060,108.71470
java,large_write_heavy,100000,16,6.2391,16028.00,0.05480,0.09360,0.13460,108.71580
java,large_write_heavy,100000,17,6.1467,16269.01,0.05410,0.09180,0.13030,112.82240
java,large_write_heavy,100000,18,6.2818,15919.02,0.05500,0.09750,0.13810,107.46990
java,large_write_heavy,100000,19,6.1933,16146.60,0.05460,0.09300,0.13260,109.00570
java,large_write_heavy,100000,20,6.1086,16370.35,0.05390,0.09170,0.13000,109.64790
java,large_write_heavy,100000,21,6.1860,16165.47,0.05460,0.09180,0.13090,107.76160
java,large_write_heavy,100000,22,6.1354,16298.85,0.05390,0.09170,0.13010,111.27620
java,large_write_heavy,100000,23,6.1365,16295.89,0.05390,0.09130,0.13090,108.97340
java,large_write_heavy,100000,24,6.7543,14805.48,0.06010,0.10140,0.14120,112.37820
java,large_write_heavy,100000,25,6.1610,16231.06,0.05450,0.09080,0.13020,110.95820
java,large_write_heavy,100000,26,6.1805,16179.81,0.05490,0.09100,0.13050,109.64380
java,large_write_heavy,100000,27,6.1235,16330.62,0.05430,0.09000,0.13020,112.11480
java,large_write_heavy,100000,28,6.2314,16047.83,0.05400,0.09810,0.13820,110.97910
java,large_write_heavy,100000,29,6.2139,16092.87,0.05480,0.09320,0.13330,107.32880
java,large_write_heavy,100000,30,6.0959,16404.35,0.05380,0.08960,0.12950,107.67090
java,large_write_heavy,100000,31,6.2284,16055.59,0.05500,0.09210,0.13090,109.58420
java,large_write_heavy,100000,32,6.0929,16412.52,0.05380,0.09070,0.12910,109.70400
java,large_write_heavy,100000,33,6.3861,15658.97,0.05680,0.09510,0.12850,104.38180
java,large_write_heavy,100000,34,6.1756,16192.76,0.05410,0.08930,0.13790,119.56640
java,large_write_heavy,100000,35,5.9411,16831.87,0.05330,0.08400,0.11980,100.15900
java,large_write_heavy,100000,36,6.1350,16299.87,0.05480,0.08860,0.12200,98.12720
java,large_write_heavy,100000,37,7.0267,14231.40,0.06020,0.11680,0.16640,155.81360
java,large_write_heavy,100000,38,6.2057,16114.11,0.05310,0.10240,0.14560,125.29270
java,large_write_heavy,100000,39,5.8665,17045.92,0.05300,0.08250,0.11370,101.14740
java,large_write_heavy,100000,40,5.8618,17059.59,0.05230,0.08650,0.11720,101.12840
java,large_write_heavy,100000,41,5.9084,16925.14,0.05290,0.08420,0.12010,102.80900
java,large_write_heavy,100000,42,5.8469,17103.21,0.05230,0.08370,0.11600,103.10400
java,large_write_heavy,100000,43,5.9466,16816.20,0.05330,0.08570,0.11950,104.66490
java,large_write_heavy,100000,44,5.8579,17071.10,0.05230,0.08490,0.11980,101.82460
java,large_write_heavy,100000,45,6.0046,16653.80,0.05280,0.09290,0.12400,94.41840
java,large_write_heavy,100000,46,5.9458,16818.46,0.05310,0.08680,0.12100,108.07200
java,large_write_heavy,100000,47,5.8547,17080.18,0.05260,0.08360,0.11490,104.19260
java,large_write_heavy,100000,48,6.0072,16646.65,0.05370,0.08680,0.12060,103.35680
java,large_write_heavy,100000,49,5.8961,16960.28,0.05250,0.08800,0.12040,93.75840
java,large_write_heavy,100000,50,5.9189,16894.98,0.05320,0.08450,0.11930,101.73590
java,large_write_heavy,100000,51,5.8144,17198.73,0.05230,0.08400,0.11660,91.45920
java,large_write_heavy,100000,52,5.8566,17074.74,0.05230,0.08440,0.12040,101.93240
java,large_write_heavy,100000,53,6.3637,15714.17,0.05380,0.10830,0.14180,104.63800
java,large_write_heavy,100000,54,5.8186,17186.17,0.05210,0.08440,0.11570,93.87800
java,large_write_heavy,100000,55,5.9608,16776.26,0.05350,0.08570,0.11970,101.37600
java,large_write_heavy,100000,56,5.9121,16914.52,0.05310,0.08440,0.11530,93.37640
java,large_write_heavy,100000,57,6.2106,16101.40,0.05600,0.08980,0.12250,102.98940
java,large_write_heavy,100000,58,5.9659,16761.96,0.05320,0.08660,0.12150,106.21300
java,large_write_heavy,100000,59,5.9154,16905.05,0.05290,0.08590,0.11470,99.05320
java,large_write_heavy,100000,60,5.9157,16904.11,0.05290,0.08540,0.12110,103.21830
java,large_write_heavy,100000,61,5.8053,17225.58,0.05220,0.08270,0.11560,94.33880
java,large_write_heavy,100000,62,6.0605,16500.31,0.05440,0.08740,0.12120,102.37780
java,large_write_heavy,100000,63,5.9921,16688.69,0.05340,0.08780,0.12010,101.92940
java,large_write_heavy,100000,64,6.3607,15721.60,0.05380,0.10800,0.14440,114.18560
java,large_write_heavy,100000,65,5.9230,16883.25,0.05310,0.08540,0.11790,96.81050
java,large_write_heavy,100000,66,5.8849,16992.59,0.05270,0.08460,0.11820,105.81320
java,large_write_heavy,100000,67,5.9765,16732.09,0.05380,0.08510,0.11900,100.65780
java,large_write_heavy,100000,68,5.8150,17197.04,0.05210,0.08280,0.11790,106.67190
java,large_write_heavy,100000,69,5.9203,16890.95,0.05330,0.08440,0.11690,104.09940
java,large_write_heavy,100000,70,5.8618,17059.66,0.05250,0.08580,0.11540,93.90860
java,large_write_heavy,100000,71,5.9300,16863.54,0.05190,0.09290,0.12630,104.23930
java,large_write_heavy,100000,72,6.0024,16660.12,0.05350,0.08890,0.11850,93.69260
java,large_write_heavy,100000,73,5.8218,17176.71,0.05220,0.08210,0.11420,103.63910
java,large_write_heavy,100000,74,5.9312,16859.90,0.05390,0.08110,0.11230,102.21210
java,large_write_heavy,100000,75,5.8425,17116.09,0.05230,0.08450,0.11810,103.28390
java,large_write_heavy,100000,76,6.0023,16660.27,0.05360,0.08790,0.12240,104.10560
java,large_write_heavy,100000,77,5.9003,16948.17,0.05320,0.08240,0.11430,100.93420
java,large_write_heavy,100000,78,5.9276,16870.35,0.05220,0.09050,0.12800,96.52710
java,large_write_heavy,100000,79,5.9347,16849.99,0.05320,0.08580,0.11820,107.19820
java,large_write_heavy,100000,80,5.8469,17102.95,0.05250,0.08390,0.11490,106.83030
java,large_write_heavy,100000,81,5.9175,16898.94,0.05300,0.08480,0.11870,103.06400
java,large_write_heavy,100000,82,5.8635,17054.80,0.05250,0.08390,0.11530,98.30700
java,large_write_heavy,100000,83,5.9431,16826.22,0.05350,0.08350,0.11660,112.78050
java,large_write_heavy,100000,84,5.8690,17038.80,0.05250,0.08450,0.11470,107.14520
java,large_write_heavy,100000,85,6.0768,16455.94,0.05380,0.09210,0.12420,100.99030
java,large_write_heavy,100000,86,6.1065,16376.08,0.05410,0.09010,0.12290,111.73110
java,large_write_heavy,100000,87,7.0577,14168.86,0.06380,0.10430,0.13950,101.11540
java,large_write_heavy,100000,88,5.9322,16857.10,0.05290,0.08610,0.12240,102.44840
java,large_write_heavy,100000,89,5.7977,17248.16,0.05190,0.08290,0.11730,102.09490
java,large_write_heavy,100000,90,5.9008,16946.79,0.05240,0.08670,0.11950,94.97450
java,large_write_heavy,100000,91,5.9129,16912.23,0.05260,0.08650,0.12120,104.11090
java,large_write_heavy,100000,92,6.0245,16598.99,0.05390,0.08700,0.11640,104.48400
java,large_write_heavy,100000,93,5.9311,16860.19,0.05350,0.08350,0.11650,103.60410
java,large_write_heavy,100000,94,5.8850,16992.39,0.05260,0.08530,0.11800,96.78100
java,large_write_heavy,100000,95,5.9652,16763.87,0.05360,0.08590,0.11930,100.34600
java,large_write_heavy,100000,96,5.8042,17229.05,0.05200,0.08320,0.11700,102.01810
java,large_write_heavy,100000,97,6.0103,16638.11,0.05360,0.08650,0.11800,95.44360
java,large_write_heavy,100000,98,5.9077,16926.92,0.05300,0.08500,0.11240,92.49950
java,large_write_heavy,100000,99,5.8955,16962.16,0.05260,0.08590,0.11850,110.26970
java,large_write_heavy,100000,100,6.3002,15872.40,0.05580,0.09050,0.12130,94.40140
rust,large_write_heavy,100000,1,4.1237,24250.03,0.03940,0.05100,0.07050,17.35280
rust,large_write_heavy,100000,2,4.1052,24359.28,0.03910,0.05100,0.07100,17.40440
rust,large_write_heavy,100000,3,4.1989,23815.70,0.03990,0.05250,0.07330,22.12990
rust,large_write_heavy,100000,4,4.0851,24479.19,0.03890,0.05040,0.06990,22.67490
rust,large_write_heavy,100000,5,4.1619,24027.24,0.03970,0.05210,0.07230,17.60460
rust,large_write_heavy,100000,6,4.0992,24395.00,0.03910,0.05080,0.07110,17.46300
rust,large_write_heavy,100000,7,4.1790,23929.23,0.03960,0.05300,0.07360,18.05360
rust,large_write_heavy,100000,8,4.1475,24111.14,0.03940,0.05180,0.07150,22.14610
rust,large_write_heavy,100000,9,4.1313,24205.19,0.03940,0.05140,0.07170,19.01560
rust,large_write_heavy,100000,10,4.2680,23430.27,0.04040,0.05480,0.07630,18.56590
rust,large_write_heavy,100000,11,4.4305,22570.80,0.04150,0.05950,0.08030,18.79750
rust,large_write_heavy,100000,12,4.2061,23775.27,0.04010,0.05260,0.07300,23.13270
rust,large_write_heavy,100000,13,4.1141,24306.59,0.03910,0.05110,0.07090,22.30920
rust,large_write_heavy,100000,14,4.1273,24228.83,0.03920,0.05160,0.07180,20.69380
rust,large_write_heavy,100000,15,4.1865,23886.02,0.04000,0.05220,0.07170,18.57790
rust,large_write_heavy,100000,16,4.1009,24384.65,0.03920,0.05050,0.06870,18.16240
rust,large_write_heavy,100000,17,4.6021,21729.31,0.04110,0.06880,0.10110,18.97300
rust,large_write_heavy,100000,18,4.7255,21161.79,0.04520,0.06160,0.08930,22.49440
rust,large_write_heavy,100000,19,4.3066,23220.16,0.04050,0.05670,0.08370,22.83600
rust,large_write_heavy,100000,20,4.3778,22842.46,0.04100,0.05820,0.08670,26.31230
rust,large_write_heavy,100000,21,4.3436,23022.18,0.04080,0.05730,0.08530,23.64390
rust,large_write_heavy,100000,22,4.3636,22916.82,0.04090,0.05810,0.08590,22.85080
rust,large_write_heavy,100000,23,4.3296,23097.06,0.04070,0.05700,0.08500,22.52360
rust,large_write_heavy,100000,24,4.3908,22774.71,0.04120,0.05870,0.08560,21.72220
rust,large_write_heavy,100000,25,4.3125,23188.44,0.04060,0.05670,0.08400,23.54750
rust,large_write_heavy,100000,26,4.3455,23012.55,0.04080,0.05740,0.08530,24.21130
rust,large_write_heavy,100000,27,4.4058,22697.26,0.04110,0.05880,0.08580,23.15420
rust,large_write_heavy,100000,28,4.3062,23222.55,0.04060,0.05660,0.08370,22.52010
rust,large_write_heavy,100000,29,4.3860,22799.76,0.04100,0.05840,0.08630,22.98400
rust,large_write_heavy,100000,30,4.3120,23191.03,0.04060,0.05660,0.08300,24.38860
rust,large_write_heavy,100000,31,4.4221,22613.64,0.04140,0.05910,0.08680,27.78790
rust,large_write_heavy,100000,32,4.3452,23013.68,0.04080,0.05730,0.08470,22.10680
rust,large_write_heavy,100000,33,4.3098,23203.09,0.04060,0.05660,0.08440,22.71090
rust,large_write_heavy,100000,34,4.3998,22728.26,0.04120,0.05870,0.08620,21.40630
rust,large_write_heavy,100000,35,4.2941,23288.02,0.04050,0.05620,0.08380,22.56150
rust,large_write_heavy,100000,36,4.4176,22636.74,0.04130,0.05890,0.08660,23.47080
rust,large_write_heavy,100000,37,4.3714,22875.90,0.04100,0.05810,0.08580,21.90050
rust,large_write_heavy,100000,38,4.3590,22941.26,0.04090,0.05790,0.08580,21.97450
rust,large_write_heavy,100000,39,4.3306,23091.28,0.04070,0.05700,0.08390,22.80920
rust,large_write_heavy,100000,40,4.3082,23211.76,0.04060,0.05660,0.08370,21.36730
rust,large_write_heavy,100000,41,4.4064,22694.39,0.04130,0.05890,0.08590,24.30670
rust,large_write_heavy,100000,42,4.3236,23128.65,0.04050,0.05680,0.08480,23.59980
rust,large_write_heavy,100000,43,4.4405,22520.19,0.04160,0.05940,0.08640,21.80510
rust,large_write_heavy,100000,44,4.3375,23054.95,0.04080,0.05730,0.08490,20.98410
rust,large_write_heavy,100000,45,4.3329,23079.29,0.04060,0.05730,0.08370,23.27720
rust,large_write_heavy,100000,46,4.4015,22719.38,0.04120,0.05860,0.08610,27.87830
rust,large_write_heavy,100000,47,4.3229,23132.75,0.04060,0.05710,0.08450,20.73950
rust,large_write_heavy,100000,48,4.4564,22439.52,0.04160,0.06000,0.08700,22.25530
rust,large_write_heavy,100000,49,4.3471,23003.82,0.04070,0.05730,0.08480,23.92350
rust,large_write_heavy,100000,50,4.5012,22216.24,0.04160,0.06140,0.09000,23.89900
rust,large_write_heavy,100000,51,4.7838,20903.98,0.04300,0.07130,0.09700,25.08490
rust,large_write_heavy,100000,52,4.3551,22961.54,0.04090,0.05790,0.08540,24.33550
rust,large_write_heavy,100000,53,4.3836,22812.41,0.04100,0.05830,0.08550,27.30180
rust,large_write_heavy,100000,54,4.3260,23116.28,0.04070,0.05700,0.08350,23.95550
rust,large_write_heavy,100000,55,4.5320,22065.10,0.04220,0.06150,0.08910,23.03820
rust,large_write_heavy,100000,56,4.3150,23175.05,0.04050,0.05660,0.08440,25.71500
rust,large_write_heavy,100000,57,4.4097,22677.11,0.04130,0.05860,0.08600,23.42660
rust,large_write_heavy,100000,58,4.3109,23197.17,0.04050,0.05660,0.08360,24.12130
rust,large_write_heavy,100000,59,4.3019,23245.61,0.04050,0.05640,0.08400,22.98180
rust,large_write_heavy,100000,60,4.3910,22773.81,0.04110,0.05850,0.08620,22.48030
rust,large_write_heavy,100000,61,4.3107,23197.94,0.04050,0.05680,0.08390,26.22230
rust,large_write_heavy,100000,62,4.4413,22516.12,0.04180,0.05900,0.08340,23.52040
rust,large_write_heavy,100000,63,4.3586,22943.40,0.04130,0.05700,0.08110,24.35320
rust,large_write_heavy,100000,64,4.4846,22298.64,0.04200,0.05990,0.08490,24.93580
rust,large_write_heavy,100000,65,4.3540,22967.48,0.04120,0.05710,0.08180,22.39090
rust,large_write_heavy,100000,66,4.3364,23060.52,0.04110,0.05690,0.08150,22.25490
rust,large_write_heavy,100000,67,4.4304,22571.47,0.04170,0.05880,0.08340,24.07600
rust,large_write_heavy,100000,68,4.3809,22826.27,0.04140,0.05760,0.08270,21.80780
rust,large_write_heavy,100000,69,4.4422,22511.33,0.04170,0.05910,0.08410,24.10530
rust,large_write_heavy,100000,70,4.3467,23006.12,0.04110,0.05720,0.08100,22.91340
rust,large_write_heavy,100000,71,4.4442,22501.00,0.04180,0.05920,0.08500,22.92070
rust,large_write_heavy,100000,72,4.9411,20238.42,0.04390,0.07680,0.10780,24.17530
rust,large_write_heavy,100000,73,4.4219,22614.58,0.04170,0.05840,0.08410,21.98190
rust,large_write_heavy,100000,74,4.4550,22446.52,0.04170,0.05970,0.08460,26.30420
rust,large_write_heavy,100000,75,4.4661,22391.02,0.04190,0.05970,0.08480,22.44320
rust,large_write_heavy,100000,76,4.5123,22161.67,0.04230,0.06040,0.08620,24.02140
rust,large_write_heavy,100000,77,4.4247,22600.55,0.04170,0.05820,0.08350,22.02590
rust,large_write_heavy,100000,78,4.4218,22615.07,0.04140,0.05900,0.08580,23.84900
rust,large_write_heavy,100000,79,4.3193,23151.81,0.04060,0.05700,0.08400,24.17270
rust,large_write_heavy,100000,80,4.3966,22744.74,0.04120,0.05860,0.08590,24.83000
rust,large_write_heavy,100000,81,4.3150,23174.90,0.04060,0.05660,0.08440,24.82550
rust,large_write_heavy,100000,82,4.3241,23126.35,0.04060,0.05690,0.08480,22.58640
rust,large_write_heavy,100000,83,4.3934,22761.35,0.04110,0.05890,0.08570,22.27590
rust,large_write_heavy,100000,84,4.2633,23455.74,0.04030,0.05490,0.07790,22.53340
rust,large_write_heavy,100000,85,4.8097,20791.40,0.04360,0.06950,0.08790,19.51400
rust,large_write_heavy,100000,86,4.1523,24082.83,0.03960,0.05130,0.07190,23.28400
rust,large_write_heavy,100000,87,4.1155,24298.30,0.03910,0.05110,0.07120,20.74030
rust,large_write_heavy,100000,88,4.2347,23614.55,0.04020,0.05340,0.07470,21.22870
rust,large_write_heavy,100000,89,4.1383,24164.39,0.03940,0.05170,0.07160,18.17860
rust,large_write_heavy,100000,90,4.1161,24294.57,0.03920,0.05100,0.07120,18.24610
rust,large_write_heavy,100000,91,4.1484,24105.56,0.03950,0.05180,0.07260,18.09850
rust,large_write_heavy,100000,92,4.1980,23820.72,0.04000,0.05300,0.07400,17.93600
rust,large_write_heavy,100000,93,4.1592,24042.85,0.03970,0.05220,0.07290,19.14650
rust,large_write_heavy,100000,94,4.1470,24113.88,0.03950,0.05190,0.07250,17.18880
rust,large_write_heavy,100000,95,4.2163,23717.22,0.04010,0.05390,0.07490,19.62260
rust,large_write_heavy,100000,96,4.5250,22099.28,0.04080,0.06660,0.09000,18.31040
rust,large_write_heavy,100000,97,4.1964,23830.21,0.04020,0.05260,0.07110,18.33640
rust,large_write_heavy,100000,98,4.1250,24242.53,0.03950,0.05090,0.06890,21.03690
rust,large_write_heavy,100000,99,4.1204,24269.35,0.03950,0.05060,0.06840,22.29800
rust,large_write_heavy,100000,100,4.1713,23973.35,0.03980,0.05200,0.07170,20.62930
